gid,role,role_score,cluster_id,priority_score,evidence,role_detail,secondary_roles,depth,is_seed
100000000343175100,distributor,0.8229166666666667,2,0.6755826074007892,pays 31 recipients 4.00M; from 8 payers (1 seed); seed money in 75k; flags near_threshold,distributor,,0,True
100000000456947100,peripheral,0.5,0,0.06511941794646896,seed with 0 outgoing transfers in data; 0 payers,seed_no_outgoing,,0,True
100000000580561100,peripheral,0.6,33,0.3642442583684269,2 payers / 3 recipients; 1.49M out; no role rule met; seed money in 18k; flags near_threshold,weak_signal,,0,True
100000001415126100,peripheral,0.4,20,0.3152937507150368,seed with 0 outgoing transfers in data; 1 payer; seed money in 4k,seed_no_outgoing,,0,True
100000001429930100,peripheral,0.4,8,0.25729405579738174,seed with 0 outgoing transfers in data; 1 payer; seed money in 355,seed_no_outgoing,,0,True
100000001616816100,peripheral,0.5,5,0.5508813338635955,5 payers / 3 recipients; 181k out; no role rule met; seed money in 83k; flags near_threshold,weak_signal,,0,True
100000001732159100,coordinator,0.75,4,0.8355267028770355,pays 2 seeds back; on cycles with 2 seeds; downstream of 9 seeds; betweenness top 16%; seed money in 2.38M; flags repeat_amount,coordinator,,0,True
100000002527114100,distributor,1.0,9,0.5573064497676471,pays 111 recipients 3.29M; from 3 payers; seed money in 41k,distributor,,0,True
100000002916006100,peripheral,0.7833333333333333,20,0.08557173884224882,0 payers / 1 recipient; 32k out; no role rule met,weak_signal,,0,True
100000003016635100,distributor,1.0,2,0.6264198586814995,"pays 73 recipients 9.41M; from 8 payers; seed money in 117k; flags repeat_amount,near_threshold",distributor,,0,True
100000003200071100,peripheral,0.7833333333333333,43,0.08557173884224882,0 payers / 1 recipient; 30k out; no role rule met,weak_signal,,0,True
100000003265658100,peripheral,0.5,0,0.06511941794646896,seed with 0 outgoing transfers in data; 0 payers,seed_no_outgoing,,0,True
100000003349739100,peripheral,0.5,0,0.06511941794646896,seed with 0 outgoing transfers in data; 0 payers,seed_no_outgoing,,0,True
100000003684369100,peripheral,0.06944444444444442,8,0.5193345936139728,24 payers / 62 recipients; 8.59M out; no role rule met; seed money in 502k; flags repeat_amount,weak_signal,,0,True
100000003770083100,peripheral,0.5,0,0.06511941794646896,seed with 0 outgoing transfers in data; 0 payers,seed_no_outgoing,,0,True
100000003975102100,coordinator,0.75,2,0.6245675730154666,pays 2 seeds back; downstream of 7 seeds; betweenness top 22%; seed money in 26k,coordinator,,0,True
100000003977183100,peripheral,0.4666666666666667,5,0.432778828011644,2 payers / 4 recipients; 766k out; no role rule met; seed money in 76k,weak_signal,,0,True
100000004007116100,peripheral,0.5777777777777777,22,0.3383508483286754,3 payers / 4 recipients; 148k out; no role rule met; seed money in 10k,weak_signal,,0,True
100000004019124100,peripheral,0.19999999999999996,2,0.3935914093896356,seed with 0 outgoing transfers in data; 3 payers; seed money in 157k,seed_no_outgoing,,0,True
100000004021459100,peripheral,0.5,0,0.06511941794646896,seed with 0 outgoing transfers in data; 0 payers,seed_no_outgoing,,0,True
100000004041163100,coordinator,0.75,20,0.8089880799969491,pays 2 seeds back; on cycles with 1 seed; downstream of 14 seeds; betweenness top 14%; seed money in 50k,coordinator,,0,True
100000004174835100,peripheral,0.5,0,0.06511941794646896,seed with 0 outgoing transfers in data; 0 payers,seed_no_outgoing,,0,True
100000004193835100,peripheral,0.7833333333333333,2,0.5127551205710852,1 payer / 1 recipient; 5k out; no role rule met; seed money in 47k,weak_signal,,0,True
100000004269433100,peripheral,0.7833333333333333,2,0.08557173884224882,0 payers / 1 recipient; 1.37M out; no role rule met; flags repeat_amount,weak_signal,,0,True
100000004358004100,distributor,0.775,18,0.20867155706401827,pays 11 recipients 981k; from 0 payers,distributor,,0,True
100000004388983100,peripheral,0.5666666666666667,42,0.06965365889977863,0 payers / 2 recipients; 451k out; no role rule met; flags repeat_amount,weak_signal,,0,True
100000004714705100,peripheral,0.7833333333333333,20,0.08557173884224882,0 payers / 1 recipient; 37k out; no role rule met,weak_signal,,0,True
100000004723755100,peripheral,0.7833333333333333,1,0.08557173884224882,0 payers / 1 recipient; 95k out; no role rule met,weak_signal,,0,True
100000004813068100,peripheral,0.35,12,0.022574731554775903,0 payers / 3 recipients; 297k out; no role rule met,weak_signal,,0,True
100000004971871100,peripheral,0.7833333333333333,40,0.2321338421671016,1 payer / 1 recipient; 6k out; no role rule met; seed money in 3k,weak_signal,,0,True
100000005017150100,peripheral,0.5,0,0.06511941794646896,seed with 0 outgoing transfers in data; 0 payers,seed_no_outgoing,,0,True
100000005087431100,peripheral,0.5,0,0.06511941794646896,seed with 0 outgoing transfers in data; 0 payers,seed_no_outgoing,,0,True
100000005235389100,peripheral,0.5,0,0.06511941794646896,seed with 0 outgoing transfers in data; 0 payers,seed_no_outgoing,,0,True
100000005264990100,peripheral,0.5666666666666667,20,0.43611680113897416,1 payer / 2 recipients; 122k out; no role rule met; seed money in 3k,weak_signal,,0,True
100000005370580100,peripheral,0.4,8,0.25497869871484063,seed with 0 outgoing transfers in data; 1 payer; seed money in 329,seed_no_outgoing,,0,True
100000005382566100,consolidator,0.7427498927498928,20,0.7936025321834635,7 payers (6 seeds); to 1 recipient; up to 2 payers same day; seed money in 341k,consolidator,,0,True
100000005386383100,peripheral,0.8,20,0.4102040964568681,2 payers / 1 recipient; 29k out; no role rule met; seed money in 536,weak_signal,,0,True
100000005392290100,peripheral,0.7833333333333333,44,0.08557173884224882,0 payers / 1 recipient; 81k out; no role rule met,weak_signal,,0,True
100000005395727100,peripheral,0.4,2,0.2534737166111889,seed with 0 outgoing transfers in data; 1 payer; seed money in 317,seed_no_outgoing,,0,True
100000005409680100,peripheral,0.30000000000000004,11,0.30753730448852395,seed with 0 outgoing transfers in data; 2 payers; seed money in 8k,seed_no_outgoing,,0,True
100000005417257100,peripheral,0.5666666666666667,20,0.06965365889977863,0 payers / 2 recipients; 106k out; no role rule met,weak_signal,,0,True
100000005454368100,peripheral,0.30000000000000004,8,0.25949364502579586,seed with 0 outgoing transfers in data; 2 payers; seed money in 2k,seed_no_outgoing,,0,True
100000005480435100,peripheral,0.5,0,0.06511941794646896,seed with 0 outgoing transfers in data; 0 payers,seed_no_outgoing,,0,True
100000005485830100,peripheral,0.25,35,0.018619329872101492,0 payers / 5 recipients; 276k out; no role rule met,weak_signal,,0,True
100000005493505100,peripheral,0.19999999999999996,8,0.34740003559294025,seed with 0 outgoing transfers in data; 3 payers; seed money in 23k,seed_no_outgoing,,0,True
100000005495722100,peripheral,0.5,0,0.06511941794646896,seed with 0 outgoing transfers in data; 0 payers,seed_no_outgoing,,0,True
100000005498992100,distributor,0.9,5,0.21195164626428487,pays 16 recipients 2.26M; from 0 payers,distributor,,0,True
100000005519347100,peripheral,0.8,2,0.542526753724093,2 payers / 1 recipient; 99k out; no role rule met; seed money in 73k,weak_signal,,0,True
100000005523088100,peripheral,0.4,20,0.44877408652353223,seed with 0 outgoing transfers in data; 1 payer; seed money in 700k,seed_no_outgoing,,0,True
100000005543136100,peripheral,0.7833333333333333,8,0.08557173884224882,0 payers / 1 recipient; 10k out; no role rule met,weak_signal,,0,True
100000005550592100,peripheral,0.5,0,0.06511941794646896,seed with 0 outgoing transfers in data; 0 payers,seed_no_outgoing,,0,True
100000005560900100,peripheral,0.5,0,0.06511941794646896,seed with 0 outgoing transfers in data; 0 payers,seed_no_outgoing,,0,True
100000005568407100,peripheral,0.5,0,0.06511941794646896,seed with 0 outgoing transfers in data; 0 payers,seed_no_outgoing,,0,True
100000005668605100,peripheral,0.19999999999999996,20,0.3754158562916877,seed with 0 outgoing transfers in data; 3 payers; seed money in 64k,seed_no_outgoing,,0,True
100000005744674100,peripheral,0.7833333333333333,20,0.08557173884224882,0 payers / 1 recipient; 50k out; no role rule met,weak_signal,,0,True
100000006232815100,peripheral,0.25,25,0.3479788748635756,1 payer / 5 recipients; 296k out; no role rule met; seed money in 56k; flags round_amounts,weak_signal,,0,True
100000006249740100,peripheral,0.35,38,0.022574731554775903,0 payers / 3 recipients; 93k out; no role rule met,weak_signal,,0,True
100000006831291100,peripheral,0.7833333333333333,38,0.08557173884224882,0 payers / 1 recipient; 15k out; no role rule met; flags near_threshold,weak_signal,,0,True
100000006866783100,distributor,0.9294871794871795,1,0.6140712875746135,pays 67 recipients 3.95M; from 13 payers; seed money in 75k; flags repeat_amount,distributor,,0,True
100000007018630100,peripheral,0.7833333333333333,41,0.08557173884224882,0 payers / 1 recipient; 200k out; no role rule met; flags burst,weak_signal,,0,True
100000007747786100,distributor,1.0,5,0.2161964675822769,pays 31 recipients 4.24M; from 0 payers,distributor,,0,True
100000007982728100,peripheral,0.09999999999999998,5,0.012059151471568323,0 payers / 8 recipients; 1.80M out; no role rule met,weak_signal,,0,True
100000008117324100,peripheral,0.5,0,0.06511941794646896,seed with 0 outgoing transfers in data; 0 payers,seed_no_outgoing,,0,True
100000008205000100,peripheral,0.5,0,0.06511941794646896,seed with 0 outgoing transfers in data; 0 payers,seed_no_outgoing,,0,True
100000008314203100,coordinator,0.75,4,0.5915737345892557,pays 2 seeds back; on cycles with 2 seeds; downstream of 9 seeds; betweenness 0; seed money in 382k; flags repeat_amount,coordinator,,0,True
100000008418835100,peripheral,0.30000000000000004,2,0.44205955098416305,1 payer / 4 recipients; 186k out; no role rule met; seed money in 1.37M; flags near_threshold,weak_signal,,0,True
100000008513251100,peripheral,0.5,0,0.06511941794646896,seed with 0 outgoing transfers in data; 0 payers,seed_no_outgoing,,0,True
100000008516839100,peripheral,0.19999999999999996,20,0.38571919530899573,seed with 0 outgoing transfers in data; 3 payers; seed money in 102k,seed_no_outgoing,,0,True
100000008522127100,peripheral,0.7833333333333333,3,0.08557173884224882,0 payers / 1 recipient; 145k out; no role rule met,weak_signal,,0,True
100000008571433100,peripheral,0.7333333333333334,37,0.4298846316584676,2 payers / 2 recipients; 1.43M out; no role rule met; seed money in 350k; flags round_amounts,weak_signal,,0,True
100000008575624100,peripheral,0.35,36,0.022574731554775903,0 payers / 3 recipients; 90k out; no role rule met,weak_signal,,0,True
100000008601794100,peripheral,0.8,39,0.4419244884876814,2 payers / 1 recipient; 871k out; no role rule met; seed money in 494k,weak_signal,,0,True
100000008637537100,coordinator,0.75,4,0.8444107280027457,pays 2 seeds back; on cycles with 2 seeds; downstream of 9 seeds; betweenness top 8%; seed money in 615k; flags repeat_amount,coordinator,,0,True
100000008650785100,peripheral,0.7333333333333334,2,0.5407902359121871,2 payers / 2 recipients; 120k out; no role rule met; seed money in 92k,weak_signal,,0,True
100000008654653100,peripheral,0.7833333333333333,2,0.08557173884224882,0 payers / 1 recipient; 54k out; no role rule met,weak_signal,,0,True
100000008659445100,peripheral,0.5777777777777777,32,0.4085061679296713,3 payers / 4 recipients; 875k out; no role rule met; seed money in 100k,weak_signal,,0,True
100000008669037100,peripheral,0.5,0,0.06511941794646896,seed with 0 outgoing transfers in data; 0 payers,seed_no_outgoing,,0,True
100000008673001100,peripheral,0.4,20,0.33109606280337994,seed with 0 outgoing transfers in data; 1 payer; seed money in 80k,seed_no_outgoing,,0,True
100000008680731100,distributor,1.0,12,0.2161964675822769,pays 27 recipients 1.46M; from 0 payers,distributor,,0,True
100000008701222100,peripheral,0.5,0,0.06511941794646896,seed with 0 outgoing transfers in data; 0 payers,seed_no_outgoing,,0,True
100000008738325100,peripheral,0.7833333333333333,20,0.4303284084326214,1 payer / 1 recipient; 54k out; no role rule met; seed money in 37k,weak_signal,,0,True
100000003134937100,terminal,0.9,2,0.5648109306645892,1 payer (1 seed) → 10k in; no outgoing transfers although depth 1 was crawled; seed money in 10k,terminal_observed,,1,False
100000005074393100,peripheral,0.02191017821557084,8,0.6034002153736079,4 payers / 6 recipients; 686k out; no role rule met; seed money in 209k,weak_signal,,1,False
100000001924185100,terminal,0.9,2,0.6784677239222694,2 payers (2 seeds) → 151k in; no outgoing transfers although depth 1 was crawled; seed money in 151k,terminal_observed,,1,False
100000004070318100,coordinator,0.875,4,0.9192948239511434,pays 3 seeds back; on cycles with 1 seed; downstream of 7 seeds; betweenness top 1%; seed money in 65k; flags near_threshold,coordinator,distributor;transit,1,False
100000005807278100,terminal,0.9,35,0.4759420779376434,1 payer (1 seed) → 8k in; no outgoing transfers although depth 1 was crawled; seed money in 8k,terminal_observed,,1,False
100000003377795100,terminal,0.9,5,0.4702217839690124,1 payer (1 seed) → 7k in; no outgoing transfers although depth 1 was crawled; seed money in 7k,terminal_observed,,1,False
100000004330371100,peripheral,0.5540767154608189,2,0.6389023573059049,2 payers / 2 recipients; 91k out; no role rule met; seed money in 168k; flags near_threshold,weak_signal,,1,False
100000008165763100,transit,0.7811766875533424,4,0.9516889394938176,"1.17M in from 15, 1.27M out to 17 (109%); 54% forwarded within 2 days; seed money in 190k",transit,,1,False
100000001684867100,terminal,0.9,2,0.6041720010677882,1 payer (1 seed) → 31k in; no outgoing transfers although depth 1 was crawled; seed money in 31k,terminal_observed,,1,False
100000003900547100,terminal,0.9,2,0.5954553626393982,1 payer (1 seed) → 24k in; no outgoing transfers although depth 1 was crawled; seed money in 24k,terminal_observed,,1,False
100000006656003100,peripheral,0.09999999999999998,9,0.28678648412573027,1 payer / 1 recipient; 9k out; no role rule met; seed money in 20k,weak_signal,,1,False
100000008237827100,terminal,0.9,8,0.6415582080770551,1 payer (1 seed) → 40k in; no outgoing transfers although depth 1 was crawled; seed money in 40k,terminal_observed,,1,False
100000003014659100,terminal,0.9,2,0.6687296044280524,1 payer (1 seed) → 280k in; no outgoing transfers although depth 1 was crawled; seed money in 280k,terminal_observed,,1,False
100000007939160100,peripheral,0.5666666666666667,33,0.5428377379596891,1 payer / 2 recipients; 14k out; no role rule met; seed money in 795k,weak_signal,,1,False
100000007274584100,terminal,0.9,8,0.6393790484699575,1 payer (1 seed) → 38k in; no outgoing transfers although depth 1 was crawled; seed money in 38k,terminal_observed,,1,False
100000001524952100,terminal,0.9,1,0.6412177143884461,1 payer (1 seed) → 104k in; no outgoing transfers although depth 1 was crawled; seed money in 104k,terminal_observed,,1,False
100000003131693100,terminal,0.9,8,0.6871843623506597,1 payer (1 seed) → 353k in; no outgoing transfers although depth 1 was crawled; seed money in 353k,terminal_observed,,1,False
100000008383405100,terminal,0.9,12,0.5173461104724963,1 payer (1 seed) → 25k in; no outgoing transfers although depth 1 was crawled; seed money in 25k,terminal_observed,,1,False
100000008736173100,terminal,0.9,9,0.5242921817201197,1 payer (1 seed) → 31k in; no outgoing transfers although depth 1 was crawled; seed money in 31k,terminal_observed,,1,False
100000002861485100,terminal,0.9,2,0.6025376313624652,1 payer (1 seed) → 29k in; no outgoing transfers although depth 1 was crawled; seed money in 29k,terminal_observed,,1,False
100000008745474100,terminal,0.9,9,0.5328726226730662,1 payer (1 seed) → 41k in; no outgoing transfers although depth 1 was crawled; seed money in 41k,terminal_observed,,1,False
100000008691330100,terminal,0.9,9,0.5112172240775344,1 payer (1 seed) → 21k in; no outgoing transfers although depth 1 was crawled; seed money in 21k,terminal_observed,,1,False
100000007639767100,coordinator,0.75,4,0.8752757998877735,pays 2 seeds back; on cycles with 1 seed; downstream of 7 seeds; betweenness top 1%; seed money in 24k,coordinator,,1,False
100000002921047100,peripheral,0.035502958579881616,5,0.5774318967223624,2 payers / 1 recipient; 163k out; no role rule met; seed money in 175k,weak_signal,,1,False
100000004783447100,terminal,0.9,9,0.5202062574568118,1 payer (1 seed) → 26k in; no outgoing transfers although depth 1 was crawled; seed money in 26k,terminal_observed,,1,False
100000008696919100,terminal,0.9,9,0.5249731690973377,1 payer (1 seed) → 32k in; no outgoing transfers although depth 1 was crawled; seed money in 32k,terminal_observed,,1,False
100000008736940100,peripheral,0.2484869981600124,32,0.4785298299710717,3 payers / 3 recipients; 182k out; no role rule met; seed money in 366k,weak_signal,,1,False
100000005940652100,terminal,0.9,4,0.5853086507188503,1 payer (1 seed) → 8k in; no outgoing transfers although depth 1 was crawled; seed money in 8k,terminal_observed,,1,False
100000004180097100,peripheral,0.43016003204455733,16,0.6222408661433053,3 payers / 3 recipients; 48k out; no role rule met; seed money in 97k; flags near_threshold,weak_signal,,1,False
100000005539201100,peripheral,0.31324718706047816,2,0.5424745446918396,1 payer / 1 recipient; 25k out; no role rule met; seed money in 46k,weak_signal,,1,False
100000005620225100,terminal,0.9,1,0.6158849839559374,2 payers (1 seed) → 50k in; no outgoing transfers although depth 1 was crawled; seed money in 44k,terminal_observed,,1,False
100000004388353100,terminal,0.9,2,0.6209242905473504,2 payers (1 seed) → 63k in; no outgoing transfers although depth 1 was crawled; seed money in 36k,terminal_observed,,1,False
100000007442518100,peripheral,0.0,26,0.47478439939637285,"510k in, 4.42M out (867%); 66% forwarded within 2 days, but most outflow comes from outside the graph; seed money in 10k",weak_signal,transit,1,False
100000000267734100,peripheral,0.15000000000000002,28,0.4662039584434264,2 payers / 7 recipients; 282k out; no role rule met; seed money in 151k,weak_signal,,1,False
100000001987030100,peripheral,0.2304950751684811,2,0.4767138636318238,2 payers / 1 recipient; 19k out; no role rule met; seed money in 8k,weak_signal,,1,False
100000002603478100,terminal,0.9,12,0.5143497660127373,1 payer (1 seed) → 24k in; no outgoing transfers although depth 1 was crawled; seed money in 24k,terminal_observed,,1,False
100000001380054100,peripheral,0.6,25,0.5316241458148332,"2 payers / 3 recipients; 360k out; no role rule met; seed money in 127k; flags round_amounts,burst",weak_signal,,1,False
100000002992171100,terminal,0.9,9,0.4969164891559571,1 payer (1 seed) → 15k in; no outgoing transfers although depth 1 was crawled; seed money in 15k,terminal_observed,,1,False
100000002781227100,transit,0.7220713947267845,3,0.5931854047153383,"191k in from 2, 212k out to 3 (111%); 22% forwarded within 2 days; seed money in 191k; flags near_threshold",transit,,1,False
100000008745643100,terminal,0.9,9,0.5091742619458806,1 payer (1 seed) → 20k in; no outgoing transfers although depth 1 was crawled; seed money in 20k,terminal_observed,,1,False
100000002836736100,terminal,0.9,5,0.5795202580124976,2 payers (1 seed) → 509k in; no outgoing transfers although depth 1 was crawled; seed money in 325k,terminal_observed,,1,False
100000004188160100,peripheral,0.06293960984270786,2,0.5632446596969879,2 payers / 5 recipients; 134k out; no role rule met; seed money in 80k,weak_signal,,1,False
100000004841728100,terminal,0.9,9,0.5437684207085538,1 payer (1 seed) → 52k in; no outgoing transfers although depth 1 was crawled; seed money in 52k,terminal_observed,,1,False
100000001554432100,terminal,0.9,8,0.6542245732933095,1 payer (1 seed) → 54k in; no outgoing transfers although depth 1 was crawled; seed money in 54k,terminal_observed,,1,False
100000008768896100,terminal,0.9,9,0.5387291141171408,1 payer (1 seed) → 47k in; no outgoing transfers although depth 1 was crawled; seed money in 47k,terminal_observed,,1,False
100000008232832100,peripheral,0.4881305637982196,4,0.5240878855069543,1 payer / 1 recipient; 138k out; no role rule met; seed money in 337k,weak_signal,,1,False
100000002864256100,terminal,0.9,8,0.6742456021835179,1 payer (1 seed) → 136k in; no outgoing transfers although depth 1 was crawled; seed money in 136k,terminal_observed,,1,False
100000001929088100,terminal,0.9,5,0.5814270226687078,2 payers (2 seeds) → 396k in; no outgoing transfers although depth 1 was crawled; seed money in 396k,terminal_observed,,1,False
100000002794197100,terminal,0.9,5,0.5234749968674581,1 payer (1 seed) → 30k in; no outgoing transfers although depth 1 was crawled; seed money in 30k,terminal_observed,,1,False
100000005669845100,terminal,0.9,25,0.5089018669949934,1 payer (1 seed) → 20k in; no outgoing transfers although depth 1 was crawled; seed money in 20k,terminal_observed,,1,False
100000002211413100,terminal,0.9,9,0.5294676857869763,1 payer (1 seed) → 37k in; no outgoing transfers although depth 1 was crawled; seed money in 37k,terminal_observed,,1,False
100000002784085100,terminal,0.9,5,0.5720974956008216,1 payer (1 seed) → 200k in; no outgoing transfers although depth 1 was crawled; seed money in 200k,terminal_observed,,1,False
100000008782421100,terminal,0.9,9,0.5413168661505691,1 payer (1 seed) → 50k in; no outgoing transfers although depth 1 was crawled; seed money in 50k,terminal_observed,,1,False
100000003739818100,terminal,0.9,8,0.6561313379495198,1 payer (1 seed) → 57k in; no outgoing transfers although depth 1 was crawled; seed money in 57k,terminal_observed,,1,False
100000002214570100,terminal,0.9,9,0.5207510473585862,1 payer (1 seed) → 26k in; no outgoing transfers although depth 1 was crawled; seed money in 26k,terminal_observed,,1,False
100000006443391100,peripheral,0.13510419882564195,5,0.4450479505911879,3 payers / 2 recipients; 60k out; no role rule met; seed money in 66k; flags near_threshold,weak_signal,,1,False
100000005473151100,peripheral,0.5777777777777777,5,0.6436238697879496,"3 payers / 4 recipients; 225k out; no role rule met; seed money in 65k; flags round_amounts,burst",weak_signal,,1,False
100000005124479100,peripheral,0.7333333333333334,11,0.641671705973258,2 payers / 2 recipients; 22k out; no role rule met; seed money in 49k,weak_signal,,1,False
100000005527892100,peripheral,0.09091322312171313,3,0.5709625166387917,3 payers / 8 recipients; 552k out; no role rule met; seed money in 70k,weak_signal,,1,False
100000008028628100,terminal,0.9,9,0.5469009626437565,1 payer (1 seed) → 57k in; no outgoing transfers although depth 1 was crawled; seed money in 57k,terminal_observed,,1,False
100000001953577100,terminal,0.9,9,0.49991283361571615,1 payer (1 seed) → 16k in; no outgoing transfers although depth 1 was crawled; seed money in 16k,terminal_observed,,1,False
100000008193577100,peripheral,0.33333333333333326,32,0.4723782439968693,2 payers / 5 recipients; 480k out; no role rule met; seed money in 154k,weak_signal,,1,False
100000008753193100,terminal,0.9,9,0.5274247236553223,1 payer (1 seed) → 35k in; no outgoing transfers although depth 1 was crawled; seed money in 35k,terminal_observed,,1,False
100000008746025100,terminal,0.9,9,0.5120344089301961,1 payer (1 seed) → 22k in; no outgoing transfers although depth 1 was crawled; seed money in 22k,terminal_observed,,1,False
100000002934441100,terminal,0.9,1,0.6086665177574269,2 payers (1 seed) → 61k in; no outgoing transfers although depth 1 was crawled; seed money in 36k,terminal_observed,,1,False
100000003701161100,peripheral,0.6,27,0.6557000459439484,4 payers / 3 recipients; 349k out; no role rule met; seed money in 491k,weak_signal,,1,False
100000006707582100,distributor,0.85,10,0.6728609278498414,pays 14 recipients 961k; from 2 payers (1 seed); 44% passed on within 2 days; seed money in 22k,distributor,,1,False
100000003239379100,terminal,0.9,12,0.557524365728357,1 payer (1 seed) → 92k in; no outgoing transfers although depth 1 was crawled; seed money in 92k,terminal_observed,,1,False
100000000979923100,terminal,0.9,2,0.6526583023257081,1 payer (1 seed) → 98k in; no outgoing transfers although depth 1 was crawled; seed money in 98k,terminal_observed,,1,False
100000001111763100,terminal,0.9,9,0.5023643881737009,1 payer (1 seed) → 17k in; no outgoing transfers although depth 1 was crawled; seed money in 17k,terminal_observed,,1,False
100000003865939100,terminal,0.9,44,0.5556176010721466,1 payer (1 seed) → 81k in; no outgoing transfers although depth 1 was crawled; seed money in 81k,terminal_observed,,1,False
100000002858835100,terminal,0.9,9,0.5163927281443912,1 payer (1 seed) → 24k in; no outgoing transfers although depth 1 was crawled; seed money in 24k,terminal_observed,,1,False
100000003404627100,terminal,0.9,4,0.6929046563192905,4 payers (1 seed) → 878k in; no outgoing transfers although depth 1 was crawled; seed money in 614k; flags burst,terminal_observed,,1,False
100000008691027100,terminal,0.9,9,0.503317770501806,1 payer (1 seed) → 18k in; no outgoing transfers although depth 1 was crawled; seed money in 18k,terminal_observed,,1,False
100000004071080100,consolidator,0.8525565800502934,1,0.8724247327351541,9 payers (1 seed) → 239k in; sends on 19%; to 2 recipients; up to 2 payers same day; seed money in 76k; flags near_threshold,consolidator,,1,False
100000002864680100,terminal,0.9,12,0.546356172741982,1 payer (1 seed) → 56k in; no outgoing transfers although depth 1 was crawled; seed money in 56k,terminal_observed,,1,False
100000001330685100,peripheral,0.7,7,0.6243292274334403,3 payers / 1 recipient; 100k out; no role rule met; seed money in 137k,weak_signal,,1,False
100000008745725100,terminal,0.9,9,0.5387291141171408,1 payer (1 seed) → 47k in; no outgoing transfers although depth 1 was crawled; seed money in 47k,terminal_observed,,1,False
100000002621949100,terminal,0.9,8,0.6777867365450514,1 payer (1 seed) → 165k in; no outgoing transfers although depth 1 was crawled; seed money in 165k,terminal_observed,,1,False
100000007908818100,peripheral,0.44999999999999996,13,0.6731333228007286,"4 payers / 6 recipients; 302k out; no role rule met; seed money in 419k; flags repeat_amount,near_threshold",weak_signal,,1,False
100000008691495100,terminal,0.9,9,0.5210234423094734,1 payer (1 seed) → 27k in; no outgoing transfers although depth 1 was crawled; seed money in 27k,terminal_observed,,1,False
100000003832231100,terminal,0.9,8,0.6363827040101986,1 payer (1 seed) → 35k in; no outgoing transfers although depth 1 was crawled; seed money in 35k,terminal_observed,,1,False
100000002371751100,transit,0.85,41,0.8155949741315595,"200k in from 1, 250k out to 1 (125%); 85% forwarded within 2 days; seed money in 200k; flags burst",transit,,1,False
100000002894076100,terminal,0.9,5,0.6923598664175161,4 payers (2 seeds) → 1.12M in; no outgoing transfers although depth 1 was crawled; seed money in 822k; flags burst,terminal_observed,,1,False
100000001362940100,terminal,0.9,8,0.6645755814270227,1 payer (1 seed) → 81k in; no outgoing transfers although depth 1 was crawled; seed money in 81k,terminal_observed,,1,False
100000008741372100,terminal,0.9,9,0.528241908507984,1 payer (1 seed) → 36k in; no outgoing transfers although depth 1 was crawled; seed money in 36k,terminal_observed,,1,False
100000002618492100,terminal,0.9,2,0.6632817054103086,2 payers (1 seed) → 296k in; no outgoing transfers although depth 1 was crawled; seed money in 181k,terminal_observed,,1,False
100000002750332100,terminal,0.9,5,0.4880636532521234,1 payer (1 seed) → 11k in; no outgoing transfers although depth 1 was crawled; seed money in 11k,terminal_observed,,1,False
100000004948177100,terminal,0.9,2,0.6576976089171213,3 payers (1 seed) → 437k in; no outgoing transfers although depth 1 was crawled; seed money in 344k,terminal_observed,,1,False
100000002511825100,terminal,0.9,1,0.6289599415985225,1 payer (1 seed) → 65k in; no outgoing transfers although depth 1 was crawled; seed money in 65k,terminal_observed,,1,False
100000008566737100,terminal,0.9,14,0.6708406652974283,2 payers (1 seed) → 230k in; no outgoing transfers although depth 1 was crawled; seed money in 106k,terminal_observed,,1,False
100000008661585100,terminal,0.9,9,0.5351879797556073,1 payer (1 seed) → 43k in; no outgoing transfers although depth 1 was crawled; seed money in 43k,terminal_observed,,1,False
100000004759121100,consolidator,0.5802816901408451,11,0.9060509814390082,6 payers (1 seed) → 710k in; sends on 44%; to 2 recipients; up to 1 payer same day; seed money in 132k; flags round_amounts,consolidator,,1,False
100000004360785100,terminal,0.9,2,0.6378127775023563,1 payer (1 seed) → 95k in; no outgoing transfers although depth 1 was crawled; seed money in 95k,terminal_observed,,1,False
100000005092518100,terminal,0.9,9,0.5200700599813681,1 payer (1 seed) → 26k in; no outgoing transfers although depth 1 was crawled; seed money in 26k,terminal_observed,,1,False
100000008737958100,terminal,0.9,17,0.524836971621894,2 payers (1 seed) → 53k in; no outgoing transfers although depth 1 was crawled; seed money in 32k,terminal_observed,,1,False
100000003044518100,terminal,0.9,5,0.5266075388026608,1 payer (1 seed) → 34k in; no outgoing transfers although depth 1 was crawled; seed money in 34k,terminal_observed,,1,False
100000004159526100,peripheral,0.6,15,0.6481410860568289,4 payers / 4 recipients; 68k out; no role rule met; seed money in 120k,weak_signal,,1,False
100000007544358100,transit,0.7868217054263567,2,0.9203707840071477,"322k in from 2, 350k out to 1 (109%); 7% forwarded within 2 days; seed money in 300k; flags round_amounts",transit,,1,False
100000005901606100,terminal,0.9,9,0.5278333160816532,1 payer (1 seed) → 36k in; no outgoing transfers although depth 1 was crawled; seed money in 36k,terminal_observed,,1,False
100000006658598100,terminal,0.9,2,0.5577286619415223,1 payer (1 seed) → 9k in; no outgoing transfers although depth 1 was crawled; seed money in 9k,terminal_observed,,1,False
100000002793851100,terminal,0.9,2,0.5668538927962432,1 payer (1 seed) → 11k in; no outgoing transfers although depth 1 was crawled; seed money in 11k,terminal_observed,,1,False
100000005612411100,peripheral,0.0,18,0.5528255528255528,"116k in, 507k out (439%); 100% forwarded within 2 days, but most outflow comes from outside the graph; seed money in 69k",weak_signal,transit,1,False
100000007511163100,transit,0.7696415669274024,2,0.8056734420370785,"64k in from 2, 82k out to 3 (129%); 77% forwarded within 2 days; seed money in 16k",transit,,1,False
100000002648315100,peripheral,0.2803030303030303,5,0.4652278765360806,1 payer / 2 recipients; 76k out; no role rule met; seed money in 132k,weak_signal,,1,False
100000004739664100,transit,0.5833333333333333,9,0.4758285800414404,"12k in from 1, 10k out to 1 (83%); 0% forwarded within 2 days; seed money in 12k",transit,,1,False
100000003713616100,terminal,0.9,2,0.5806098378160464,1 payer (1 seed) → 16k in; no outgoing transfers although depth 1 was crawled; seed money in 16k,terminal_observed,,1,False
100000003476560100,terminal,0.9,8,0.6516368212598812,1 payer (1 seed) → 50k in; no outgoing transfers although depth 1 was crawled; seed money in 50k,terminal_observed,,1,False
100000008782800100,terminal,0.9,9,0.535324177231051,1 payer (1 seed) → 43k in; no outgoing transfers although depth 1 was crawled; seed money in 43k,terminal_observed,,1,False
100000004218576100,terminal,0.9,9,0.5200700599813681,1 payer (1 seed) → 26k in; no outgoing transfers although depth 1 was crawled; seed money in 26k,terminal_observed,,1,False
100000003299365100,transit,1.0,8,0.8181827261649879,"200k in from 1, 200k out to 1 (100%); 100% forwarded within 2 days; seed money in 200k",transit,,1,False
100000008730021100,terminal,0.9,2,0.5563666871870864,1 payer (1 seed) → 76k in; no outgoing transfers although depth 1 was crawled; seed money in 76k,terminal_observed,,1,False
100000002757797100,terminal,0.9,12,0.5603845127126724,1 payer (1 seed) → 100k in; no outgoing transfers although depth 1 was crawled; seed money in 100k,terminal_observed,,1,False
100000002845605100,terminal,0.9,1,0.6271893744177558,1 payer (1 seed) → 58k in; no outgoing transfers although depth 1 was crawled; seed money in 58k,terminal_observed,,1,False
100000000817146100,terminal,0.9,2,0.6532030922274825,1 payer (1 seed) → 70k in; no outgoing transfers although depth 1 was crawled; seed money in 70k,terminal_observed,,1,False
100000002957306100,terminal,0.9,2,0.6901807068104187,2 payers (2 seeds) → 398k in; no outgoing transfers although depth 1 was crawled; seed money in 398k,terminal_observed,,1,False
100000008188026100,peripheral,0.4666666666666667,2,0.6071456459483068,2 payers / 4 recipients; 338k out; no role rule met; seed money in 64k,weak_signal,,1,False
100000004790991100,terminal,0.9,2,0.6544288695064748,1 payer (1 seed) → 239k in; no outgoing transfers although depth 1 was crawled; seed money in 239k,terminal_observed,,1,False
100000002973903100,terminal,0.9,12,0.6288237441230791,3 payers (1 seed) → 93k in; no outgoing transfers although depth 1 was crawled; seed money in 44k,terminal_observed,,1,False
100000004325327100,transit,0.971158055269215,1,0.8621636149352337,"71k in from 2, 70k out to 1 (99%); 67% forwarded within 2 days; seed money in 47k",transit,,1,False
100000001477796100,terminal,0.9,18,0.5701907309446114,1 payer (1 seed) → 182k in; no outgoing transfers although depth 1 was crawled; seed money in 182k,terminal_observed,,1,False
100000007536804100,peripheral,0.09999999999999998,5,0.45362839154413437,1 payer / 2 recipients; 55k out; no role rule met; seed money in 100k,weak_signal,,1,False
100000008665380100,peripheral,0.47322720694645437,1,0.5279922131363374,2 payers / 1 recipient; 18k out; no role rule met; seed money in 10k,weak_signal,,1,False
100000001870116100,terminal,0.9,9,0.516120333193504,1 payer (1 seed) → 24k in; no outgoing transfers although depth 1 was crawled; seed money in 24k,terminal_observed,,1,False
100000001074553100,terminal,0.9,5,0.5246326754087286,2 payers (2 seeds) → 29k in; no outgoing transfers although depth 1 was crawled; seed money in 29k,terminal_observed,,1,False
100000000978041100,terminal,0.9,9,0.5364137570345996,1 payer (1 seed) → 44k in; no outgoing transfers although depth 1 was crawled; seed money in 44k,terminal_observed,,1,False
100000002603769100,terminal,0.9,1,0.6492533654396182,3 payers (1 seed) → 1.19M in; no outgoing transfers although depth 1 was crawled; seed money in 171k,terminal_observed,,1,False
100000005034574100,terminal,0.9,42,0.5750938400605807,1 payer (1 seed) → 259k in; no outgoing transfers although depth 1 was crawled; seed money in 259k,terminal_observed,,1,False
100000002958286100,terminal,0.9,5,0.5749576425851372,1 payer (1 seed) → 257k in; no outgoing transfers although depth 1 was crawled; seed money in 257k,terminal_observed,,1,False
100000005634552100,peripheral,0.35,1,0.5225897132770747,1 payer / 3 recipients; 1.20M out; no role rule met; seed money in 26k,weak_signal,,1,False
100000008736760100,terminal,0.9,9,0.5455389878893205,1 payer (1 seed) → 55k in; no outgoing transfers although depth 1 was crawled; seed money in 55k,terminal_observed,,1,False
100000008701944100,terminal,0.9,2,0.5461518765288167,1 payer (1 seed) → 52k in; no outgoing transfers although depth 1 was crawled; seed money in 52k,terminal_observed,,1,False
100000008748408100,distributor,1.0,19,0.8637017384245765,pays 21 recipients 1.50M; from 1 payer (1 seed); 100% passed on within 2 days; seed money in 360k,distributor,transit,1,False
100000008486520100,peripheral,0.5100783874580067,2,0.575298136273746,1 payer / 1 recipient; 14k out; no role rule met; seed money in 36k,weak_signal,,1,False
100000003163256100,transit,0.7191323692992215,2,0.5781582832580615,"13k in from 1, 15k out to 1 (111%); 0% forwarded within 2 days; seed money in 13k",transit,,1,False
100000003102157100,terminal,0.9,1,0.6386299623550178,1 payer (1 seed) → 97k in; no outgoing transfers although depth 1 was crawled; seed money in 97k,terminal_observed,,1,False
100000004741837100,terminal,0.9,2,0.5987241020500446,1 payer (1 seed) → 26k in; no outgoing transfers although depth 1 was crawled; seed money in 26k,terminal_observed,,1,False
100000008443341100,transit,0.7101449275362319,12,0.6319562860582817,"34k in from 2, 50k out to 3 (145%); 71% forwarded within 2 days; seed money in 33k; flags burst",transit,,1,False
100000004792397100,terminal,0.9,9,0.5530298490387183,1 payer (1 seed) → 74k in; no outgoing transfers although depth 1 was crawled; seed money in 74k,terminal_observed,,1,False
100000003809101100,peripheral,0.5844625112917796,2,0.6506380397732948,2 payers / 2 recipients; 55k out; no role rule met; seed money in 148k,weak_signal,,1,False
100000002838861100,consolidator,0.7409832568999049,5,0.8689789366064312,5 payers (2 seeds) → 555k in; sends on 2%; to 1 recipient; up to 2 payers same day; seed money in 405k,consolidator,,1,False
100000008560717100,consolidator,0.8263705103969754,1,0.834913224048479,7 payers (1 seed) → 529k in; sends on 5%; to 1 recipient; up to 2 payers same day; seed money in 47k,consolidator,,1,False
100000008693069100,terminal,0.9,9,0.5089018669949934,1 payer (1 seed) → 20k in; no outgoing transfers although depth 1 was crawled; seed money in 20k,terminal_observed,,1,False
100000008672162100,terminal,0.9,9,0.49977663614027257,1 payer (1 seed) → 16k in; no outgoing transfers although depth 1 was crawled; seed money in 16k,terminal_observed,,1,False
100000007311010100,peripheral,0.6122828784119108,8,0.6239660341655907,2 payers / 1 recipient; 20k out; no role rule met; seed money in 42k,weak_signal,,1,False
100000005505655100,peripheral,0.2095554883580284,23,0.5053834322127005,2 payers / 1 recipient; 20k out; no role rule met; seed money in 14k,weak_signal,,1,False
100000004707703100,coordinator,0.75,2,0.9491411387198527,pays 2 seeds back; downstream of 7 seeds; betweenness top 7%; seed money in 239k,coordinator,transit,1,False
100000004005964100,peripheral,0.08069458631256399,22,0.3847351685489158,3 payers / 3 recipients; 72k out; no role rule met; seed money in 14k,weak_signal,,1,False
100000008244300100,consolidator,0.75,4,0.584309869232264,5 payers (1 seed) → 65k in; sends on 0%; to 0 recipients; up to 1 payer same day; seed money in 10k,consolidator,terminal,1,False
100000002692044100,terminal,0.9,12,0.5588863404827928,1 payer (1 seed) → 97k in; no outgoing transfers although depth 1 was crawled; seed money in 97k,terminal_observed,,1,False
100000001103905100,terminal,0.9,9,0.5050883376825728,1 payer (1 seed) → 18k in; no outgoing transfers although depth 1 was crawled; seed money in 18k,terminal_observed,,1,False
100000008755361100,terminal,0.9,9,0.4969164891559571,1 payer (1 seed) → 15k in; no outgoing transfers although depth 1 was crawled; seed money in 15k,terminal_observed,,1,False
100000002810870100,terminal,0.9,9,0.5260627489008864,1 payer (1 seed) → 34k in; no outgoing transfers although depth 1 was crawled; seed money in 34k,terminal_observed,,1,False
100000005897462100,terminal,0.9,2,0.653066894752039,1 payer (1 seed) → 98k in; no outgoing transfers although depth 1 was crawled; seed money in 98k,terminal_observed,,1,False
100000000941942100,terminal,0.9,8,0.6737008122817436,1 payer (1 seed) → 130k in; no outgoing transfers although depth 1 was crawled; seed money in 130k,terminal_observed,,1,False
100000008723830100,transit,0.987418032341203,2,0.9377504898569201,"460k in from 2, 455k out to 1 (99%); 99% forwarded within 2 days; seed money in 454k",transit,,1,False
100000008776576100,terminal,0.9,9,0.49705268663140073,1 payer (1 seed) → 15k in; no outgoing transfers although depth 1 was crawled; seed money in 15k,terminal_observed,,1,False
100000005432267100,terminal,0.9,8,0.6839156229400133,2 payers (1 seed) → 350k in; no outgoing transfers although depth 1 was crawled; seed money in 250k,terminal_observed,,1,False
100000006745291100,terminal,0.9,2,0.648980970488731,1 payer (1 seed) → 83k in; no outgoing transfers although depth 1 was crawled; seed money in 83k,terminal_observed,,1,False
100000008670667100,terminal,0.9,9,0.49964043866482893,1 payer (1 seed) → 16k in; no outgoing transfers although depth 1 was crawled; seed money in 16k,terminal_observed,,1,False
100000002480800100,terminal,0.9,1,0.6826898456610209,2 payers (1 seed) → 569k in; no outgoing transfers although depth 1 was crawled; seed money in 234k,terminal_observed,,1,False
100000002182176100,terminal,0.9,1,0.6143868117260578,1 payer (1 seed) → 42k in; no outgoing transfers although depth 1 was crawled; seed money in 42k,terminal_observed,,1,False
100000008219168100,terminal,0.9,5,0.5444494080857718,1 payer (1 seed) → 53k in; no outgoing transfers although depth 1 was crawled; seed money in 53k,terminal_observed,,1,False
100000004226848100,terminal,0.9,8,0.685413795169893,1 payer (1 seed) → 302k in; no outgoing transfers although depth 1 was crawled; seed money in 302k,terminal_observed,,1,False
100000006326645100,terminal,0.9,9,0.5180270978497142,1 payer (1 seed) → 25k in; no outgoing transfers although depth 1 was crawled; seed money in 25k,terminal_observed,,1,False
100000003589877100,peripheral,0.0,3,0.5270842299667134,"176k in, 416k out (236%); 100% forwarded within 2 days, but most outflow comes from outside the graph; seed money in 26k; flags burst",weak_signal,transit,1,False
100000003942602100,transit,1.0,9,0.5316014462355926,"30k in from 1, 30k out to 1 (100%); 100% forwarded within 2 days; seed money in 30k",transit,,1,False
100000000922570100,transit,0.8461285323029235,12,0.6536797833915351,"47k in from 1, 50k out to 1 (106%); 0% forwarded within 2 days; seed money in 47k",transit,,1,False
100000005079754100,peripheral,0.4285714285714286,8,0.6375857817099503,1 payer / 2 recipients; 122k out; no role rule met; seed money in 70k,weak_signal,,1,False
100000003187359100,terminal,0.9,9,0.5065865099124524,1 payer (1 seed) → 19k in; no outgoing transfers although depth 1 was crawled; seed money in 19k,terminal_observed,,1,False
100000000998559100,terminal,0.9,8,0.669478690542992,1 payer (1 seed) → 100k in; no outgoing transfers although depth 1 was crawled; seed money in 100k,terminal_observed,,1,False
100000008690932100,terminal,0.9,9,0.5131239887337449,1 payer (1 seed) → 23k in; no outgoing transfers although depth 1 was crawled; seed money in 23k,terminal_observed,,1,False
100000008773876100,terminal,0.9,9,0.519797665030481,1 payer (1 seed) → 26k in; no outgoing transfers although depth 1 was crawled; seed money in 26k,terminal_observed,,1,False
100000006789108100,terminal,0.9,2,0.623103450154448,1 payer (1 seed) → 38k in; no outgoing transfers although depth 1 was crawled; seed money in 38k,terminal_observed,,1,False
100000004058740100,terminal,0.9,9,0.523202601916571,1 payer (1 seed) → 30k in; no outgoing transfers although depth 1 was crawled; seed money in 30k,terminal_observed,,1,False
100000007641801100,terminal,0.9,5,0.5720974956008216,1 payer (1 seed) → 200k in; no outgoing transfers although depth 1 was crawled; seed money in 200k,terminal_observed,,1,False
100000000555721100,terminal,0.9,1,0.6383575674041306,2 payers (1 seed) → 113k in; no outgoing transfers although depth 1 was crawled; seed money in 95k,terminal_observed,,1,False
100000008729801100,terminal,0.9,9,0.503317770501806,1 payer (1 seed) → 18k in; no outgoing transfers although depth 1 was crawled; seed money in 18k,terminal_observed,,1,False
100000004664905100,terminal,0.9,2,0.6541564745555878,2 payers (1 seed) → 329k in; no outgoing transfers although depth 1 was crawled; seed money in 238k,terminal_observed,,1,False
100000003057225100,terminal,0.9,2,0.6538840796047005,1 payer (1 seed) → 236k in; no outgoing transfers although depth 1 was crawled; seed money in 236k,terminal_observed,,1,False
100000000703902100,terminal,0.9,9,0.5184356902760451,1 payer (1 seed) → 25k in; no outgoing transfers although depth 1 was crawled; seed money in 25k,terminal_observed,,1,False
100000008720798100,terminal,0.9,9,0.49964043866482893,1 payer (1 seed) → 16k in; no outgoing transfers although depth 1 was crawled; seed money in 16k,terminal_observed,,1,False
100000001411870100,terminal,0.9,5,0.5855129469320157,2 payers (1 seed) → 900k in; no outgoing transfers although depth 1 was crawled; seed money in 784k,terminal_observed,,1,False
100000008556318100,terminal,0.9,8,0.6720664425764205,2 payers (1 seed) → 180k in; no outgoing transfers although depth 1 was crawled; seed money in 117k,terminal_observed,,1,False
100000002720627100,terminal,0.9,2,0.6643712852138574,1 payer (1 seed) → 199k in; no outgoing transfers although depth 1 was crawled; seed money in 199k,terminal_observed,,1,False
100000003022835100,terminal,0.9,8,0.6734284173308563,1 payer (1 seed) → 125k in; no outgoing transfers although depth 1 was crawled; seed money in 125k,terminal_observed,,1,False
100000008304115100,terminal,0.9,12,0.5429512358558922,1 payer (1 seed) → 51k in; no outgoing transfers although depth 1 was crawled; seed money in 51k,terminal_observed,,1,False
100000003886323100,peripheral,0.8,2,0.5721428947593028,2 payers / 1 recipient; 8k out; no role rule met; seed money in 15k,weak_signal,,1,False
100000000607731100,peripheral,0.7833333333333333,25,0.4879501553559204,1 payer / 1 recipient; 67k out; no role rule met; seed money in 20k,weak_signal,,1,False
100000005961971100,terminal,0.9,9,0.5392739040189151,1 payer (1 seed) → 47k in; no outgoing transfers although depth 1 was crawled; seed money in 47k,terminal_observed,,1,False
100000000440392100,terminal,0.9,2,0.641626306814777,1 payer (1 seed) → 106k in; no outgoing transfers although depth 1 was crawled; seed money in 106k,terminal_observed,,1,False
100000004105288100,terminal,0.9,8,0.6730198249045256,2 payers (1 seed) → 215k in; no outgoing transfers although depth 1 was crawled; seed money in 107k,terminal_observed,,1,False
100000008169544100,coordinator,0.75,2,0.8964381636221991,pays 2 seeds back; on cycles with 1 seed; downstream of 7 seeds; betweenness top 7%; seed money in 137k; flags near_threshold,coordinator,,1,False
100000004186824100,peripheral,0.8,2,0.6451447415970698,2 payers / 1 recipient; 7k out; no role rule met; seed money in 452k,weak_signal,,1,False
100000008672200100,terminal,0.9,9,0.4764868678394178,1 payer (1 seed) → 9k in; no outgoing transfers although depth 1 was crawled; seed money in 9k,terminal_observed,,1,False
100000002188829100,terminal,0.9,8,0.6882739421542083,1 payer (1 seed) → 400k in; no outgoing transfers although depth 1 was crawled; seed money in 400k,terminal_observed,,1,False
100000008717341100,terminal,0.9,9,0.4969164891559571,1 payer (1 seed) → 15k in; no outgoing transfers although depth 1 was crawled; seed money in 15k,terminal_observed,,1,False
100000002214301100,peripheral,0.533538576359735,1,0.5744355522626032,1 payer / 1 recipient; 8k out; no role rule met; seed money in 21k,weak_signal,,1,False
100000002565277100,terminal,0.9,8,0.6896359169086442,1 payer (1 seed) → 483k in; no outgoing transfers although depth 1 was crawled; seed money in 483k,terminal_observed,,1,False
100000005546031100,peripheral,0.7,36,0.5099914467985422,3 payers / 1 recipient; 8k out; no role rule met; seed money in 51k; flags burst,weak_signal,,1,False
100000003449074100,terminal,0.9,1,0.5630403634838225,1 payer (1 seed) → 10k in; no outgoing transfers although depth 1 was crawled; seed money in 10k,terminal_observed,,1,False
100000008748914100,distributor,0.825,1,0.8407869671727765,pays 13 recipients 4.47M; from 2 payers (1 seed); 100% passed on within 2 days; seed money in 98k,distributor,transit,1,False
100000004744306100,peripheral,0.16666666666666663,20,0.5603164139749506,1 payer / 2 recipients; 92k out; no role rule met; seed money in 69k,weak_signal,,1,False
100000003158727100,terminal,0.9,5,0.671181158986037,3 payers (1 seed) → 368k in; no outgoing transfers although depth 1 was crawled; seed money in 177k,terminal_observed,,1,False
100000001389255100,terminal,0.9,9,0.5008662159438213,1 payer (1 seed) → 16k in; no outgoing transfers although depth 1 was crawled; seed money in 16k,terminal_observed,,1,False
100000008695495100,terminal,0.9,9,0.5102638417494294,1 payer (1 seed) → 21k in; no outgoing transfers although depth 1 was crawled; seed money in 21k,terminal_observed,,1,False
100000004015047100,consolidator,0.9123573610820974,5,0.9472516257438653,9 payers (3 seeds) → 919k in; sends on 8%; to 1 recipient; up to 2 payers same day; seed money in 587k; flags near_threshold,consolidator,,1,False
100000005183943100,terminal,0.9,33,0.5821761087836477,1 payer (1 seed) → 681k in; no outgoing transfers although depth 1 was crawled; seed money in 681k,terminal_observed,,1,False
100000003004487100,peripheral,0.3032863407634506,1,0.5551863090665752,4 payers / 2 recipients; 265k out; no role rule met; seed money in 49k,weak_signal,,1,False
100000003042994100,terminal,0.9,2,0.6559270417363545,1 payer (1 seed) → 286k in; no outgoing transfers although depth 1 was crawled; seed money in 286k,terminal_observed,,1,False
100000001899164100,peripheral,0.6,12,0.616815666704802,4 payers / 3 recipients; 76k out; no role rule met; seed money in 39k,weak_signal,,1,False
100000003946524100,transit,0.7945341178405614,8,0.9424202472982961,"134k in from 2, 145k out to 2 (108%); 0% forwarded within 2 days; seed money in 115k",transit,,1,False
100000008717340100,terminal,0.9,9,0.5335536100502842,1 payer (1 seed) → 42k in; no outgoing transfers although depth 1 was crawled; seed money in 42k,terminal_observed,,1,False
100000003831324100,terminal,0.9,5,0.673905108494909,2 payers (1 seed) → 300k in; no outgoing transfers although depth 1 was crawled; seed money in 200k,terminal_observed,,1,False
100000008129393100,terminal,0.9,38,0.48302434666071037,1 payer (1 seed) → 10k in; no outgoing transfers although depth 1 was crawled; seed money in 10k,terminal_observed,,1,False
100000004388209100,terminal,0.9,9,0.48874464062934136,1 payer (1 seed) → 12k in; no outgoing transfers although depth 1 was crawled; seed money in 12k,terminal_observed,,1,False
100000000706545100,peripheral,0.7,2,0.6432606765201001,3 payers / 1 recipient; 76k out; no role rule met; seed money in 732k,weak_signal,,1,False
100000004497606100,terminal,0.9,9,0.49964043866482893,1 payer (1 seed) → 16k in; no outgoing transfers although depth 1 was crawled; seed money in 16k,terminal_observed,,1,False
100000008470470100,terminal,0.9,9,0.5259265514254429,1 payer (1 seed) → 34k in; no outgoing transfers although depth 1 was crawled; seed money in 34k,terminal_observed,,1,False
100000004318918100,terminal,0.9,2,0.6472104033079643,1 payer (1 seed) → 76k in; no outgoing transfers although depth 1 was crawled; seed money in 76k,terminal_observed,,1,False
100000005228059100,terminal,0.9,9,0.5193890726041502,1 payer (1 seed) → 26k in; no outgoing transfers although depth 1 was crawled; seed money in 26k,terminal_observed,,1,False
100000001609499100,peripheral,0.7,1,0.6362465065347549,3 payers / 2 recipients; 21k out; no role rule met; seed money in 95k,weak_signal,,1,False
100000002824176100,terminal,0.9,5,0.5687606574524535,1 payer (1 seed) → 144k in; no outgoing transfers although depth 1 was crawled; seed money in 144k,terminal_observed,,1,False
100000001363952100,peripheral,0.42157585619485904,8,0.5921639236495113,2 payers / 1 recipient; 91k out; no role rule met; seed money in 69k,weak_signal,,1,False
100000001049200100,peripheral,0.41271664230528293,2,0.5338941037388931,2 payers / 4 recipients; 36k out; no role rule met; seed money in 7k; flags near_threshold,weak_signal,,1,False
100000002662768100,terminal,0.9,18,0.556162390973921,1 payer (1 seed) → 84k in; no outgoing transfers although depth 1 was crawled; seed money in 84k,terminal_observed,,1,False
100000004737477100,transit,0.541412960200008,1,0.5982020117275106,"50k in from 2, 40k out to 1 (82%); 30% forwarded within 2 days; seed money in 30k",transit,,1,False
100000008680451100,terminal,0.9,9,0.5150307533899552,1 payer (1 seed) → 24k in; no outgoing transfers although depth 1 was crawled; seed money in 24k,terminal_observed,,1,False
100000001952325100,terminal,0.9,9,0.5550728111703722,1 payer (1 seed) → 78k in; no outgoing transfers although depth 1 was crawled; seed money in 78k,terminal_observed,,1,False
100000008751429100,peripheral,0.6240290005178664,32,0.4262072998214905,3 payers / 1 recipient; 73k out; no role rule met; seed money in 334k,weak_signal,,1,False
100000001960517100,terminal,0.9,5,0.574617148896528,1 payer (1 seed) → 200k in; no outgoing transfers although depth 1 was crawled; seed money in 200k,terminal_observed,,1,False
100000008686234100,terminal,0.9,1,0.611662862217186,1 payer (1 seed) → 40k in; no outgoing transfers although depth 1 was crawled; seed money in 40k,terminal_observed,,1,False
100000004213658100,terminal,0.9,9,0.5182994928006014,1 payer (1 seed) → 25k in; no outgoing transfers although depth 1 was crawled; seed money in 25k,terminal_observed,,1,False
100000001194266100,terminal,0.9,8,0.6516368212598812,1 payer (1 seed) → 50k in; no outgoing transfers although depth 1 was crawled; seed money in 50k,terminal_observed,,1,False
100000002243354100,terminal,0.9,9,0.5099914467985422,1 payer (1 seed) → 21k in; no outgoing transfers although depth 1 was crawled; seed money in 21k,terminal_observed,,1,False
100000006069103100,transit,0.5500572507407632,2,0.6433287752578218,"229k in from 3, 270k out to 3 (118%); 20% forwarded within 2 days; seed money in 85k",transit,,1,False
100000002760175100,terminal,0.9,2,0.6635541003611958,1 payer (1 seed) → 187k in; no outgoing transfers although depth 1 was crawled; seed money in 187k,terminal_observed,,1,False
100000003567087100,terminal,0.9,9,0.5479905424473053,1 payer (1 seed) → 62k in; no outgoing transfers although depth 1 was crawled; seed money in 62k,terminal_observed,,1,False
100000008229700100,peripheral,0.6170212765957447,12,0.4760328762546058,1 payer / 1 recipient; 7k out; no role rule met; seed money in 24k,weak_signal,,1,False
100000004076740100,peripheral,0.17560321715817695,21,0.5564347859248081,3 payers / 6 recipients; 125k out; no role rule met; seed money in 56k; flags near_threshold,weak_signal,,1,False
100000003284932100,terminal,0.9,8,0.660081064737384,1 payer (1 seed) → 70k in; no outgoing transfers although depth 1 was crawled; seed money in 70k,terminal_observed,,1,False
100000008071620100,terminal,0.9,1,0.6183365385139221,1 payer (1 seed) → 47k in; no outgoing transfers although depth 1 was crawled; seed money in 47k,terminal_observed,,1,False
100000003235780100,terminal,0.9,1,0.5782944807335052,2 payers (1 seed) → 65k in; no outgoing transfers although depth 1 was crawled; seed money in 15k,terminal_observed,,1,False
100000005363908100,transit,1.0,36,0.5155301441332483,"20k in from 1, 20k out to 1 (100%); 100% forwarded within 2 days; seed money in 20k",transit,,1,False
100000001851289100,terminal,0.9,2,0.642307294191995,1 payer (1 seed) → 110k in; no outgoing transfers although depth 1 was crawled; seed money in 110k,terminal_observed,,1,False
100000002870937100,terminal,0.9,5,0.5560261934984775,1 payer (1 seed) → 84k in; no outgoing transfers although depth 1 was crawled; seed money in 84k,terminal_observed,,1,False
100000002152857100,peripheral,0.0,5,0.4730819309533279,"105k in, 1.23M out (1171%); 100% forwarded within 2 days, but most outflow comes from outside the graph; seed money in 105k; flags round_amounts",weak_signal,transit,1,False
100000002600345100,terminal,0.9,2,0.6195623157929145,2 payers (1 seed) → 52k in; no outgoing transfers although depth 1 was crawled; seed money in 47k,terminal_observed,,1,False
100000002580377100,peripheral,0.7833333333333333,2,0.6011983561872697,1 payer / 1 recipient; 5k out; no role rule met; seed money in 38k,weak_signal,,1,False
100000004094958100,transit,1.0,36,0.6523405082163397,"39k in from 1, 40k out to 1 (103%); 100% forwarded within 2 days; seed money in 39k",transit,,1,False
100000002609774100,peripheral,0.7833333333333333,5,0.5651060251947171,1 payer / 1 recipient; 28k out; no role rule met; seed money in 8k,weak_signal,,1,False
100000002596035100,terminal,0.9,2,0.6666866422963984,1 payer (1 seed) → 232k in; no outgoing transfers although depth 1 was crawled; seed money in 232k,terminal_observed,,1,False
100000004664515100,terminal,0.9,1,0.6100284925118629,1 payer (1 seed) → 38k in; no outgoing transfers although depth 1 was crawled; seed money in 38k,terminal_observed,,1,False
100000000661912100,transit,0.760429070110626,1,0.8961721245534994,"393k in from 5, 431k out to 2 (110%); 70% forwarded within 2 days; seed money in 77k",transit,,1,False
100000004144536100,terminal,0.9,22,0.5626998697952136,4 payers (1 seed) → 168k in; no outgoing transfers although depth 1 was crawled; seed money in 114k,terminal_observed,,1,False
100000006177176100,terminal,0.9,2,0.5570476745643044,1 payer (1 seed) → 9k in; no outgoing transfers although depth 1 was crawled; seed money in 9k,terminal_observed,,1,False
100000002158488100,terminal,0.9,9,0.5247007741464504,1 payer (1 seed) → 32k in; no outgoing transfers although depth 1 was crawled; seed money in 32k,terminal_observed,,1,False
100000000041368100,terminal,0.9,8,0.6772419466432771,1 payer (1 seed) → 160k in; no outgoing transfers although depth 1 was crawled; seed money in 160k,terminal_observed,,1,False
100000008722328100,terminal,0.9,9,0.5153031483408425,1 payer (1 seed) → 24k in; no outgoing transfers although depth 1 was crawled; seed money in 24k,terminal_observed,,1,False
100000008735384100,terminal,0.9,9,0.5312382529677431,1 payer (1 seed) → 39k in; no outgoing transfers although depth 1 was crawled; seed money in 39k,terminal_observed,,1,False
100000004480280100,peripheral,0.031998582082430116,8,0.5842644700737827,1 payer / 2 recipients; 296k out; no role rule met; seed money in 147k,weak_signal,,1,False
100000004286573100,terminal,0.9,12,0.5016834007964829,1 payer (1 seed) → 17k in; no outgoing transfers although depth 1 was crawled; seed money in 17k,terminal_observed,,1,False
100000001746925100,peripheral,0.7833333333333333,8,0.6664369469247519,1 payer / 1 recipient; 5k out; no role rule met; seed money in 65k,weak_signal,,1,False
100000001660397100,transit,0.9794238683127573,1,0.8256563356341629,"49k in from 2, 49k out to 3 (101%); 76% forwarded within 2 days; seed money in 20k",transit,,1,False
100000002591469100,terminal,0.9,5,0.5737318653061448,1 payer (1 seed) → 236k in; no outgoing transfers although depth 1 was crawled; seed money in 236k,terminal_observed,,1,False
100000002731501100,peripheral,0.26111111111111107,22,0.3987635085196061,3 payers / 7 recipients; 834k out; no role rule met; seed money in 13k; flags repeat_amount,weak_signal,,1,False
100000000089154100,coordinator,0.75,4,0.7936608247029534,pays 2 seeds back; on cycles with 1 seed; downstream of 7 seeds; betweenness top 7%; seed money in 10k,coordinator,distributor;transit,1,False
100000008732098100,terminal,0.9,9,0.5001852285666034,1 payer (1 seed) → 16k in; no outgoing transfers although depth 1 was crawled; seed money in 16k,terminal_observed,,1,False
100000005456919100,peripheral,0.8,32,0.44377677415371436,2 payers / 1 recipient; 5k out; no role rule met; seed money in 333k,weak_signal,,1,False
100000000507799100,peripheral,0.4485580670303977,31,0.5208645452547892,1 payer / 1 recipient; 8k out; no role rule met; seed money in 5k,weak_signal,,1,False
100000008716439100,terminal,0.9,9,0.4905152078101081,1 payer (1 seed) → 12k in; no outgoing transfers although depth 1 was crawled; seed money in 12k,terminal_observed,,1,False
100000002981527100,terminal,0.9,5,0.5689649536656189,1 payer (1 seed) → 168k in; no outgoing transfers although depth 1 was crawled; seed money in 168k,terminal_observed,,1,False
100000002844652100,terminal,0.9,5,0.5478543449718616,1 payer (1 seed) → 61k in; no outgoing transfers although depth 1 was crawled; seed money in 61k,terminal_observed,,1,False
100000002605548100,terminal,0.9,2,0.667163333460451,2 payers (1 seed) → 117k in; no outgoing transfers although depth 1 was crawled; seed money in 95k,terminal_observed,,1,False
100000002750956100,terminal,0.9,1,0.6194261183174709,1 payer (1 seed) → 47k in; no outgoing transfers although depth 1 was crawled; seed money in 47k,terminal_observed,,1,False
100000002982252100,terminal,0.9,9,0.5093104594213242,1 payer (1 seed) → 20k in; no outgoing transfers although depth 1 was crawled; seed money in 20k,terminal_observed,,1,False
100000000961900100,terminal,0.9,1,0.6011756566080291,2 payers (1 seed) → 36k in; no outgoing transfers although depth 1 was crawled; seed money in 27k,terminal_observed,,1,False
100000007175718100,terminal,0.9,35,0.5089018669949934,1 payer (1 seed) → 20k in; no outgoing transfers although depth 1 was crawled; seed money in 20k,terminal_observed,,1,False
100000002306369100,peripheral,0.19999999999999996,4,0.5571611724605073,1 payer / 6 recipients; 261k out; no role rule met; seed money in 73k; flags burst,weak_signal,,1,False
100000000667713100,peripheral,0.17113686765136626,2,0.5680569704959949,2 payers / 6 recipients; 79k out; no role rule met; seed money in 108k; flags near_threshold,weak_signal,,1,False
100000001072022100,terminal,0.9,8,0.6918150765157418,3 payers (1 seed) → 1.68M in; no outgoing transfers although depth 1 was crawled; seed money in 748k,terminal_observed,,1,False
100000008116374100,terminal,0.9,2,0.6044443960186755,1 payer (1 seed) → 31k in; no outgoing transfers although depth 1 was crawled; seed money in 31k,terminal_observed,,1,False
100000000703894100,peripheral,0.6354166666666666,25,0.5276290198684878,1 payer / 1 recipient; 35k out; no role rule met; seed money in 120k,weak_signal,,1,False
100000008066326100,terminal,0.9,1,0.5868749216864517,1 payer (1 seed) → 19k in; no outgoing transfers although depth 1 was crawled; seed money in 19k,terminal_observed,,1,False
100000004662806100,transit,0.5526575034010415,12,0.6562448358457228,"107k in from 2, 60k out to 2 (56%); 55% forwarded within 2 days; seed money in 98k",transit,,1,False
100000005778283100,terminal,0.9,4,0.6794892049880964,3 payers (2 seeds) → 616k in; no outgoing transfers although depth 1 was crawled; seed money in 350k,terminal_observed,,1,False
100000004408683100,terminal,0.9,2,0.6365870002233639,2 payers (1 seed) → 113k in; no outgoing transfers although depth 1 was crawled; seed money in 86k,terminal_observed,,1,False
100000002704875100,terminal,0.9,1,0.605261580871337,3 payers (1 seed) → 245k in; no outgoing transfers although depth 1 was crawled; seed money in 32k,terminal_observed,,1,False
100000008349675100,peripheral,0.015208512467755897,5,0.425617110761235,1 payer / 1 recipient; 37k out; no role rule met; seed money in 47k,weak_signal,,1,False
100000006889963100,peripheral,0.09999999999999998,11,0.6033775157943673,4 payers / 1 recipient; 443k out; no role rule met; seed money in 534k; flags burst,weak_signal,,1,False
100000008771819100,terminal,0.9,9,0.5308296605414122,1 payer (1 seed) → 39k in; no outgoing transfers although depth 1 was crawled; seed money in 39k,terminal_observed,,1,False
100000008586731100,terminal,0.9,12,0.48983422043289016,1 payer (1 seed) → 12k in; no outgoing transfers although depth 1 was crawled; seed money in 12k,terminal_observed,,1,False
100000005844459100,terminal,0.9,1,0.6474827982588515,2 payers (1 seed) → 243k in; no outgoing transfers although depth 1 was crawled; seed money in 152k,terminal_observed,,1,False
100000008172352100,peripheral,0.0,18,0.5387972128548625,"90k in, 290k out (321%); 100% forwarded within 2 days, but most outflow comes from outside the graph; seed money in 44k",weak_signal,transit,1,False
100000001162560100,distributor,0.8,3,0.8451743418483996,pays 12 recipients 2.90M; from 1 payer (1 seed); 52% passed on within 2 days; seed money in 331k,distributor,transit,1,False
100000008779584100,terminal,0.9,9,0.5245645766710069,1 payer (1 seed) → 31k in; no outgoing transfers although depth 1 was crawled; seed money in 31k,terminal_observed,,1,False
100000007631637100,terminal,0.9,9,0.49868705633672383,1 payer (1 seed) → 15k in; no outgoing transfers although depth 1 was crawled; seed money in 15k,terminal_observed,,1,False
100000007347733100,terminal,0.9,38,0.5132601862091885,1 payer (1 seed) → 23k in; no outgoing transfers although depth 1 was crawled; seed money in 23k,terminal_observed,,1,False
100000001463701100,terminal,0.9,15,0.6677762220999472,2 payers (1 seed) → 621k in; no outgoing transfers although depth 1 was crawled; seed money in 248k,terminal_observed,,1,False
100000008664469100,terminal,0.9,8,0.6264402883028161,1 payer (1 seed) → 25k in; no outgoing transfers although depth 1 was crawled; seed money in 25k,terminal_observed,,1,False
100000003923946100,peripheral,0.0,5,0.46027936826163,"282k in, 675k out (239%); 72% forwarded within 2 days, but most outflow comes from outside the graph; seed money in 282k",weak_signal,transit,1,False
100000006562026100,terminal,0.9,38,0.5560942922361991,2 payers (2 seeds) → 75k in; no outgoing transfers although depth 1 was crawled; seed money in 75k; flags near_threshold,terminal_observed,,1,False
100000008776298100,terminal,0.9,9,0.5349155848047201,1 payer (1 seed) → 43k in; no outgoing transfers although depth 1 was crawled; seed money in 43k,terminal_observed,,1,False
100000006446271100,terminal,0.9,8,0.6544969682441966,2 payers (1 seed) → 80k in; no outgoing transfers although depth 1 was crawled; seed money in 54k,terminal_observed,,1,False
100000004588479100,terminal,0.9,2,0.649661957865949,1 payer (1 seed) → 178k in; no outgoing transfers although depth 1 was crawled; seed money in 178k,terminal_observed,,1,False
100000002324543100,terminal,0.9,5,0.5238835892937889,1 payer (1 seed) → 30k in; no outgoing transfers although depth 1 was crawled; seed money in 30k,terminal_observed,,1,False
100000007129492100,transit,0.5097077858403608,8,0.6542699724517906,"51k in from 2, 37k out to 1 (73%); 51% forwarded within 2 days; seed money in 51k",transit,,1,False
100000003877908100,terminal,0.9,8,0.6414220106016115,1 payer (1 seed) → 40k in; no outgoing transfers although depth 1 was crawled; seed money in 40k,terminal_observed,,1,False
100000002748180100,peripheral,0.0,10,0.3646687405002261,"10k in, 680k out (6866%); 100% forwarded within 2 days, but most outflow comes from outside the graph; seed money in 10k",weak_signal,transit,1,False
100000000945428100,terminal,0.9,1,0.6369955926496947,1 payer (1 seed) → 90k in; no outgoing transfers although depth 1 was crawled; seed money in 90k,terminal_observed,,1,False
100000003115284100,consolidator,0.7803517704235131,13,1.0,8 payers (2 seeds) → 2.16M in; sends on 24%; to 2 recipients; up to 7 payers same day; seed money in 875k; flags burst,consolidator,,1,False
100000005394708100,peripheral,0.0,20,0.39606225858997485,"26k in, 65k out (250%); 100% forwarded within 2 days, but most outflow comes from outside the graph; seed money in 26k",weak_signal,transit,1,False
100000008747113100,terminal,0.9,8,0.6667547410341202,2 payers (1 seed) → 198k in; no outgoing transfers although depth 1 was crawled; seed money in 93k,terminal_observed,,1,False
100000004491881100,terminal,0.9,9,0.5023643881737009,1 payer (1 seed) → 17k in; no outgoing transfers although depth 1 was crawled; seed money in 17k,terminal_observed,,1,False
100000006008169100,terminal,0.9,12,0.551395479333395,1 payer (1 seed) → 70k in; no outgoing transfers although depth 1 was crawled; seed money in 70k,terminal_observed,,1,False
100000002681449100,peripheral,0.2566939284431202,4,0.4779850400692973,2 payers / 2 recipients; 133k out; no role rule met; seed money in 12k,weak_signal,,1,False
100000002645609100,terminal,0.9,1,0.6199709082192454,4 payers (1 seed) → 547k in; no outgoing transfers although depth 1 was crawled; seed money in 48k,terminal_observed,,1,False
100000006369769100,terminal,0.9,9,0.5323278327712918,1 payer (1 seed) → 40k in; no outgoing transfers although depth 1 was crawled; seed money in 40k,terminal_observed,,1,False
100000002173161100,terminal,0.9,3,0.6852094989567274,3 payers (1 seed) → 1.43M in; no outgoing transfers although depth 1 was crawled; seed money in 871k,terminal_observed,,1,False
100000008686313100,consolidator,0.7127418811783872,11,0.9563668687837205,6 payers (1 seed) → 1.91M in; sends on 17%; to 7 recipients; up to 2 payers same day; seed money in 236k; flags near_threshold,consolidator,,1,False
100000004692798100,peripheral,0.8,12,0.5523942608199814,"2 payers / 1 recipient; 15k out; no role rule met; seed money in 205k; flags burst,near_threshold",weak_signal,,1,False
100000002939838100,terminal,0.9,16,0.6779229340204952,3 payers (1 seed) → 571k in; no outgoing transfers although depth 1 was crawled; seed money in 167k,terminal_observed,,1,False
100000003119550100,terminal,0.9,9,0.5102638417494294,1 payer (1 seed) → 21k in; no outgoing transfers although depth 1 was crawled; seed money in 21k,terminal_observed,,1,False
100000004315838100,peripheral,0.55,8,0.6000633772252398,2 payers / 1 recipient; 18k out; no role rule met; seed money in 25k,weak_signal,,1,False
100000002671806100,terminal,0.9,12,0.4909238002364389,1 payer (1 seed) → 12k in; no outgoing transfers although depth 1 was crawled; seed money in 12k,terminal_observed,,1,False
100000008716222100,terminal,0.9,9,0.5050883376825728,1 payer (1 seed) → 18k in; no outgoing transfers although depth 1 was crawled; seed money in 18k,terminal_observed,,1,False
100000005496254100,terminal,0.9,1,0.5714846069613254,1 payer (1 seed) → 13k in; no outgoing transfers although depth 1 was crawled; seed money in 13k,terminal_observed,,1,False
100000004622227100,peripheral,0.047370743251373804,4,0.509946047640061,1 payer / 3 recipients; 19k out; no role rule met; seed money in 25k,weak_signal,,1,False
100000000274067100,peripheral,0.13964736606246042,5,0.471038968821674,2 payers / 3 recipients; 2.97M out; no role rule met; seed money in 273k; flags near_threshold,weak_signal,,1,False
100000008782056100,terminal,0.9,9,0.5223854170639094,1 payer (1 seed) → 29k in; no outgoing transfers although depth 1 was crawled; seed money in 29k,terminal_observed,,1,False
100000006788200100,peripheral,0.6,5,0.6290053407570038,4 payers / 3 recipients; 64k out; no role rule met; seed money in 95k,weak_signal,,1,False
100000001164648100,terminal,0.9,10,0.5479224437095835,2 payers (1 seed) → 14k in; no outgoing transfers although depth 1 was crawled; seed money in 6k,terminal_observed,,1,False
100000005133757100,terminal,0.9,13,0.6267126832537032,2 payers (1 seed) → 65k in; no outgoing transfers although depth 1 was crawled; seed money in 25k,terminal_observed,,1,False
100000006445501100,terminal,0.9,2,0.6504791427186106,1 payer (1 seed) → 91k in; no outgoing transfers although depth 1 was crawled; seed money in 91k,terminal_observed,,1,False
100000004390333100,coordinator,0.75,4,0.8872639016763186,pays 2 seeds back; on cycles with 1 seed; downstream of 7 seeds; betweenness top 5%; seed money in 46k,coordinator,transit,1,False
100000001641789100,terminal,0.9,5,0.6152720953164413,1 payer (1 seed) → 18k in; no outgoing transfers although depth 1 was crawled; seed money in 18k,terminal_observed,,1,False
100000000968253100,terminal,0.9,9,0.49800606895950583,1 payer (1 seed) → 15k in; no outgoing transfers although depth 1 was crawled; seed money in 15k,terminal_observed,,1,False
100000001527186100,terminal,0.9,8,0.6911340891385237,1 payer (1 seed) → 678k in; no outgoing transfers although depth 1 was crawled; seed money in 678k,terminal_observed,,1,False
100000005852946100,terminal,0.9,8,0.6246697211220493,1 payer (1 seed) → 24k in; no outgoing transfers although depth 1 was crawled; seed money in 24k,terminal_observed,,1,False
100000001530983100,peripheral,0.0,16,0.5708717183218291,"564k in, 1.83M out (324%); 51% forwarded within 2 days, but most outflow comes from outside the graph; seed money in 393k",weak_signal,transit,1,False
100000008221543100,terminal,0.9,14,0.5909608459497595,2 payers (1 seed) → 542k in; no outgoing transfers although depth 1 was crawled; seed money in 21k,terminal_observed,,1,False
100000001937767100,peripheral,0.0,15,0.5573200695151915,"53k in, 1.93M out (3647%); 100% forwarded within 2 days, but most outflow comes from outside the graph; seed money in 53k",weak_signal,transit,1,False
100000002462183100,terminal,0.9,35,0.5620188824179955,1 payer (1 seed) → 108k in; no outgoing transfers although depth 1 was crawled; seed money in 108k,terminal_observed,,1,False
100000001805543100,terminal,0.9,2,0.6275979668440866,1 payer (1 seed) → 59k in; no outgoing transfers although depth 1 was crawled; seed money in 59k,terminal_observed,,1,False
100000002606567100,peripheral,0.7833333333333333,1,0.5663318024737094,1 payer / 1 recipient; 53k out; no role rule met; seed money in 14k,weak_signal,,1,False
100000007281639100,terminal,0.9,2,0.6468018108816336,2 payers (1 seed) → 217k in; no outgoing transfers although depth 1 was crawled; seed money in 149k,terminal_observed,,1,False
100000002991079100,peripheral,0.8,2,0.6216506770830496,2 payers / 1 recipient; 11k out; no role rule met; seed money in 55k,weak_signal,,1,False
100000002847207100,terminal,0.9,8,0.6468699096193553,1 payer (1 seed) → 46k in; no outgoing transfers although depth 1 was crawled; seed money in 46k,terminal_observed,,1,False
100000000011452100,peripheral,0.6966363636363636,1,0.6049437867619686,3 payers / 1 recipient; 17k out; no role rule met; seed money in 77k; flags near_threshold,weak_signal,,1,False
100000003148220100,peripheral,0.0,40,0.34103847851076236,"6k in, 43k out (768%); 100% forwarded within 2 days, but most outflow comes from outside the graph; seed money in 6k",weak_signal,transit,1,False
100000002479804100,transit,0.5,18,0.5225670136978341,"46k in from 1, 35k out to 2 (77%); 50% forwarded within 2 days; seed money in 46k",transit,,1,False
100000008745489100,terminal,0.9,9,0.5462199752665385,1 payer (1 seed) → 56k in; no outgoing transfers although depth 1 was crawled; seed money in 56k,terminal_observed,,1,False
100000002289937100,terminal,0.9,9,0.5089018669949934,1 payer (1 seed) → 20k in; no outgoing transfers although depth 1 was crawled; seed money in 20k,terminal_observed,,1,False
100000004679953100,peripheral,0.6833333333333333,1,0.613138334867825,3 payers / 3 recipients; 34k out; no role rule met; seed money in 42k,weak_signal,,1,False
100000003066385100,terminal,0.9,1,0.5633127584347097,2 payers (1 seed) → 20k in; no outgoing transfers although depth 1 was crawled; seed money in 10k,terminal_observed,,1,False
100000008744849100,terminal,0.9,9,0.5364137570345996,1 payer (1 seed) → 44k in; no outgoing transfers although depth 1 was crawled; seed money in 44k,terminal_observed,,1,False
100000005093521100,terminal,0.9,8,0.6075088392161563,1 payer (1 seed) → 15k in; no outgoing transfers although depth 1 was crawled; seed money in 15k,terminal_observed,,1,False
100000006518161100,transit,0.9928517334230899,2,0.9509716327898146,"594k in from 3, 596k out to 2 (100%); 50% forwarded within 2 days; seed money in 546k; flags near_threshold",transit,,1,False
100000001126374100,peripheral,0.6,1,0.574117758153235,4 payers / 2 recipients; 29k out; no role rule met; seed money in 20k,weak_signal,,1,False
100000004509286100,terminal,0.9,8,0.6414220106016115,1 payer (1 seed) → 40k in; no outgoing transfers although depth 1 was crawled; seed money in 40k,terminal_observed,,1,False
100000005056870100,terminal,0.9,35,0.5089018669949934,1 payer (1 seed) → 20k in; no outgoing transfers although depth 1 was crawled; seed money in 20k,terminal_observed,,1,False
100000008708368100,terminal,0.9,9,0.5153031483408425,1 payer (1 seed) → 24k in; no outgoing transfers although depth 1 was crawled; seed money in 24k,terminal_observed,,1,False
100000005895525100,terminal,0.9,35,0.5637894495987622,1 payer (1 seed) → 120k in; no outgoing transfers although depth 1 was crawled; seed money in 120k,terminal_observed,,1,False
100000008716773100,terminal,0.9,9,0.5001852285666034,1 payer (1 seed) → 16k in; no outgoing transfers although depth 1 was crawled; seed money in 16k,terminal_observed,,1,False
100000002778085100,terminal,0.9,2,0.6296409289757406,1 payer (1 seed) → 66k in; no outgoing transfers although depth 1 was crawled; seed money in 66k,terminal_observed,,1,False
100000007055802100,consolidator,0.674874874874875,1,0.9305447354227844,6 payers (1 seed) → 2.02M in; sends on 30%; to 1 recipient; up to 4 payers same day; seed money in 414k,consolidator,,1,False
100000003071930100,peripheral,0.7,5,0.6559270417363544,3 payers / 1 recipient; 5k out; no role rule met; seed money in 228k,weak_signal,,1,False
100000002941114100,peripheral,0.7665551318963505,2,0.6101192908288253,2 payers / 1 recipient; 15k out; no role rule met; seed money in 40k; flags near_threshold,weak_signal,,1,False
100000003888271100,peripheral,0.0,33,0.36800557864859423,"12k in, 26k out (210%); 54% forwarded within 2 days, but most outflow comes from outside the graph; seed money in 12k",weak_signal,transit,1,False
100000007507343100,terminal,0.9,37,0.5784987769466706,1 payer (1 seed) → 370k in; no outgoing transfers although depth 1 was crawled; seed money in 370k,terminal_observed,,1,False
100000008002020100,peripheral,0.7122935282967776,12,0.5235884947636611,1 payer / 1 recipient; 17k out; no role rule met; seed money in 74k,weak_signal,,1,False
100000001872484100,peripheral,0.261848749139316,39,0.48440902099438693,1 payer / 3 recipients; 515k out; no role rule met; seed money in 871k,weak_signal,,1,False
100000008769636100,terminal,0.9,9,0.513396383684632,1 payer (1 seed) → 23k in; no outgoing transfers although depth 1 was crawled; seed money in 23k,terminal_observed,,1,False
100000004135268100,transit,0.6860371267150929,37,0.577908587886415,"1.24M in from 2, 1.00M out to 3 (81%); 69% forwarded within 2 days; seed money in 1.21M",transit,,1,False
100000005316708100,peripheral,0.5666666666666667,5,0.5194117721833909,1 payer / 2 recipients; 258k out; no role rule met; seed money in 90k,weak_signal,,1,False
100000008671929100,terminal,0.9,8,0.6626688167708125,1 payer (1 seed) → 75k in; no outgoing transfers although depth 1 was crawled; seed money in 75k,terminal_observed,,1,False
100000005287097100,coordinator,0.75,2,0.9321273500874387,"pays 2 seeds back; on cycles with 1 seed; downstream of 7 seeds; betweenness top 3%; seed money in 111k; flags repeat_amount,near_threshold",coordinator,transit,1,False
100000007283257100,terminal,0.9,42,0.5708717183218291,1 payer (1 seed) → 192k in; no outgoing transfers although depth 1 was crawled; seed money in 192k; flags burst,terminal_observed,,1,False
100000004847758100,distributor,0.6875,4,0.8245340684365075,pays 15 recipients 489k; from 4 payers (1 seed); 52% passed on within 2 days; seed money in 19k; flags repeat_amount,distributor,transit,1,False
100000008737422100,terminal,0.9,9,0.5548004162194851,1 payer (1 seed) → 77k in; no outgoing transfers although depth 1 was crawled; seed money in 77k,terminal_observed,,1,False
100000008555918100,peripheral,0.5666666666666667,8,0.6581289009226925,1 payer / 2 recipients; 43k out; no role rule met; seed money in 139k,weak_signal,,1,False
100000008094734100,terminal,0.9,1,0.6642350877384138,4 payers (2 seeds) → 236k in; no outgoing transfers although depth 1 was crawled; seed money in 199k,terminal_observed,,1,False
100000006952718100,terminal,0.9,2,0.6320924835337254,1 payer (1 seed) → 71k in; no outgoing transfers although depth 1 was crawled; seed money in 71k,terminal_observed,,1,False
100000005339662100,transit,0.6340575246749023,2,0.6499797519753173,"203k in from 4, 295k out to 4 (145%); 63% forwarded within 2 days; seed money in 64k; flags near_threshold",transit,,1,False
100000001716579100,terminal,0.9,9,0.49446493459797236,1 payer (1 seed) → 14k in; no outgoing transfers although depth 1 was crawled; seed money in 14k,terminal_observed,,1,False
100000002774456100,terminal,0.9,2,0.635906012846146,1 payer (1 seed) → 50k in; no outgoing transfers although depth 1 was crawled; seed money in 50k,terminal_observed,,1,False
100000004394765100,coordinator,0.75,2,0.9231873477993213,pays 2 seeds back; downstream of 7 seeds; betweenness top 9%; seed money in 454k,coordinator,,1,False
100000004004621100,terminal,0.9,4,0.6272574731554776,3 payers (1 seed) → 75k in; no outgoing transfers although depth 1 was crawled; seed money in 25k,terminal_observed,,1,False
100000000907277100,terminal,0.9,9,0.503317770501806,1 payer (1 seed) → 18k in; no outgoing transfers although depth 1 was crawled; seed money in 18k,terminal_observed,,1,False
100000003835149100,peripheral,0.5666666666666667,12,0.5384113200077724,1 payer / 2 recipients; 4.60M out; no role rule met; seed money in 248k,weak_signal,,1,False
100000004254434100,terminal,0.9,9,0.5364137570345996,1 payer (1 seed) → 44k in; no outgoing transfers although depth 1 was crawled; seed money in 44k,terminal_observed,,1,False
100000003635170100,transit,0.8603351955307261,29,0.878623533834177,"268k in from 3, 254k out to 4 (94%); 53% forwarded within 2 days; seed money in 46k; flags near_threshold",transit,,1,False
100000006687202100,terminal,0.9,1,0.6225586602526737,1 payer (1 seed) → 50k in; no outgoing transfers although depth 1 was crawled; seed money in 50k,terminal_observed,,1,False
100000006030946100,terminal,0.9,9,0.5528936515632747,1 payer (1 seed) → 73k in; no outgoing transfers although depth 1 was crawled; seed money in 73k,terminal_observed,,1,False
100000002615479100,terminal,0.9,5,0.5730508779289267,1 payer (1 seed) → 220k in; no outgoing transfers although depth 1 was crawled; seed money in 220k,terminal_observed,,1,False
100000002952631100,terminal,0.9,2,0.6201071056946889,1 payer (1 seed) → 48k in; no outgoing transfers although depth 1 was crawled; seed money in 48k,terminal_observed,,1,False
100000002890167100,terminal,0.9,2,0.6432606765201001,1 payer (1 seed) → 118k in; no outgoing transfers although depth 1 was crawled; seed money in 118k,terminal_observed,,1,False
100000008687671100,terminal,0.9,9,0.5298762782133071,1 payer (1 seed) → 38k in; no outgoing transfers although depth 1 was crawled; seed money in 38k,terminal_observed,,1,False
100000000810551100,peripheral,0.7833333333333333,8,0.6752897828285854,1 payer / 1 recipient; 7k out; no role rule met; seed money in 100k,weak_signal,,1,False
100000008724279100,terminal,0.9,2,0.5686244599770099,1 payer (1 seed) → 12k in; no outgoing transfers although depth 1 was crawled; seed money in 12k,terminal_observed,,1,False
100000002592567100,peripheral,0.5666666666666667,2,0.5375941351551108,1 payer / 2 recipients; 49k out; no role rule met; seed money in 5k,weak_signal,,1,False
100000002670860100,terminal,0.9,10,0.575025741322859,2 payers (1 seed) → 450k in; no outgoing transfers although depth 1 was crawled; seed money in 200k,terminal_observed,,1,False
100000002844897100,terminal,0.9,5,0.4860206911204694,1 payer (1 seed) → 11k in; no outgoing transfers although depth 1 was crawled; seed money in 11k,terminal_observed,,1,False
100000007938486100,terminal,0.9,9,0.5313744504431867,1 payer (1 seed) → 40k in; no outgoing transfers although depth 1 was crawled; seed money in 40k,terminal_observed,,1,False
100000008438656100,peripheral,0.8,8,0.6540656762386252,2 payers / 1 recipient; 5k out; no role rule met; seed money in 55k,weak_signal,,1,False
100000008304139100,coordinator,0.75,4,0.8560202008095579,pays 2 seeds back; on cycles with 1 seed; downstream of 7 seeds; betweenness top 2%; seed money in 24k,coordinator,distributor;transit,1,False
100000002597003100,peripheral,0.2231638418079096,1,0.4946692308111377,1 payer / 1 recipient; 11k out; no role rule met; seed money in 18k,weak_signal,,1,False
100000002830055100,terminal,0.9,9,0.49487352702430315,1 payer (1 seed) → 14k in; no outgoing transfers although depth 1 was crawled; seed money in 14k,terminal_observed,,1,False
100000004299488100,consolidator,0.7013724985706118,1,0.9402301918931631,6 payers (1 seed) → 1.75M in; sends on 20%; to 2 recipients; up to 3 payers same day; seed money in 756k,consolidator,,1,False
100000002809568100,terminal,0.9,1,0.5630403634838225,1 payer (1 seed) → 10k in; no outgoing transfers although depth 1 was crawled; seed money in 10k,terminal_observed,,1,False
100000004784224100,peripheral,0.7833333333333333,12,0.49169558593061924,1 payer / 1 recipient; 100k out; no role rule met; seed money in 24k,weak_signal,,1,False
100000003123296100,terminal,0.9,12,0.5567071808756953,1 payer (1 seed) → 86k in; no outgoing transfers although depth 1 was crawled; seed money in 86k,terminal_observed,,1,False
100000004130144100,terminal,0.9,5,0.5720974956008216,1 payer (1 seed) → 200k in; no outgoing transfers although depth 1 was crawled; seed money in 200k,terminal_observed,,1,False
100000001253557100,consolidator,0.75,3,0.6463478192968216,5 payers (1 seed) → 210k in; sends on 0%; to 0 recipients; up to 1 payer same day; seed money in 34k,consolidator,terminal,1,False
100000008767925100,terminal,0.9,9,0.5023643881737009,1 payer (1 seed) → 17k in; no outgoing transfers although depth 1 was crawled; seed money in 17k,terminal_observed,,1,False
100000007181706100,terminal,0.9,8,0.6776505390696079,2 payers (1 seed) → 176k in; no outgoing transfers although depth 1 was crawled; seed money in 164k,terminal_observed,,1,False
100000003366154100,peripheral,0.0,8,0.5770687034545128,"125k in, 289k out (231%); 100% forwarded within 2 days, but most outflow comes from outside the graph; seed money in 125k",weak_signal,transit,1,False
100000007641183100,terminal,0.9,2,0.6014480515589163,1 payer (1 seed) → 28k in; no outgoing transfers although depth 1 was crawled; seed money in 28k,terminal_observed,,1,False
100000008663007100,terminal,0.9,9,0.49487352702430315,1 payer (1 seed) → 14k in; no outgoing transfers although depth 1 was crawled; seed money in 14k,terminal_observed,,1,False
100000007334196100,terminal,0.9,2,0.660149163475106,1 payer (1 seed) → 150k in; no outgoing transfers although depth 1 was crawled; seed money in 150k,terminal_observed,,1,False
100000003873332100,peripheral,0.30000000000000004,11,0.5319873390826828,1 payer / 4 recipients; 286k out; no role rule met; seed money in 23k,weak_signal,,1,False
100000001550388100,terminal,0.9,1,0.6225586602526737,1 payer (1 seed) → 50k in; no outgoing transfers although depth 1 was crawled; seed money in 50k,terminal_observed,,1,False
100000008718089100,terminal,0.9,9,0.49964043866482893,1 payer (1 seed) → 16k in; no outgoing transfers although depth 1 was crawled; seed money in 16k,terminal_observed,,1,False
100000008728457100,terminal,0.9,2,0.6303219163529586,1 payer (1 seed) → 45k in; no outgoing transfers although depth 1 was crawled; seed money in 45k,terminal_observed,,1,False
100000004206046100,terminal,0.9,2,0.5669900902716868,1 payer (1 seed) → 11k in; no outgoing transfers although depth 1 was crawled; seed money in 11k,terminal_observed,,1,False
100000006579678100,peripheral,0.19999999999999996,2,0.5574335674113945,2 payers / 6 recipients; 1.67M out; no role rule met; seed money in 53k,weak_signal,,1,False
100000002988894100,peripheral,0.35,8,0.6164978725954335,1 payer / 3 recipients; 78k out; no role rule met; seed money in 306k,weak_signal,,1,False
100000008749406100,terminal,0.9,9,0.5023643881737009,1 payer (1 seed) → 17k in; no outgoing transfers although depth 1 was crawled; seed money in 17k,terminal_observed,,1,False
100000005584222100,peripheral,0.16976706777295203,1,0.5666495965830778,2 payers / 2 recipients; 109k out; no role rule met; seed money in 191k,weak_signal,,1,False
100000003239859100,terminal,0.9,12,0.5059055225352344,1 payer (1 seed) → 19k in; no outgoing transfers although depth 1 was crawled; seed money in 19k,terminal_observed,,1,False
100000003980083100,terminal,0.9,43,0.523202601916571,1 payer (1 seed) → 30k in; no outgoing transfers although depth 1 was crawled; seed money in 30k,terminal_observed,,1,False
100000004351795100,distributor,0.7388888888888889,14,0.9092588859772897,pays 14 recipients 1.72M; from 3 payers (1 seed); 100% passed on within 2 days; seed money in 67k; flags near_threshold,distributor,transit,1,False
100000002666248100,terminal,0.9,8,0.660762052114602,1 payer (1 seed) → 70k in; no outgoing transfers although depth 1 was crawled; seed money in 70k,terminal_observed,,1,False
100000005877725100,terminal,0.9,9,0.551395479333395,1 payer (1 seed) → 70k in; no outgoing transfers although depth 1 was crawled; seed money in 70k,terminal_observed,,1,False
100000001697501100,distributor,1.0,17,0.7842740946953807,"pays 38 recipients 1.48M; from 3 payers (1 seed); 100% passed on within 2 days; seed money in 28k; flags repeat_amount,near_threshold",distributor,transit,1,False
100000006972210100,terminal,0.9,5,0.673905108494909,3 payers (3 seeds) → 489k in; no outgoing transfers although depth 1 was crawled; seed money in 489k,terminal_observed,,1,False
100000008749618100,terminal,0.9,9,0.5391377065434716,1 payer (1 seed) → 47k in; no outgoing transfers although depth 1 was crawled; seed money in 47k,terminal_observed,,1,False
100000008671026100,terminal,0.9,9,0.5150307533899552,1 payer (1 seed) → 24k in; no outgoing transfers although depth 1 was crawled; seed money in 24k,terminal_observed,,1,False
100000001696818100,terminal,0.9,18,0.544721803036659,1 payer (1 seed) → 54k in; no outgoing transfers although depth 1 was crawled; seed money in 54k,terminal_observed,,1,False
100000008679986100,terminal,0.9,9,0.5064503124370088,1 payer (1 seed) → 19k in; no outgoing transfers although depth 1 was crawled; seed money in 19k,terminal_observed,,1,False
100000003616818100,peripheral,0.6833333333333333,22,0.4804819937857633,3 payers / 3 recipients; 240k out; no role rule met; seed money in 22k,weak_signal,,1,False
100000004156082100,distributor,0.9333333333333333,2,0.9007501756947434,pays 26 recipients 2.32M; from 5 payers (1 seed); 100% passed on within 2 days; seed money in 66k; flags near_threshold,distributor,transit,1,False
100000008667058100,terminal,0.9,9,0.503317770501806,1 payer (1 seed) → 18k in; no outgoing transfers although depth 1 was crawled; seed money in 18k,terminal_observed,,1,False
100000008628231100,peripheral,0.12,8,0.5678980734413107,"1 payer / 2 recipients; 628k out; no role rule met; seed money in 50k; flags repeat_amount,near_threshold",weak_signal,,1,False
100000008749063100,terminal,0.9,9,0.5064503124370088,1 payer (1 seed) → 19k in; no outgoing transfers although depth 1 was crawled; seed money in 19k,terminal_observed,,1,False
100000004494983100,terminal,0.9,9,0.5272885261798788,1 payer (1 seed) → 35k in; no outgoing transfers although depth 1 was crawled; seed money in 35k,terminal_observed,,1,False
100000007648946100,peripheral,0.09846547314578014,4,0.4834102395078005,1 payer / 1 recipient; 25k out; no role rule met; seed money in 20k,weak_signal,,1,False
100000003037660100,terminal,0.9,8,0.6532711909652044,1 payer (1 seed) → 53k in; no outgoing transfers although depth 1 was crawled; seed money in 53k,terminal_observed,,1,False
100000002679516100,terminal,0.9,12,0.6366550989610857,3 payers (1 seed) → 102k in; no outgoing transfers although depth 1 was crawled; seed money in 35k,terminal_observed,,1,False
100000005588444100,terminal,0.9,5,0.49078760276099526,1 payer (1 seed) → 12k in; no outgoing transfers although depth 1 was crawled; seed money in 12k,terminal_observed,,1,False
100000001307612100,terminal,0.9,9,0.5305572655905251,1 payer (1 seed) → 38k in; no outgoing transfers although depth 1 was crawled; seed money in 38k,terminal_observed,,1,False
100000003001564100,peripheral,0.7833333333333333,2,0.5858080414621434,1 payer / 1 recipient; 180k out; no role rule met; seed money in 24k,weak_signal,,1,False
100000002762076100,peripheral,0.732810830067688,5,0.5358235679743442,2 payers / 1 recipient; 30k out; no role rule met; seed money in 140k,weak_signal,,1,False
100000005514161100,peripheral,0.09999999999999998,5,0.5796791550671817,4 payers / 1 recipient; 50k out; no role rule met; seed money in 119k,weak_signal,,1,False
100000008746673100,terminal,0.9,9,0.5443132106103281,1 payer (1 seed) → 53k in; no outgoing transfers although depth 1 was crawled; seed money in 53k,terminal_observed,,1,False
100000003265158100,transit,0.8720030882872326,2,0.9426190956124437,"146k in from 3, 154k out to 2 (106%); 87% forwarded within 2 days; seed money in 103k; flags burst",transit,,1,False
100000001567366100,terminal,0.9,2,0.6634179028857522,1 payer (1 seed) → 824k in; no outgoing transfers although depth 1 was crawled; seed money in 824k,terminal_observed,,1,False
100000008777088100,terminal,0.9,9,0.5050883376825728,1 payer (1 seed) → 18k in; no outgoing transfers although depth 1 was crawled; seed money in 18k,terminal_observed,,1,False
100000002589019100,terminal,0.9,12,0.5267437362781044,1 payer (1 seed) → 35k in; no outgoing transfers although depth 1 was crawled; seed money in 35k,terminal_observed,,1,False
100000008666075100,terminal,0.9,9,0.5203424549322554,1 payer (1 seed) → 26k in; no outgoing transfers although depth 1 was crawled; seed money in 26k,terminal_observed,,1,False
100000008137435100,peripheral,0.0,1,0.5273566249176005,"94k in, 1.42M out (1512%); 100% forwarded within 2 days, but most outflow comes from outside the graph; seed money in 44k",weak_signal,transit,1,False
100000004403675100,peripheral,0.18359383539184615,20,0.5751619387983025,4 payers / 5 recipients; 265k out; no role rule met; seed money in 104k,weak_signal,,1,False
100000004677680100,peripheral,0.4285714285714286,2,0.6133426310809904,2 payers / 1 recipient; 168k out; no role rule met; seed money in 63k,weak_signal,,1,False
100000005958064100,peripheral,0.5666666666666667,15,0.5220676229545409,1 payer / 2 recipients; 164k out; no role rule met; seed money in 6k,weak_signal,,1,False
100000002881669100,terminal,0.9,12,0.5059055225352344,1 payer (1 seed) → 19k in; no outgoing transfers although depth 1 was crawled; seed money in 19k,terminal_observed,,1,False
100000002938501100,peripheral,0.2555092316855272,2,0.46316221482518605,1 payer / 1 recipient; 5k out; no role rule met; seed money in 8k,weak_signal,,1,False
100000006734554100,peripheral,0.39393939393939403,25,0.4073893486310338,1 payer / 1 recipient; 25k out; no role rule met; seed money in 16k,weak_signal,,1,False
100000008003034100,peripheral,0.0,2,0.48568019743186047,"12k in, 135k out (1106%); 100% forwarded within 2 days, but most outflow comes from outside the graph; seed money in 12k",weak_signal,transit,1,False
100000003970394100,terminal,0.9,12,0.5562985884493645,1 payer (1 seed) → 85k in; no outgoing transfers although depth 1 was crawled; seed money in 85k,terminal_observed,,1,False
100000003205210100,terminal,0.9,8,0.6746541946098488,1 payer (1 seed) → 138k in; no outgoing transfers although depth 1 was crawled; seed money in 138k,terminal_observed,,1,False
100000004559194100,terminal,0.9,2,0.6557908442609108,1 payer (1 seed) → 282k in; no outgoing transfers although depth 1 was crawled; seed money in 282k,terminal_observed,,1,False
100000008173359100,terminal,0.9,2,0.5456070866270423,1 payer (1 seed) → 6k in; no outgoing transfers although depth 1 was crawled; seed money in 6k,terminal_observed,,1,False
100000007953156100,peripheral,0.3055555555555556,15,0.5157344403464137,1 payer / 1 recipient; 10k out; no role rule met; seed money in 18k,weak_signal,,2,False
100000002224132100,peripheral,0.1985487291889183,12,0.4844771197321087,5 payers / 4 recipients; 12.12M out; no role rule met; seed money in 403k; flags repeat_amount,weak_signal,,2,False
100000008547844100,distributor,0.975,3,0.7108936188758807,pays 19 recipients 2.04M; from 3 payers; 100% passed on within 2 days; seed money in 1k,distributor,transit,2,False
100000002635780100,terminal,0.9,5,0.6700915791824884,1 payer → 163k in; no outgoing transfers although depth 2 was crawled; seed money in 163k,terminal_observed,,2,False
100000001279875100,terminal,0.9,10,0.41220165943004083,1 payer → 49k in; no outgoing transfers although depth 2 was crawled; seed money in 717,terminal_observed,,2,False
100000001961048100,terminal,0.9,26,0.4638886013608852,1 payer → 150k in; no outgoing transfers although depth 2 was crawled; seed money in 313,terminal_observed,,2,False
100000000993112100,terminal,0.9,18,0.6038996061169011,1 payer → 141k in; no outgoing transfers although depth 2 was crawled; seed money in 21k,terminal_observed,,2,False
100000005547096100,peripheral,0.5666666666666667,36,0.4341521525557002,1 payer / 2 recipients; 226k out; no role rule met; seed money in 8k,weak_signal,,2,False
100000000331309100,distributor,1.0,7,0.8645379909238002,pays 99 recipients 23.00M; from 5 payers; 100% passed on within 2 days; seed money in 34k; flags repeat_amount,distributor,transit,2,False
100000006684930100,terminal,0.9,8,0.557524365728357,1 payer → 10k in; no outgoing transfers although depth 2 was crawled; seed money in 3k,terminal_observed,,2,False
100000004479404100,peripheral,0.7486595174262735,34,0.5244056796163227,2 payers / 1 recipient; 300k out; no role rule met; seed money in 3k; flags round_amounts,weak_signal,,2,False
100000004134060100,terminal,0.9,3,0.5808822327669335,1 payer → 88k in; no outgoing transfers although depth 2 was crawled; seed money in 11k,terminal_observed,,2,False
100000001083990100,terminal,0.9,12,0.6346802355671536,1 payer → 50k in; no outgoing transfers although depth 2 was crawled; seed money in 50k,terminal_observed,,2,False
100000004573782100,terminal,0.9,28,0.47471630065865106,1 payer → 15k in; no outgoing transfers although depth 2 was crawled; seed money in 8k,terminal_observed,,2,False
100000005660203100,peripheral,0.5666666666666667,2,0.6342262439823416,1 payer / 2 recipients; 41k out; no role rule met; seed money in 525k; flags near_threshold,weak_signal,,2,False
100000008771627100,terminal,0.9,17,0.38360018958688585,1 payer → 16k in; no outgoing transfers although depth 2 was crawled; seed money in 312,terminal_observed,,2,False
100000000031787100,transit,1.0,28,0.6628277138254965,"90k in from 1, 90k out to 2 (100%); 44% forwarded within 2 days; seed money in 48k; flags round_amounts",transit,,2,False
100000001346560100,peripheral,0.0,13,0.4909238002364389,"10k in, 22k out (222%); 50% forwarded within 2 days, but most outflow comes from outside the graph; seed money in 10k",weak_signal,transit,2,False
100000001703168100,transit,1.0,4,0.6216960762415308,"45k in from 1, 90k out to 1 (200%); 100% forwarded within 2 days; seed money in 636",transit,,2,False
100000004904960100,terminal,0.9,11,0.6211285867605159,2 payers → 32k in; no outgoing transfers although depth 2 was crawled; seed money in 22k,terminal_observed,,2,False
100000004467157100,peripheral,0.5625,21,0.3987408089403655,1 payer / 1 recipient; 7k out; no role rule met; seed money in 9k,weak_signal,,2,False
100000008346837100,peripheral,0.0,4,0.49535021818835573,"254k in, 1.26M out (495%); 83% forwarded within 2 days, but most outflow comes from outside the graph; seed money in 15k; flags near_threshold",weak_signal,transit,2,False
100000006385877100,peripheral,0.1480815121115424,5,0.32435428776892195,1 payer / 1 recipient; 37k out; no role rule met; seed money in 54k; flags near_threshold,weak_signal,,2,False
100000002459093100,peripheral,0.7833333333333333,5,0.5158025390841356,1 payer / 1 recipient; 55k out; no role rule met; seed money in 43k; flags round_amounts,weak_signal,,2,False
100000005053653100,peripheral,0.5045423556830974,4,0.4803911954688008,2 payers / 1 recipient; 25k out; no role rule met; seed money in 2k,weak_signal,,2,False
100000001557930100,terminal,0.9,19,0.475397288035869,1 payer → 35k in; no outgoing transfers although depth 2 was crawled; seed money in 8k,terminal_observed,,2,False
100000002820010100,terminal,0.9,19,0.471038968821674,1 payer → 30k in; no outgoing transfers although depth 2 was crawled; seed money in 7k,terminal_observed,,2,False
100000000769919100,terminal,0.9,41,0.5720974956008216,1 payer → 250k in; no outgoing transfers although depth 2 was crawled; seed money in 200k,terminal_observed,,2,False
100000003188607100,peripheral,0.6527777777777778,28,0.4435497783613083,1 payer / 1 recipient; 5k out; no role rule met; seed money in 10k,weak_signal,,2,False
100000002836052100,terminal,0.9,13,0.6091432089214796,1 payer → 15k in; no outgoing transfers although depth 2 was crawled; seed money in 15k,terminal_observed,,2,False
100000001102676100,transit,1.0,18,0.7430126155181589,"50k in from 1, 50k out to 1 (100%); 100% forwarded within 2 days; seed money in 7k",transit,,2,False
100000003390036100,peripheral,0.6649373108517078,13,0.675539478200232,2 payers / 2 recipients; 62k out; no role rule met; seed money in 231k,weak_signal,,2,False
100000008335401100,terminal,0.9,5,0.6371317901251383,1 payer → 150k in; no outgoing transfers although depth 2 was crawled; seed money in 43k,terminal_observed,,2,False
100000006994985100,peripheral,0.579381443298969,5,0.5953191651639546,1 payer / 1 recipient; 10k out; no role rule met; seed money in 48k,weak_signal,,2,False
100000008356606100,terminal,0.9,2,0.5377076330513139,2 payers → 168k in; no outgoing transfers although depth 2 was crawled; seed money in 5k,terminal_observed,,2,False
100000007930878100,terminal,0.9,33,0.4609603556388479,1 payer → 5k in; no outgoing transfers although depth 2 was crawled; seed money in 5k,terminal_observed,,2,False
100000008389800100,peripheral,0.0,2,0.48288814918526674,"189k in, 402k out (212%); 89% forwarded within 2 days, but most outflow comes from outside the graph; seed money in 14k",weak_signal,transit,2,False
100000005474472100,terminal,0.9,12,0.5143497660127373,1 payer → 100k in; no outgoing transfers although depth 2 was crawled; seed money in 24k,terminal_observed,,2,False
100000004486525100,consolidator,0.7123123123123123,4,0.7816699989648993,8 payers → 361k in; sends on 75%; to 2 recipients; up to 5 payers same day; seed money in 14k; flags near_threshold,consolidator,,2,False
100000003031890100,terminal,0.9,22,0.4516989273086835,1 payer → 215k in; no outgoing transfers although depth 2 was crawled; seed money in 3k,terminal_observed,,2,False
100000008624978100,terminal,0.9,3,0.5875559090636696,1 payer → 109k in; no outgoing transfers although depth 2 was crawled; seed money in 14k,terminal_observed,,2,False
100000000790311100,terminal,0.9,2,0.5096509531099332,1 payer → 46k in; no outgoing transfers although depth 2 was crawled; seed money in 1k,terminal_observed,,2,False
100000008546855100,consolidator,0.730352416771138,11,0.7589922113203711,"6 payers → 72k in; sends on 14%; to 2 recipients; up to 5 payers same day; seed money in 8k; flags burst,near_threshold",consolidator,,2,False
100000002863356100,peripheral,0.44444444444444453,17,0.3701166395179699,1 payer / 1 recipient; 20k out; no role rule met; seed money in 851,weak_signal,,2,False
100000000332284100,consolidator,0.7747747747747749,4,0.7421173441129096,10 payers → 107k in; sends on 269%; to 3 recipients; up to 3 payers same day; seed money in 7k; flags near_threshold,consolidator,,2,False
100000002605308100,terminal,0.9,15,0.6344759393539882,3 payers → 2.57M in; no outgoing transfers although depth 2 was crawled; seed money in 30k; flags round_amounts,terminal_observed,,2,False
100000005931985100,terminal,0.9,10,0.4256852094989568,1 payer → 76k in; no outgoing transfers although depth 2 was crawled; seed money in 1k,terminal_observed,,2,False
100000001166289100,peripheral,0.8,17,0.35456742773815947,2 payers / 1 recipient; 25k out; no role rule met; seed money in 11k,weak_signal,,2,False
100000008477350100,distributor,0.7954545454545454,1,0.9042831382077503,pays 39 recipients 3.37M; from 11 payers; 72% passed on within 2 days; seed money in 59k,distributor,transit,2,False
100000003824464100,terminal,0.9,1,0.5462880740042603,1 payer → 200k in; no outgoing transfers although depth 2 was crawled; seed money in 6k,terminal_observed,,2,False
100000002738256100,transit,1.0,37,0.5754570333284302,"150k in from 1, 175k out to 1 (117%); 100% forwarded within 2 days; seed money in 150k",transit,,2,False
100000001857829100,peripheral,0.0,13,0.46920030290318543,"889k in, 2.39M out (269%); 99% forwarded within 2 days, but most outflow comes from outside the graph; seed money in 8k",weak_signal,transit,2,False
100000008672762100,terminal,0.9,17,0.373793971354947,1 payer → 13k in; no outgoing transfers although depth 2 was crawled; seed money in 246,terminal_observed,,2,False
100000001737722100,terminal,0.9,18,0.5683520650261227,1 payer → 60k in; no outgoing transfers although depth 2 was crawled; seed money in 8k,terminal_observed,,2,False
100000005572303100,peripheral,0.6666666666666667,2,0.5540286305253047,1 payer / 1 recipient; 20k out; no role rule met; seed money in 12k,weak_signal,,2,False
100000008733049100,terminal,0.9,2,0.4598026770975774,1 payer → 10k in; no outgoing transfers although depth 2 was crawled; seed money in 286,terminal_observed,,2,False
100000000850297100,transit,1.0,10,0.40112426476062846,"18k in from 1, 18k out to 1 (100%); 100% forwarded within 2 days; seed money in 408",transit,,2,False
100000005140601100,peripheral,0.0,1,0.4937158484830325,"53k in, 195k out (371%); 64% forwarded within 2 days, but most outflow comes from outside the graph; seed money in 28k; flags near_threshold",weak_signal,transit,2,False
100000004410489100,terminal,0.9,4,0.5195933688173158,1 payer → 54k in; no outgoing transfers although depth 2 was crawled; seed money in 2k,terminal_observed,,2,False
100000006852430100,terminal,0.9,8,0.64060482574895,1 payer → 37k in; no outgoing transfers although depth 2 was crawled; seed money in 37k,terminal_observed,,2,False
100000003166755100,terminal,0.9,4,0.4668849458206443,1 payer → 24k in; no outgoing transfers although depth 2 was crawled; seed money in 339,terminal_observed,,2,False
100000008258083100,peripheral,0.18810525480234963,26,0.48057279210272563,2 payers / 2 recipients; 2.05M out; no role rule met; seed money in 9k,weak_signal,,2,False
100000003054328100,transit,1.0,10,0.5623820756858451,"140k in from 1, 194k out to 2 (138%); 100% forwarded within 2 days; seed money in 2k",transit,,2,False
100000008473207100,terminal,0.9,13,0.6837794254645696,1 payer → 202k in; no outgoing transfers although depth 2 was crawled; seed money in 202k,terminal_observed,,2,False
100000008104567100,peripheral,0.06629318394024275,5,0.48120838032146235,3 payers / 3 recipients; 40k out; no role rule met; seed money in 8k,weak_signal,,2,False
100000002721825100,terminal,0.9,1,0.5667176953207996,1 payer → 11k in; no outgoing transfers although depth 2 was crawled; seed money in 11k,terminal_observed,,2,False
100000003509750100,transit,0.8818203912990643,19,0.6278703617949739,"82k in from 3, 78k out to 3 (95%); 71% forwarded within 2 days; seed money in 19k",transit,,2,False
100000007322059100,transit,0.5344827586206896,18,0.5643796386590179,"29k in from 2, 22k out to 1 (78%); 53% forwarded within 2 days; seed money in 6k",transit,,2,False
100000004441291100,terminal,0.9,8,0.6179960448253132,1 payer → 20k in; no outgoing transfers although depth 2 was crawled; seed money in 20k,terminal_observed,,2,False
100000006122699100,terminal,0.9,2,0.5460156790533731,2 payers → 46k in; no outgoing transfers although depth 2 was crawled; seed money in 6k,terminal_observed,,2,False
100000008254069100,coordinator,0.75,20,0.7981635132411186,pays 2 seeds back; downstream of 8 seeds; betweenness top 8%; seed money in 10k; flags near_threshold,coordinator,transit,2,False
100000003336565100,terminal,0.9,17,0.3837363870623295,1 payer → 17k in; no outgoing transfers although depth 2 was crawled; seed money in 313,terminal_observed,,2,False
100000002492277100,terminal,0.9,4,0.5176866041611053,1 payer → 138k in; no outgoing transfers although depth 2 was crawled; seed money in 2k,terminal_observed,,2,False
100000001339466100,terminal,0.9,4,0.5589544392205147,1 payer → 30k in; no outgoing transfers although depth 2 was crawled; seed money in 4k,terminal_observed,,2,False
100000005022964100,terminal,0.9,8,0.5974302260333302,1 payer → 20k in; no outgoing transfers although depth 2 was crawled; seed money in 11k,terminal_observed,,2,False
100000003112436100,terminal,0.9,16,0.5913694383760902,1 payer → 100k in; no outgoing transfers although depth 2 was crawled; seed money in 22k,terminal_observed,,2,False
100000000489417100,transit,0.7790596430126253,4,0.8064924428560792,"74k in from 3, 80k out to 1 (109%); 27% forwarded within 2 days; seed money in 24k",transit,,2,False
100000002217161100,peripheral,0.0,14,0.4431184863557369,"405k in, 995k out (246%); 57% forwarded within 2 days, but most outflow comes from outside the graph; seed money in 4k; flags near_threshold",weak_signal,transit,2,False
100000002469065100,terminal,0.9,16,0.6150677991032759,1 payer → 200k in; no outgoing transfers although depth 2 was crawled; seed money in 43k,terminal_observed,,2,False
100000007337374100,terminal,0.9,17,0.39081865578539643,1 payer → 20k in; no outgoing transfers although depth 2 was crawled; seed money in 378,terminal_observed,,2,False
100000003249054100,consolidator,0.7747743229689067,4,0.6672314321981728,7 payers → 100k in; sends on 15%; to 1 recipient; up to 2 payers same day; seed money in 2k; flags near_threshold,consolidator,,2,False
100000003024542100,terminal,0.9,8,0.5854448481942939,1 payer → 8k in; no outgoing transfers although depth 2 was crawled; seed money in 8k,terminal_observed,,2,False
100000002718366100,consolidator,0.8,3,0.6580835017642113,6 payers → 2.52M in; sends on 0%; to 0 recipients; up to 3 payers same day; seed money in 52k,consolidator,terminal,2,False
100000005059998100,terminal,0.9,4,0.47437580697004206,1 payer → 18k in; no outgoing transfers although depth 2 was crawled; seed money in 423,terminal_observed,,2,False
100000004071070100,peripheral,0.7073170731707317,1,0.46098305521808847,2 payers / 1 recipient; 6k out; no role rule met; seed money in 36k; flags near_threshold,weak_signal,,2,False
100000001584286100,terminal,0.9,10,0.4863611848090784,2 payers → 739k in; no outgoing transfers although depth 2 was crawled; seed money in 414,terminal_observed,,2,False
100000008701256100,terminal,0.9,4,0.5142816672750155,1 payer → 58k in; no outgoing transfers although depth 2 was crawled; seed money in 2k,terminal_observed,,2,False
100000001490461100,peripheral,0.6875,5,0.5478997441303428,1 payer / 1 recipient; 5k out; no role rule met; seed money in 6k,weak_signal,,2,False
100000008531186100,terminal,0.9,4,0.6077131354293217,1 payer → 125k in; no outgoing transfers although depth 2 was crawled; seed money in 19k,terminal_observed,,2,False
100000004765639100,peripheral,0.0,16,0.3046737525673225,"5k in, 11k out (220%); 100% forwarded within 2 days, but most outflow comes from outside the graph; seed money in 5k; flags near_threshold",weak_signal,transit,2,False
100000002983879100,terminal,0.9,4,0.6041720010677882,2 payers → 200k in; no outgoing transfers although depth 2 was crawled; seed money in 17k,terminal_observed,,2,False
100000008734364100,terminal,0.9,17,0.40103346644366605,1 payer → 26k in; no outgoing transfers although depth 2 was crawled; seed money in 496,terminal_observed,,2,False
100000003192220100,terminal,0.9,2,0.5842871696530233,1 payer → 60k in; no outgoing transfers although depth 2 was crawled; seed money in 18k,terminal_observed,,2,False
100000008060273100,terminal,0.9,13,0.594161486622684,1 payer → 10k in; no outgoing transfers although depth 2 was crawled; seed money in 10k,terminal_observed,,2,False
100000008205937100,terminal,0.9,8,0.594842473999902,1 payer → 35k in; no outgoing transfers although depth 2 was crawled; seed money in 11k,terminal_observed,,2,False
100000005507142100,peripheral,0.6833333333333333,18,0.4881771511483263,3 payers / 3 recipients; 100k out; no role rule met; seed money in 25k,weak_signal,,2,False
100000005539910100,peripheral,0.5666666666666667,8,0.6400146366886944,1 payer / 2 recipients; 22k out; no role rule met; seed money in 59k,weak_signal,,2,False
100000002459163100,terminal,0.9,39,0.5090380644704371,1 payer → 20k in; no outgoing transfers although depth 2 was crawled; seed money in 20k,terminal_observed,,2,False
100000004666651100,terminal,0.9,8,0.6354293216820933,1 payer → 429k in; no outgoing transfers although depth 2 was crawled; seed money in 34k,terminal_observed,,2,False
100000003927792100,terminal,0.9,2,0.4702898827067342,1 payer → 13k in; no outgoing transfers although depth 2 was crawled; seed money in 374,terminal_observed,,2,False
100000000607941100,peripheral,0.19999999999999996,2,0.47557888466979376,2 payers / 1 recipient; 70k out; no role rule met; seed money in 8k,weak_signal,,2,False
100000004158362100,terminal,0.9,4,0.5111491253398127,1 payer → 12k in; no outgoing transfers although depth 2 was crawled; seed money in 1k,terminal_observed,,2,False
100000005664922100,peripheral,0.6,12,0.4716972566196514,2 payers / 3 recipients; 537k out; no role rule met; seed money in 18k,weak_signal,,2,False
100000007594394100,consolidator,0.674874874874875,11,0.7899535294213786,6 payers → 395k in; sends on 854%; to 1 recipient; up to 2 payers same day; seed money in 9k,consolidator,transit,2,False
100000000979567100,terminal,0.9,9,0.48302434666071037,1 payer → 10k in; no outgoing transfers although depth 2 was crawled; seed money in 10k,terminal_observed,,2,False
100000002831727100,peripheral,0.0,11,0.3705933306820225,"6k in, 77k out (1283%); 100% forwarded within 2 days, but most outflow comes from outside the graph; seed money in 492",weak_signal,transit,2,False
100000003062895100,terminal,0.9,3,0.5890540812935492,2 payers → 328k in; no outgoing transfers although depth 2 was crawled; seed money in 11k,terminal_observed,,2,False
100000008376089100,terminal,0.9,26,0.45912168972035944,1 payer → 135k in; no outgoing transfers although depth 2 was crawled; seed money in 282,terminal_observed,,2,False
100000003219438100,terminal,0.9,21,0.5755705312246333,1 payer → 32k in; no outgoing transfers although depth 2 was crawled; seed money in 14k,terminal_observed,,2,False
100000000967918100,terminal,0.9,1,0.5772049009299564,1 payer → 21k in; no outgoing transfers although depth 2 was crawled; seed money in 15k,terminal_observed,,2,False
100000003254723100,terminal,0.9,8,0.6741094047080745,1 payer → 270k in; no outgoing transfers although depth 2 was crawled; seed money in 134k,terminal_observed,,2,False
100000003823811100,coordinator,0.875,20,0.7930234205178772,pays 3 seeds back; downstream of 7 seeds; betweenness top 6%; seed money in 12k,coordinator,,2,False
100000008587459100,peripheral,0.7333333333333334,4,0.47060767681610255,2 payers / 2 recipients; 686k out; no role rule met; seed money in 809,weak_signal,,2,False
100000008603331100,peripheral,0.0,3,0.43460614414051224,"40k in, 742k out (1878%); 100% forwarded within 2 days, but most outflow comes from outside the graph; seed money in 3k",weak_signal,transit,2,False
100000008758168100,peripheral,0.0,3,0.47914271861056784,"75k in, 1.53M out (2034%); 87% forwarded within 2 days, but most outflow comes from outside the graph; seed money in 8k",weak_signal,transit,2,False
100000003724440100,terminal,0.9,4,0.5091061632081588,2 payers → 50k in; no outgoing transfers although depth 2 was crawled; seed money in 1k,terminal_observed,,2,False
100000000291906100,transit,0.562796391752577,1,0.5697821385182804,"388k in from 2, 456k out to 2 (117%); 43% forwarded within 2 days; seed money in 10k",transit,,2,False
100000005077484100,peripheral,0.5666666666666667,25,0.5036128650319338,1 payer / 2 recipients; 14k out; no role rule met; seed money in 53k,weak_signal,,2,False
100000004192107100,terminal,0.9,18,0.5447899017743808,1 payer → 25k in; no outgoing transfers although depth 2 was crawled; seed money in 3k,terminal_observed,,2,False
100000002193259100,transit,0.8333333333333334,12,0.7385662219365102,"48k in from 2, 58k out to 3 (121%); 83% forwarded within 2 days; seed money in 6k",transit,,2,False
100000005481280100,coordinator,0.75,2,0.6525221048502645,pays 2 seeds back; downstream of 7 seeds; betweenness top 11%; seed money in 935,coordinator,transit,2,False
100000004527381100,peripheral,0.0,2,0.5046116465185202,"119k in, 274k out (229%); 100% forwarded within 2 days, but most outflow comes from outside the graph; seed money in 22k",weak_signal,transit,2,False
100000001578517100,terminal,0.9,16,0.5481948386604707,1 payer → 30k in; no outgoing transfers although depth 2 was crawled; seed money in 6k,terminal_observed,,2,False
100000003741418100,consolidator,0.8185977616853193,4,0.6688204027450148,9 payers → 152k in; sends on 26%; to 3 recipients; up to 2 payers same day; seed money in 2k; flags near_threshold,consolidator,,2,False
100000008737514100,terminal,0.9,2,0.5232707006542927,1 payer → 85k in; no outgoing transfers although depth 2 was crawled; seed money in 2k,terminal_observed,,2,False
100000002870463100,peripheral,0.7,19,0.5857853418829029,3 payers / 1 recipient; 10k out; no role rule met; seed money in 34k; flags round_amounts,weak_signal,,2,False
100000008545727100,peripheral,0.0,5,0.4866335797599656,"30k in, 1.87M out (6222%); 100% forwarded within 2 days, but most outflow comes from outside the graph; seed money in 9k",weak_signal,transit,2,False
100000000425407100,terminal,0.9,4,0.5431555320690576,1 payer → 20k in; no outgoing transfers although depth 2 was crawled; seed money in 6k,terminal_observed,,2,False
100000001418900100,terminal,0.9,17,0.41410842408625115,1 payer → 40k in; no outgoing transfers although depth 2 was crawled; seed money in 759,terminal_observed,,2,False
100000001677929100,peripheral,0.0,5,0.4444123623724511,"127k in, 286k out (226%); 61% forwarded within 2 days, but most outflow comes from outside the graph; seed money in 125k",weak_signal,transit,2,False
100000002539625100,terminal,0.9,3,0.5665814978453559,1 payer → 95k in; no outgoing transfers although depth 2 was crawled; seed money in 6k,terminal_observed,,2,False
100000001965374100,peripheral,0.6,12,0.5335990092087654,2 payers / 3 recipients; 3.08M out; no role rule met; seed money in 152k,weak_signal,,2,False
100000001287955100,peripheral,0.0,10,0.30617192479720196,"18k in, 310k out (1769%); 100% forwarded within 2 days, but most outflow comes from outside the graph; seed money in 408",weak_signal,transit,2,False
100000005402643100,peripheral,0.11971830985915499,3,0.38888919154994545,1 payer / 1 recipient; 90k out; no role rule met; seed money in 15k,weak_signal,,2,False
100000008752616100,peripheral,0.0,3,0.4800961009386731,"65k in, 1.26M out (1961%); 84% forwarded within 2 days, but most outflow comes from outside the graph; seed money in 7k",weak_signal,transit,2,False
100000000733373100,terminal,0.9,2,0.5475138512832527,1 payer → 11k in; no outgoing transfers although depth 2 was crawled; seed money in 6k,terminal_observed,,2,False
100000008531133100,peripheral,0.0,2,0.49323915731897994,"25k in, 158k out (633%); 100% forwarded within 2 days, but most outflow comes from outside the graph; seed money in 25k",weak_signal,transit,2,False
100000005933757100,distributor,1.0,15,0.7585818029277009,pays 34 recipients 3.00M; from 4 payers; 100% passed on within 2 days; seed money in 6k; flags repeat_amount,distributor,transit,2,False
100000006490557100,terminal,0.9,5,0.397356134606689,1 payer → 5k in; no outgoing transfers although depth 2 was crawled; seed money in 460,terminal_observed,,2,False
100000008497298100,terminal,0.9,3,0.5503058995298463,1 payer → 600k in; no outgoing transfers although depth 2 was crawled; seed money in 68k,terminal_observed,,2,False
100000005168487100,peripheral,0.0,2,0.35493062100600903,"15k in, 104k out (690%); 100% forwarded within 2 days, but most outflow comes from outside the graph; seed money in 15k; flags repeat_amount,near_threshold",weak_signal,transit,2,False
100000005799271100,terminal,0.9,2,0.6303219163529586,1 payer → 45k in; no outgoing transfers although depth 2 was crawled; seed money in 45k,terminal_observed,,2,False
100000000912487100,terminal,0.9,4,0.5334855113125623,1 payer → 10k in; no outgoing transfers although depth 2 was crawled; seed money in 1k,terminal_observed,,2,False
100000007982908100,terminal,0.9,17,0.4045746008051995,1 payer → 31k in; no outgoing transfers although depth 2 was crawled; seed money in 588,terminal_observed,,2,False
100000005413948100,peripheral,0.7784866205918837,3,0.5442905110310875,2 payers / 1 recipient; 5k out; no role rule met; seed money in 4k,weak_signal,,2,False
100000000724540100,peripheral,0.7833333333333333,3,0.5545507208478384,1 payer / 1 recipient; 100k out; no role rule met; seed money in 6k,weak_signal,,2,False
100000005730108100,terminal,0.9,1,0.5430193345936141,1 payer → 8k in; no outgoing transfers although depth 2 was crawled; seed money in 6k,terminal_observed,,2,False
100000002566204100,terminal,0.9,10,0.43644481005900077,1 payer → 81k in; no outgoing transfers although depth 2 was crawled; seed money in 2k,terminal_observed,,2,False
100000000625169100,terminal,0.9,17,0.36453254302478255,1 payer → 10k in; no outgoing transfers although depth 2 was crawled; seed money in 189,terminal_observed,,2,False
100000001114385100,terminal,0.9,4,0.4732862271664933,1 payer → 30k in; no outgoing transfers although depth 2 was crawled; seed money in 417,terminal_observed,,2,False
100000002964966100,terminal,0.9,18,0.6145230092015015,1 payer → 200k in; no outgoing transfers although depth 2 was crawled; seed money in 27k,terminal_observed,,2,False
100000008771814100,terminal,0.9,17,0.39613035732769664,1 payer → 24k in; no outgoing transfers although depth 2 was crawled; seed money in 448,terminal_observed,,2,False
100000001241318100,terminal,0.9,1,0.5752981362737462,1 payer → 53k in; no outgoing transfers although depth 2 was crawled; seed money in 14k,terminal_observed,,2,False
100000001250022100,terminal,0.9,19,0.4899704179083338,1 payer → 50k in; no outgoing transfers although depth 2 was crawled; seed money in 12k,terminal_observed,,2,False
100000006534886100,peripheral,0.0,2,0.3959260611145312,"72k in, 168k out (234%); 81% forwarded within 2 days, but most outflow comes from outside the graph; seed money in 72k; flags near_threshold",weak_signal,transit,2,False
100000008655035100,terminal,0.9,5,0.5257222552122774,1 payer → 30k in; no outgoing transfers although depth 2 was crawled; seed money in 30k,terminal_observed,,2,False
100000005932987100,terminal,0.9,21,0.5672624852225739,1 payer → 25k in; no outgoing transfers although depth 2 was crawled; seed money in 11k,terminal_observed,,2,False
100000008636603100,coordinator,0.875,2,0.8120502078373476,pays 3 seeds back; on cycles with 1 seed; downstream of 7 seeds; betweenness top 1%; seed money in 13k,coordinator,transit,2,False
100000008710843100,distributor,0.825,3,0.6532484913859637,pays 13 recipients 1.99M; from 2 payers; 44% passed on within 2 days; seed money in 472,distributor,,2,False
100000000917179100,terminal,0.9,15,0.5307615618036905,1 payer → 94k in; no outgoing transfers although depth 2 was crawled; seed money in 3k,terminal_observed,,2,False
100000004209339100,peripheral,0.3790613718411552,29,0.5321689357166076,1 payer / 2 recipients; 238k out; no role rule met; seed money in 25k; flags near_threshold,weak_signal,,2,False
100000008765627100,terminal,0.9,19,0.49596310682785194,1 payer → 60k in; no outgoing transfers although depth 2 was crawled; seed money in 14k,terminal_observed,,2,False
100000002443664100,terminal,0.9,3,0.5785668756843924,3 payers → 557k in; no outgoing transfers although depth 2 was crawled; seed money in 9k,terminal_observed,,2,False
100000008144528100,consolidator,0.75,2,0.6246243219635681,5 payers → 1.07M in; sends on 0%; to 0 recipients; up to 2 payers same day; seed money in 41k; flags near_threshold,consolidator,terminal,2,False
100000003988112100,peripheral,0.04347826086956519,20,0.3841903786471414,1 payer / 1 recipient; 64k out; no role rule met; seed money in 36k; flags burst,weak_signal,,2,False
100000008008463100,terminal,0.9,19,0.49242197246631847,1 payer → 54k in; no outgoing transfers although depth 2 was crawled; seed money in 13k,terminal_observed,,2,False
100000006679055100,terminal,0.9,4,0.555140909908094,1 payer → 25k in; no outgoing transfers although depth 2 was crawled; seed money in 4k,terminal_observed,,2,False
100000007382543100,peripheral,0.08256880733944949,21,0.4739899141229518,3 payers / 5 recipients; 427k out; no role rule met; seed money in 7k; flags round_amounts,weak_signal,,2,False
100000007749092100,peripheral,0.7833333333333333,2,0.4169231719120855,1 payer / 1 recipient; 70k out; no role rule met; seed money in 8k,weak_signal,,2,False
100000004221668100,transit,0.6182752813967917,3,0.5489212251961698,"1.13M in from 4, 731k out to 3 (65%); 62% forwarded within 2 days; seed money in 76k; flags near_threshold",transit,,2,False
100000008174521100,terminal,0.9,2,0.621060488022794,1 payer → 82k in; no outgoing transfers although depth 2 was crawled; seed money in 49k,terminal_observed,,2,False
100000002692750100,peripheral,0.14694673402463887,19,0.5226805115940372,"3 payers / 1 recipient; 77k out; no role rule met; seed money in 42k; flags repeat_amount,near_threshold",weak_signal,,2,False
100000002173070100,terminal,0.9,16,0.5481948386604707,1 payer → 30k in; no outgoing transfers although depth 2 was crawled; seed money in 6k,terminal_observed,,2,False
100000005911352100,peripheral,0.5000000000000001,31,0.5248142720426534,2 payers / 3 recipients; 24k out; no role rule met; seed money in 5k,weak_signal,,2,False
100000003068941100,peripheral,0.46808510638297873,19,0.5180497974289549,3 payers / 1 recipient; 25k out; no role rule met; seed money in 7k,weak_signal,,2,False
100000001420847100,terminal,0.9,11,0.5138730748486847,1 payer → 20k in; no outgoing transfers although depth 2 was crawled; seed money in 2k,terminal_observed,,2,False
100000005602999100,peripheral,0.0,29,0.4126102518563716,"5k in, 16k out (320%); 100% forwarded within 2 days, but most outflow comes from outside the graph; seed money in 909; flags near_threshold",weak_signal,transit,2,False
100000000723383100,peripheral,0.5666666666666667,16,0.5416119606806968,1 payer / 2 recipients; 75k out; no role rule met; seed money in 7k,weak_signal,,2,False
100000006977207100,distributor,0.875,13,0.6244881244881245,pays 15 recipients 4.16M; from 1 payer; 0% passed on within 2 days; seed money in 9k,distributor,,2,False
100000001273783100,terminal,0.9,10,0.40294023109987637,1 payer → 23k in; no outgoing transfers although depth 2 was crawled; seed money in 541,terminal_observed,,2,False
100000000201868100,transit,1.0,2,0.6351796263104468,"190k in from 1, 190k out to 1 (100%); 100% forwarded within 2 days; seed money in 57k",transit,,2,False
100000007777377100,peripheral,0.5666666666666667,16,0.6298679247681466,1 payer / 2 recipients; 10k out; no role rule met; seed money in 98k,weak_signal,,2,False
100000004192865100,terminal,0.9,25,0.5089018669949934,1 payer → 67k in; no outgoing transfers although depth 2 was crawled; seed money in 20k,terminal_observed,,2,False
100000006901046100,peripheral,0.7833333333333333,2,0.49864165717824255,1 payer / 1 recipient; 6k out; no role rule met; seed money in 76k,weak_signal,,2,False
100000000437046100,distributor,0.8888888888888888,11,0.9027976777422454,pays 42 recipients 7.61M; from 9 payers; 90% passed on within 2 days; seed money in 54k; flags repeat_amount,distributor,transit,2,False
100000008765494100,terminal,0.9,17,0.396675147229471,1 payer → 24k in; no outgoing transfers although depth 2 was crawled; seed money in 454,terminal_observed,,2,False
100000008713270100,peripheral,0.0,19,0.35138948664447556,"30k in, 190k out (633%); 100% forwarded within 2 days, but most outflow comes from outside the graph; seed money in 7k",weak_signal,transit,2,False
100000003603979100,terminal,0.9,22,0.4973250815822879,1 payer → 165k in; no outgoing transfers although depth 2 was crawled; seed money in 15k,terminal_observed,,2,False
100000000943371100,terminal,0.9,8,0.5671943864848522,1 payer → 16k in; no outgoing transfers although depth 2 was crawled; seed money in 5k,terminal_observed,,2,False
100000008672480100,terminal,0.9,17,0.373793971354947,1 payer → 13k in; no outgoing transfers although depth 2 was crawled; seed money in 246,terminal_observed,,2,False
100000008691168100,terminal,0.9,17,0.396675147229471,1 payer → 24k in; no outgoing transfers although depth 2 was crawled; seed money in 454,terminal_observed,,2,False
100000003237045100,peripheral,0.44885361552028225,2,0.402281943301899,1 payer / 1 recipient; 150k out; no role rule met; seed money in 11k,weak_signal,,2,False
100000008736394100,terminal,0.9,17,0.38278300473422433,1 payer → 16k in; no outgoing transfers although depth 2 was crawled; seed money in 303,terminal_observed,,2,False
100000004160650100,distributor,0.6666666666666666,22,0.5768417076621069,"pays 10 recipients 1.49M; from 2 payers; 100% passed on within 2 days; seed money in 4k; flags repeat_amount,near_threshold",distributor,transit,2,False
100000000629812100,terminal,0.9,16,0.5511230843825079,2 payers → 22k in; no outgoing transfers although depth 2 was crawled; seed money in 2k,terminal_observed,,2,False
100000000955444100,terminal,0.9,33,0.45006455760336034,1 payer → 7k in; no outgoing transfers although depth 2 was crawled; seed money in 3k,terminal_observed,,2,False
100000008731444100,peripheral,0.0,14,0.480096100938673,"439k in, 880k out (200%); 86% forwarded within 2 days, but most outflow comes from outside the graph; seed money in 13k",weak_signal,transit,2,False
100000008413748100,distributor,0.95,1,0.7545712412674719,pays 18 recipients 1.38M; from 2 payers; 100% passed on within 2 days; seed money in 5k; flags burst,distributor,transit,2,False
100000006787636100,terminal,0.9,2,0.5451984942007115,1 payer → 20k in; no outgoing transfers although depth 2 was crawled; seed money in 6k,terminal_observed,,2,False
100000005942793100,terminal,0.9,4,0.5129196925205795,4 payers → 55k in; no outgoing transfers although depth 2 was crawled; seed money in 2k,terminal_observed,,2,False
100000008730846100,peripheral,0.0,4,0.49466923081113773,"155k in, 363k out (234%); 100% forwarded within 2 days, but most outflow comes from outside the graph; seed money in 13k",weak_signal,transit,2,False
100000002570206100,terminal,0.9,1,0.5191847763909849,2 payers → 167k in; no outgoing transfers although depth 2 was crawled; seed money in 2k,terminal_observed,,2,False
100000000785800100,transit,1.0,39,0.5148491567560305,"19k in from 1, 19k out to 1 (100%); 100% forwarded within 2 days; seed money in 19k",transit,,2,False
100000007382152100,terminal,0.9,14,0.4505412487674129,1 payer → 6k in; no outgoing transfers although depth 2 was crawled; seed money in 229,terminal_observed,,2,False
100000000910216100,peripheral,0.08433098591549293,4,0.45215291889349535,1 payer / 1 recipient; 52k out; no role rule met; seed money in 3k,weak_signal,,2,False
100000003131016100,peripheral,0.6117821050036973,1,0.4809813845290565,1 payer / 1 recipient; 126k out; no role rule met; seed money in 72k,weak_signal,,2,False
100000003221384100,terminal,0.9,2,0.5765239135527385,1 payer → 511k in; no outgoing transfers although depth 2 was crawled; seed money in 15k,terminal_observed,,2,False
100000002156381100,peripheral,0.5532786885245902,29,0.5238381901353076,2 payers / 1 recipient; 22k out; no role rule met; seed money in 3k; flags near_threshold,weak_signal,,2,False
100000002779485100,terminal,0.9,8,0.6307305087792893,1 payer → 91k in; no outgoing transfers although depth 2 was crawled; seed money in 69k,terminal_observed,,2,False
100000008774237100,peripheral,0.6,22,0.2633151191909507,1 payer / 1 recipient; 10k out; no role rule met; seed money in 795,weak_signal,,2,False
100000002628146100,terminal,0.9,18,0.5510549856447862,1 payer → 30k in; no outgoing transfers although depth 2 was crawled; seed money in 5k,terminal_observed,,2,False
100000002852402100,terminal,0.9,2,0.5649471281400329,1 payer → 55k in; no outgoing transfers although depth 2 was crawled; seed money in 10k,terminal_observed,,2,False
100000006989106100,terminal,0.9,5,0.5485353323490796,1 payer → 64k in; no outgoing transfers although depth 2 was crawled; seed money in 64k,terminal_observed,,2,False
100000002958343100,peripheral,0.40086206896551724,5,0.5235884947636611,1 payer / 2 recipients; 1.39M out; no role rule met; seed money in 267k; flags round_amounts,weak_signal,,2,False
100000008461532100,peripheral,0.0,24,0.46593156349253917,"565k in, 2.53M out (448%); 100% forwarded within 2 days, but most outflow comes from outside the graph; seed money in 8k; flags burst",weak_signal,transit,2,False
100000004400305100,distributor,1.0,1,0.7621501767843232,pays 82 recipients 5.83M; from 7 payers; 100% passed on within 2 days; seed money in 5k; flags repeat_amount,distributor,transit,2,False
100000000297649100,peripheral,0.7062499999999999,12,0.4551492633532545,1 payer / 1 recipient; 71k out; no role rule met; seed money in 20k,weak_signal,,2,False
100000003191430100,terminal,0.9,2,0.5947743752621802,1 payer → 180k in; no outgoing transfers although depth 2 was crawled; seed money in 24k,terminal_observed,,2,False
100000003275398100,peripheral,0.7833333333333333,22,0.32287881511828304,1 payer / 1 recipient; 20k out; no role rule met; seed money in 5k,weak_signal,,2,False
100000005203590100,terminal,0.9,19,0.5114896190284217,1 payer → 90k in; no outgoing transfers although depth 2 was crawled; seed money in 22k,terminal_observed,,2,False
100000008672603100,terminal,0.9,18,0.5401591876092986,1 payer → 21k in; no outgoing transfers although depth 2 was crawled; seed money in 3k,terminal_observed,,2,False
100000000718427100,terminal,0.9,17,0.3488698333487691,1 payer → 6k in; no outgoing transfers although depth 2 was crawled; seed money in 114,terminal_observed,,2,False
100000003104347100,peripheral,0.7833333333333333,1,0.5631992605385067,1 payer / 1 recipient; 32k out; no role rule met; seed money in 13k,weak_signal,,2,False
100000002974256100,terminal,0.9,12,0.4706303763953432,1 payer → 7k in; no outgoing transfers although depth 2 was crawled; seed money in 7k,terminal_observed,,2,False
100000007173936100,terminal,0.9,26,0.395653666163644,1 payer → 10k in; no outgoing transfers although depth 2 was crawled; seed money in 21,terminal_observed,,2,False
100000002744581100,terminal,0.9,5,0.48983422043289016,1 payer → 12k in; no outgoing transfers although depth 2 was crawled; seed money in 12k,terminal_observed,,2,False
100000000596954100,peripheral,0.19833333333333336,8,0.5877375056975944,1 payer / 2 recipients; 48k out; no role rule met; seed money in 95k,weak_signal,,2,False
100000004950490100,terminal,0.9,5,0.48302434666071037,1 payer → 10k in; no outgoing transfers although depth 2 was crawled; seed money in 10k,terminal_observed,,2,False
100000008772058100,terminal,0.9,17,0.4196925205794386,1 payer → 50k in; no outgoing transfers although depth 2 was crawled; seed money in 946,terminal_observed,,2,False
100000000971908100,terminal,0.9,19,0.5108086316512038,1 payer → 89k in; no outgoing transfers although depth 2 was crawled; seed money in 21k,terminal_observed,,2,False
100000008687492100,terminal,0.9,17,0.37924187037269086,1 payer → 15k in; no outgoing transfers although depth 2 was crawled; seed money in 284,terminal_observed,,2,False
100000003159641100,peripheral,0.09999999999999998,2,0.41208816153383776,4 payers / 1 recipient; 198k out; no role rule met; seed money in 785; flags near_threshold,weak_signal,,2,False
100000005326681100,terminal,0.9,2,0.4983465626481148,1 payer → 31k in; no outgoing transfers although depth 2 was crawled; seed money in 893,terminal_observed,,2,False
100000006888238100,peripheral,0.5833333333333335,40,0.4027132353074704,1 payer / 1 recipient; 30k out; no role rule met; seed money in 2k,weak_signal,,2,False
100000001290243100,terminal,0.9,2,0.5630403634838225,1 payer → 10k in; no outgoing transfers although depth 2 was crawled; seed money in 10k,terminal_observed,,2,False
100000008289539100,terminal,0.9,2,0.47451200444548564,1 payer → 15k in; no outgoing transfers although depth 2 was crawled; seed money in 426,terminal_observed,,2,False
100000000821507100,terminal,0.9,26,0.4967121929427917,1 payer → 400k in; no outgoing transfers although depth 2 was crawled; seed money in 836,terminal_observed,,2,False
100000003086040100,terminal,0.9,1,0.5654919180418072,1 payer → 10k in; no outgoing transfers although depth 2 was crawled; seed money in 10k,terminal_observed,,2,False
100000002969048100,terminal,0.9,19,0.5196614675550375,1 payer → 108k in; no outgoing transfers although depth 2 was crawled; seed money in 26k,terminal_observed,,2,False
100000002826669100,terminal,0.9,11,0.6425796891428821,1 payer → 160k in; no outgoing transfers although depth 2 was crawled; seed money in 113k,terminal_observed,,2,False
100000002293421100,transit,0.6341463414634148,16,0.6151585974202383,"41k in from 2, 47k out to 2 (115%); 37% forwarded within 2 days; seed money in 38k; flags near_threshold",transit,,2,False
100000004732589100,terminal,0.9,10,0.46218613291784033,1 payer → 228k in; no outgoing transfers although depth 2 was crawled; seed money in 5k,terminal_observed,,2,False
100000003003821100,terminal,0.9,8,0.6414220106016115,1 payer → 40k in; no outgoing transfers although depth 2 was crawled; seed money in 40k,terminal_observed,,2,False
100000005237935150,terminal,0.9,10,0.4013058613945532,1 payer → 35k in; no outgoing transfers although depth 2 was crawled; seed money in 503,terminal_observed,,2,False
100000004463277100,terminal,0.9,25,0.5272885261798788,1 payer → 35k in; no outgoing transfers although depth 2 was crawled; seed money in 35k,terminal_observed,,2,False
100000006523053100,terminal,0.9,8,0.5700545334691676,1 payer → 5k in; no outgoing transfers although depth 2 was crawled; seed money in 5k,terminal_observed,,2,False
100000001954903100,terminal,0.9,10,0.40634516798596626,1 payer → 27k in; no outgoing transfers although depth 2 was crawled; seed money in 632,terminal_observed,,2,False
100000005328215100,terminal,0.9,10,0.4062089705105227,1 payer → 27k in; no outgoing transfers although depth 2 was crawled; seed money in 629,terminal_observed,,2,False
100000004424023100,peripheral,0.7833333333333333,5,0.6385845631965366,1 payer / 1 recipient; 100k out; no role rule met; seed money in 50k,weak_signal,,2,False
100000002299948100,terminal,0.9,18,0.5153712470785642,1 payer → 7k in; no outgoing transfers although depth 2 was crawled; seed money in 1k,terminal_observed,,2,False
100000005105153100,terminal,0.9,11,0.5713484094858818,1 payer → 30k in; no outgoing transfers although depth 2 was crawled; seed money in 13k,terminal_observed,,2,False
100000001985793100,terminal,0.9,5,0.5281057110325403,1 payer → 420k in; no outgoing transfers although depth 2 was crawled; seed money in 36k,terminal_observed,,2,False
100000003134934100,terminal,0.9,14,0.6115266647417424,4 payers → 379k in; no outgoing transfers although depth 2 was crawled; seed money in 21k,terminal_observed,,2,False
100000006240939100,peripheral,0.0,3,0.3769946120278715,"160k in, 778k out (486%); 100% forwarded within 2 days, but most outflow comes from outside the graph; seed money in 14k",weak_signal,transit,2,False
100000008656043100,terminal,0.9,17,0.40103346644366605,1 payer → 26k in; no outgoing transfers although depth 2 was crawled; seed money in 496,terminal_observed,,2,False
100000002605184100,terminal,0.9,2,0.6006308667062548,1 payer → 140k in; no outgoing transfers although depth 2 was crawled; seed money in 26k,terminal_observed,,2,False
100000003157333100,terminal,0.9,19,0.471038968821674,1 payer → 30k in; no outgoing transfers although depth 2 was crawled; seed money in 7k,terminal_observed,,2,False
100000007898453100,peripheral,0.0,8,0.5127834950451359,"25k in, 320k out (1293%); 100% forwarded within 2 days, but most outflow comes from outside the graph; seed money in 20k",weak_signal,transit,2,False
100000002710570100,terminal,0.9,1,0.6134334293979528,1 payer → 225k in; no outgoing transfers although depth 2 was crawled; seed money in 41k,terminal_observed,,2,False
100000004979498100,peripheral,0.4285714285714286,37,0.4174225626553787,1 payer / 1 recipient; 200k out; no role rule met; seed money in 700k,weak_signal,,2,False
100000001541418100,terminal,0.9,3,0.5438365194462755,2 payers → 97k in; no outgoing transfers although depth 2 was crawled; seed money in 6k,terminal_observed,,2,False
100000007797290100,peripheral,0.7500000000000001,14,0.5160295348765416,1 payer / 1 recipient; 20k out; no role rule met; seed money in 4k,weak_signal,,2,False
100000008683818100,terminal,0.9,17,0.38591554666942696,1 payer → 17k in; no outgoing transfers although depth 2 was crawled; seed money in 329,terminal_observed,,2,False
100000006567935100,terminal,0.9,26,0.4734224246419369,1 payer → 200k in; no outgoing transfers although depth 2 was crawled; seed money in 418,terminal_observed,,2,False
100000002132479100,peripheral,0.16666666666666674,15,0.3970383404973205,1 payer / 1 recipient; 20k out; no role rule met; seed money in 30k,weak_signal,,2,False
100000002170580100,terminal,0.9,10,0.45237991468590144,1 payer → 150k in; no outgoing transfers although depth 2 was crawled; seed money in 3k,terminal_observed,,2,False
100000001232297100,peripheral,0.5666666666666667,8,0.38682352983905094,1 payer / 2 recipients; 45k out; no role rule met; seed money in 2k,weak_signal,,2,False
100000002028158100,terminal,0.9,2,0.5010705121569867,1 payer → 35k in; no outgoing transfers although depth 2 was crawled; seed money in 995,terminal_observed,,2,False
100000005519998100,transit,0.9175824175824173,21,0.7917286365179935,"182k in from 3, 188k out to 3 (103%); 34% forwarded within 2 days; seed money in 13k",transit,,2,False
100000002335358100,terminal,0.9,2,0.6459846260289719,1 payer → 140k in; no outgoing transfers although depth 2 was crawled; seed money in 140k,terminal_observed,,2,False
100000007289427100,terminal,0.9,18,0.49078760276099526,1 payer → 12k in; no outgoing transfers although depth 2 was crawled; seed money in 12k,terminal_observed,,2,False
100000004592467100,terminal,0.9,1,0.3582674591543772,1 payer → 7k in; no outgoing transfers although depth 2 was crawled; seed money in 154,terminal_observed,,2,False
100000004993576100,terminal,0.9,2,0.538661015379419,1 payer → 167k in; no outgoing transfers although depth 2 was crawled; seed money in 5k,terminal_observed,,2,False
100000001648936100,terminal,0.9,19,0.5121706064056397,1 payer → 93k in; no outgoing transfers although depth 2 was crawled; seed money in 22k,terminal_observed,,2,False
100000008512552100,peripheral,0.0,14,0.4796194097746205,"394k in, 1.30M out (330%); 100% forwarded within 2 days, but most outflow comes from outside the graph; seed money in 11k",weak_signal,transit,2,False
100000007629096100,transit,0.6651692290521499,4,0.6123211500151633,"1.08M in from 4, 765k out to 1 (71%); 67% forwarded within 2 days; seed money in 43k",transit,,2,False
100000001601320100,transit,0.8448275862068968,28,0.6309575045716953,"44k in from 2, 46k out to 1 (106%); 0% forwarded within 2 days; seed money in 23k",transit,,2,False
100000005782781100,peripheral,0.0,4,0.4967802916805134,"172k in, 1.26M out (735%); 94% forwarded within 2 days, but most outflow comes from outside the graph; seed money in 18k",weak_signal,transit,2,False
100000002723538100,distributor,0.6333333333333333,4,0.7576247886669174,pays 12 recipients 560k; from 3 payers; 100% passed on within 2 days; seed money in 7k,distributor,transit,2,False
100000002340562100,terminal,0.9,5,0.5290590933606455,1 payer → 37k in; no outgoing transfers although depth 2 was crawled; seed money in 37k,terminal_observed,,2,False
100000005939154100,terminal,0.9,2,0.5325321289844572,1 payer → 22k in; no outgoing transfers although depth 2 was crawled; seed money in 4k,terminal_observed,,2,False
100000004386258100,peripheral,0.027552674230145846,2,0.5496930108903503,3 payers / 3 recipients; 40k out; no role rule met; seed money in 37k; flags burst,weak_signal,,2,False
100000008406609100,terminal,0.9,20,0.6117990596926296,1 payer → 34k in; no outgoing transfers although depth 2 was crawled; seed money in 26k,terminal_observed,,2,False
100000007242833100,peripheral,0.16279069767441856,2,0.5636078529648375,1 payer / 1 recipient; 45k out; no role rule met; seed money in 72k; flags burst,weak_signal,,2,False
100000004698193100,peripheral,0.6,19,0.487972854935161,2 payers / 3 recipients; 38k out; no role rule met; seed money in 29k; flags near_threshold,weak_signal,,2,False
100000002733905100,peripheral,0.0,17,0.36820987486175955,"100k in, 718k out (718%); 60% forwarded within 2 days, but most outflow comes from outside the graph; seed money in 11k",weak_signal,transit,2,False
100000006912294100,peripheral,0.5666666666666667,5,0.42754657499668597,1 payer / 2 recipients; 30k out; no role rule met; seed money in 6k,weak_signal,,2,False
100000003036198100,terminal,0.9,4,0.448498286635759,1 payer → 15k in; no outgoing transfers although depth 2 was crawled; seed money in 212,terminal_observed,,2,False
100000004687099100,terminal,0.9,28,0.5007300184683777,1 payer → 30k in; no outgoing transfers although depth 2 was crawled; seed money in 16k,terminal_observed,,2,False
100000005242320100,distributor,1.0,10,0.6006308667062548,pays 21 recipients 8.94M; from 2 payers; 100% passed on within 2 days; seed money in 3k,distributor,transit,2,False
100000008762832100,peripheral,0.29166666666666674,1,0.23659771442476546,"1 payer / 1 recipient; 85k out; no role rule met; seed money in 3k; flags round_amounts,burst",weak_signal,,2,False
100000002489253100,terminal,0.9,2,0.513736877373241,1 payer → 51k in; no outgoing transfers although depth 2 was crawled; seed money in 2k,terminal_observed,,2,False
100000004756901100,terminal,0.9,16,0.6053977783467807,1 payer → 153k in; no outgoing transfers although depth 2 was crawled; seed money in 33k,terminal_observed,,2,False
100000008749989100,terminal,0.9,17,0.38278300473422433,1 payer → 16k in; no outgoing transfers although depth 2 was crawled; seed money in 303,terminal_observed,,2,False
100000001380986100,terminal,0.9,3,0.4745801031832075,1 payer → 70k in; no outgoing transfers although depth 2 was crawled; seed money in 8k,terminal_observed,,2,False
100000003089018100,terminal,0.9,3,0.520478652407699,1 payer → 230k in; no outgoing transfers although depth 2 was crawled; seed money in 26k,terminal_observed,,2,False
100000008742266100,terminal,0.9,17,0.3917720381135016,1 payer → 21k in; no outgoing transfers although depth 2 was crawled; seed money in 397,terminal_observed,,2,False
100000003044431100,terminal,0.9,4,0.5085613733063844,2 payers → 60k in; no outgoing transfers although depth 2 was crawled; seed money in 1k,terminal_observed,,2,False
100000003321423100,terminal,0.9,29,0.5987241020500446,1 payer → 100k in; no outgoing transfers although depth 2 was crawled; seed money in 18k,terminal_observed,,2,False
100000002540623100,terminal,0.9,10,0.44216510402763176,1 payer → 100k in; no outgoing transfers although depth 2 was crawled; seed money in 2k,terminal_observed,,2,False
100000004225615100,terminal,0.9,3,0.48465871636603347,1 payer → 90k in; no outgoing transfers although depth 2 was crawled; seed money in 10k,terminal_observed,,2,False
100000004820260100,transit,0.7987830913748932,2,0.8472854027177752,"234k in from 1, 215k out to 3 (92%); 64% forwarded within 2 days; seed money in 45k; flags near_threshold",transit,,2,False
100000000795129100,terminal,0.9,2,0.5593630316468454,1 payer → 332k in; no outgoing transfers although depth 2 was crawled; seed money in 9k,terminal_observed,,2,False
100000008213966100,peripheral,0.0,21,0.5283781059834275,"187k in, 437k out (234%); 76% forwarded within 2 days, but most outflow comes from outside the graph; seed money in 58k",weak_signal,transit,2,False
100000008478414100,terminal,0.9,17,0.36453254302478255,1 payer → 10k in; no outgoing transfers although depth 2 was crawled; seed money in 189,terminal_observed,,2,False
100000001330595100,peripheral,0.7,22,0.4303840224017608,3 payers / 1 recipient; 154k out; no role rule met; seed money in 5k,weak_signal,,2,False
100000000076451100,peripheral,0.17338410845200503,2,0.4429368897218121,3 payers / 4 recipients; 58k out; no role rule met; seed money in 2k,weak_signal,,2,False
100000005664632100,terminal,0.9,8,0.6095518013478103,1 payer → 199k in; no outgoing transfers although depth 2 was crawled; seed money in 16k; flags near_threshold,terminal_observed,,2,False
100000002457464100,terminal,0.9,18,0.5717570019122127,1 payer → 67k in; no outgoing transfers although depth 2 was crawled; seed money in 9k,terminal_observed,,2,False
100000002757240100,terminal,0.9,4,0.5743447539456409,1 payer → 51k in; no outgoing transfers although depth 2 was crawled; seed money in 8k,terminal_observed,,2,False
100000003718221100,transit,0.7714285714285715,27,0.9197025083943043,"350k in from 2, 424k out to 4 (121%); 77% forwarded within 2 days; seed money in 180k",transit,,2,False
100000008629581100,terminal,0.9,18,0.5650833256154764,1 payer → 54k in; no outgoing transfers although depth 2 was crawled; seed money in 7k,terminal_observed,,2,False
100000004806903100,terminal,0.9,8,0.6141825155128925,1 payer → 18k in; no outgoing transfers although depth 2 was crawled; seed money in 18k,terminal_observed,,2,False
100000000913911100,peripheral,0.10599571734475366,1,0.4735586221173805,2 payers / 1 recipient; 600k out; no role rule met; seed money in 11k,weak_signal,,2,False
100000004905207100,terminal,0.9,15,0.5964768437052251,1 payer → 380k in; no outgoing transfers although depth 2 was crawled; seed money in 10k,terminal_observed,,2,False
100000003831201100,terminal,0.9,1,0.6036272111660139,1 payer → 40k in; no outgoing transfers although depth 2 was crawled; seed money in 30k,terminal_observed,,2,False
100000003073398100,terminal,0.9,19,0.5123068038810833,1 payer → 93k in; no outgoing transfers although depth 2 was crawled; seed money in 22k,terminal_observed,,2,False
100000008418934100,terminal,0.9,3,0.533281215099397,1 payer → 360k in; no outgoing transfers although depth 2 was crawled; seed money in 41k,terminal_observed,,2,False
100000002741024100,peripheral,0.33527019611767195,4,0.5375941351551108,5 payers / 6 recipients; 435k out; no role rule met; seed money in 32k,weak_signal,,2,False
100000008106997100,transit,0.5786516853932584,4,0.49984473487799436,"36k in from 2, 21k out to 1 (58%); 58% forwarded within 2 days; seed money in 1k",transit,,2,False
100000007998965100,consolidator,0.7032374100719425,10,0.7146917124744177,5 payers → 278k in; sends on 9%; to 1 recipient; up to 2 payers same day; seed money in 3k,consolidator,,2,False
100000001822623100,terminal,0.9,1,0.546424271479704,1 payer → 201k in; no outgoing transfers although depth 2 was crawled; seed money in 6k,terminal_observed,,2,False
100000006424479100,peripheral,0.44999999999999996,8,0.653793281287738,"1 payer / 2 recipients; 220k out; no role rule met; seed money in 152k; flags round_amounts,burst",weak_signal,,2,False
100000008696692100,terminal,0.9,17,0.3890480886046297,1 payer → 19k in; no outgoing transfers although depth 2 was crawled; seed money in 359,terminal_observed,,2,False
100000002748532100,peripheral,0.7,3,0.5876921065391133,3 payers / 2 recipients; 647k out; no role rule met; seed money in 16k,weak_signal,,2,False
100000004456564100,terminal,0.9,15,0.5762515186018513,1 payer → 10k in; no outgoing transfers although depth 2 was crawled; seed money in 10k,terminal_observed,,2,False
100000001530740100,terminal,0.9,2,0.5733913716175357,1 payer → 15k in; no outgoing transfers although depth 2 was crawled; seed money in 13k,terminal_observed,,2,False
100000001386612100,terminal,0.9,20,0.596544942442947,1 payer → 62k in; no outgoing transfers although depth 2 was crawled; seed money in 25k,terminal_observed,,2,False
100000003360542100,peripheral,0.7333333333333334,13,0.6574025143869934,2 payers / 2 recipients; 52k out; no role rule met; seed money in 317k,weak_signal,,2,False
100000008352542100,terminal,0.9,8,0.6207199943341851,1 payer → 50k in; no outgoing transfers although depth 2 was crawled; seed money in 22k,terminal_observed,,2,False
100000001138376100,terminal,0.9,2,0.4756015842490344,1 payer → 15k in; no outgoing transfers although depth 2 was crawled; seed money in 437,terminal_observed,,2,False
100000003246024100,peripheral,0.6,1,0.5363229587176372,1 payer / 1 recipient; 5k out; no role rule met; seed money in 4k,weak_signal,,2,False
100000002680477100,terminal,0.9,10,0.389592878506404,1 payer → 25k in; no outgoing transfers although depth 2 was crawled; seed money in 364,terminal_observed,,2,False
100000005882013100,peripheral,0.8,8,0.5053380330542193,2 payers / 1 recipient; 10k out; no role rule met; seed money in 37k,weak_signal,,2,False
100000005665181100,peripheral,0.04166666666666674,4,0.4283410602701068,4 payers / 11 recipients; 182k out; no role rule met; seed money in 1k; flags near_threshold,weak_signal,,2,False
100000008141170100,terminal,0.9,2,0.5667176953207996,1 payer → 11k in; no outgoing transfers although depth 2 was crawled; seed money in 11k,terminal_observed,,2,False
100000001382002100,transit,0.9318181818181817,1,0.6299133239266278,"55k in from 1, 56k out to 1 (103%); 0% forwarded within 2 days; seed money in 55k",transit,,2,False
100000002481735100,terminal,0.9,2,0.5925952156550827,1 payer → 22k in; no outgoing transfers although depth 2 was crawled; seed money in 22k,terminal_observed,,2,False
100000000806727100,peripheral,0.7833333333333333,13,0.5126018984112112,1 payer / 1 recipient; 5k out; no role rule met; seed money in 45k,weak_signal,,2,False
100000003039473100,terminal,0.9,2,0.5904160560479852,1 payer → 23k in; no outgoing transfers although depth 2 was crawled; seed money in 21k,terminal_observed,,2,False
100000005205745100,terminal,0.9,5,0.5453346916761551,1 payer → 6k in; no outgoing transfers although depth 2 was crawled; seed money in 6k,terminal_observed,,2,False
100000004356593100,peripheral,0.7500000000000001,4,0.4725825402100347,1 payer / 1 recipient; 10k out; no role rule met; seed money in 707,weak_signal,,2,False
100000008688881100,terminal,0.9,17,0.4168323735951231,1 payer → 44k in; no outgoing transfers although depth 2 was crawled; seed money in 836,terminal_observed,,2,False
100000008111003100,consolidator,0.7214245945509079,4,0.8366447479529521,6 payers → 223k in; sends on 16%; to 1 recipient; up to 2 payers same day; seed money in 16k,consolidator,,2,False
100000003016773100,terminal,0.9,3,0.5491482209885757,1 payer → 47k in; no outgoing transfers although depth 2 was crawled; seed money in 3k,terminal_observed,,2,False
100000004674799100,terminal,0.9,1,0.6459846260289719,1 payer → 140k in; no outgoing transfers although depth 2 was crawled; seed money in 140k; flags round_amounts,terminal_observed,,2,False
100000005834479100,peripheral,0.5666666666666667,4,0.391522342741855,1 payer / 2 recipients; 14k out; no role rule met; seed money in 106,weak_signal,,2,False
100000003278020100,terminal,0.9,1,0.5356646709196599,1 payer → 190k in; no outgoing transfers although depth 2 was crawled; seed money in 4k,terminal_observed,,2,False
100000000831684100,peripheral,0.0,12,0.26170344906486814,"15k in, 50k out (333%); 100% forwarded within 2 days, but most outflow comes from outside the graph; seed money in 15k; flags burst,near_threshold",weak_signal,transit,2,False
100000000307908100,terminal,0.9,32,0.43358466307468524,1 payer → 5k in; no outgoing transfers although depth 2 was crawled; seed money in 2k,terminal_observed,,2,False
100000001782980100,peripheral,0.7833333333333333,25,0.4826384538136202,1 payer / 1 recipient; 596k out; no role rule met; seed money in 18k,weak_signal,,2,False
100000002454724100,terminal,0.9,26,0.45653393768693107,1 payer → 125k in; no outgoing transfers although depth 2 was crawled; seed money in 261,terminal_observed,,2,False
100000005904580100,terminal,0.9,12,0.5717570019122127,2 payers → 72k in; no outgoing transfers although depth 2 was crawled; seed money in 13k,terminal_observed,,2,False
100000008474308100,peripheral,0.1071428571428572,12,0.3373157475153041,1 payer / 1 recipient; 10k out; no role rule met; seed money in 9k,weak_signal,,2,False
100000000795033100,terminal,0.9,1,0.5637213508610405,1 payer → 18k in; no outgoing transfers although depth 2 was crawled; seed money in 10k,terminal_observed,,2,False
100000000861294100,terminal,0.9,19,0.5283781059834275,1 payer → 150k in; no outgoing transfers although depth 2 was crawled; seed money in 36k,terminal_observed,,2,False
100000006557763100,terminal,0.9,8,0.59211852449103,1 payer → 10k in; no outgoing transfers although depth 2 was crawled; seed money in 10k,terminal_observed,,2,False
100000005608515100,terminal,0.9,5,0.4647738849512686,1 payer → 64k in; no outgoing transfers although depth 2 was crawled; seed money in 6k,terminal_observed,,2,False
100000003922499100,terminal,0.9,12,0.5390015090680279,1 payer → 50k in; no outgoing transfers although depth 2 was crawled; seed money in 47k,terminal_observed,,2,False
100000008603629100,distributor,0.7675438596491229,1,0.9081747540727586,pays 61 recipients 4.99M; from 19 payers; 100% passed on within 2 days; seed money in 67k,distributor,transit,2,False
100000004825069100,terminal,0.9,17,0.403757415952538,1 payer → 30k in; no outgoing transfers although depth 2 was crawled; seed money in 568,terminal_observed,,2,False
100000004331458100,terminal,0.9,36,0.5379119292644792,2 payers → 250k in; no outgoing transfers although depth 2 was crawled; seed money in 46k,terminal_observed,,2,False
100000002911170100,terminal,0.9,26,0.48608878985819126,1 payer → 300k in; no outgoing transfers although depth 2 was crawled; seed money in 627,terminal_observed,,2,False
100000008011159100,peripheral,0.4722222222222222,7,0.5355738726026975,3 payers / 5 recipients; 153k out; no role rule met; seed money in 8k,weak_signal,,2,False
100000003854444100,distributor,0.85,11,0.8183906543108317,pays 14 recipients 2.32M; from 1 payer; 76% passed on within 2 days; seed money in 17k,distributor,transit,2,False
100000008547948100,distributor,0.8611111111111112,3,0.7655832611486715,pays 26 recipients 5.19M; from 6 payers; 100% passed on within 2 days; seed money in 6k,distributor,transit,2,False
100000005175148100,peripheral,0.620253164556962,2,0.4245275309576862,2 payers / 1 recipient; 15k out; no role rule met; seed money in 14k,weak_signal,,2,False
100000002087788100,terminal,0.9,7,0.6406729244866717,1 payer → 100k in; no outgoing transfers although depth 2 was crawled; seed money in 100k,terminal_observed,,2,False
100000004150593100,distributor,0.775,2,0.7850476963559003,pays 11 recipients 871k; from 1 payer; 100% passed on within 2 days; seed money in 9k; flags burst,distributor,transit,2,False
100000001597505100,peripheral,0.38964474678760397,18,0.4601204712069457,1 payer / 1 recipient; 13k out; no role rule met; seed money in 4k,weak_signal,,2,False
100000007629121100,terminal,0.9,8,0.6313433974187855,1 payer → 29k in; no outgoing transfers although depth 2 was crawled; seed money in 29k,terminal_observed,,2,False
100000005614315100,terminal,0.9,2,0.6602853609505495,1 payer → 455k in; no outgoing transfers although depth 2 was crawled; seed money in 454k,terminal_observed,,2,False
100000008324800100,transit,0.9264007597340931,7,0.6601718630543465,"526k in from 3, 511k out to 1 (97%); 60% forwarded within 2 days; seed money in 3k; flags repeat_amount",transit,,2,False
100000005030592100,terminal,0.9,2,0.4598026770975774,1 payer → 10k in; no outgoing transfers although depth 2 was crawled; seed money in 286,terminal_observed,,2,False
100000001633685100,terminal,0.9,4,0.5054288313711817,3 payers → 45k in; no outgoing transfers although depth 2 was crawled; seed money in 1k,terminal_observed,,2,False
100000001848426100,terminal,0.9,19,0.5129877912583012,1 payer → 96k in; no outgoing transfers although depth 2 was crawled; seed money in 23k,terminal_observed,,2,False
100000004580202100,peripheral,0.0,27,0.46109655311429154,"9k in, 45k out (500%); 56% forwarded within 2 days, but most outflow comes from outside the graph; seed money in 9k",weak_signal,transit,2,False
100000008717375100,terminal,0.9,18,0.5486034310868014,1 payer → 30k in; no outgoing transfers although depth 2 was crawled; seed money in 4k,terminal_observed,,2,False
100000007861311100,terminal,0.9,28,0.5162565306689475,1 payer → 45k in; no outgoing transfers although depth 2 was crawled; seed money in 24k,terminal_observed,,2,False
100000005578559100,distributor,1.0,5,0.7670886972439079,pays 21 recipients 893k; from 2 payers; 100% passed on within 2 days; seed money in 7k,distributor,transit,2,False
100000008764436100,terminal,0.9,17,0.3743387612567214,1 payer → 13k in; no outgoing transfers although depth 2 was crawled; seed money in 248,terminal_observed,,2,False
100000000190228100,peripheral,0.7833333333333333,5,0.5497838092073126,1 payer / 1 recipient; 29k out; no role rule met; seed money in 5k,weak_signal,,2,False
100000003971049100,terminal,0.9,14,0.5198657637682029,1 payer → 56k in; no outgoing transfers although depth 2 was crawled; seed money in 2k; flags near_threshold,terminal_observed,,2,False
100000008743913100,distributor,0.6861111111111111,3,0.7973336166240824,pays 13 recipients 1.85M; from 3 payers; 94% passed on within 2 days; seed money in 10k; flags near_threshold,distributor,transit,2,False
100000004400361100,terminal,0.9,16,0.5194571713418721,1 payer → 10k in; no outgoing transfers although depth 2 was crawled; seed money in 2k,terminal_observed,,2,False
100000002175422100,peripheral,0.0,30,0.47709975647891395,"68k in, 1.62M out (2367%); 71% forwarded within 2 days, but most outflow comes from outside the graph; seed money in 11k",weak_signal,transit,2,False
100000004544958100,peripheral,0.5666666666666667,2,0.6174058557650576,1 payer / 2 recipients; 23k out; no role rule met; seed money in 63k,weak_signal,,2,False
100000008466579100,distributor,0.925,3,0.7773661587408817,pays 17 recipients 1.93M; from 2 payers; 100% passed on within 2 days; seed money in 6k,distributor,transit,2,False
100000001184915100,terminal,0.9,2,0.5437003219708321,1 payer → 201k in; no outgoing transfers although depth 2 was crawled; seed money in 6k,terminal_observed,,2,False
100000004435304100,terminal,0.9,17,0.40103346644366605,1 payer → 26k in; no outgoing transfers although depth 2 was crawled; seed money in 496,terminal_observed,,2,False
100000008762728100,terminal,0.9,2,0.5641299432873713,1 payer → 17k in; no outgoing transfers although depth 2 was crawled; seed money in 10k,terminal_observed,,2,False
100000004285800100,peripheral,0.7833333333333333,11,0.43442454750658743,1 payer / 1 recipient; 15k out; no role rule met; seed money in 5k,weak_signal,,2,False
100000008557672100,terminal,0.9,17,0.4191477306776642,1 payer → 49k in; no outgoing transfers although depth 2 was crawled; seed money in 929,terminal_observed,,2,False
100000005142589100,terminal,0.9,4,0.5375714355758703,1 payer → 50k in; no outgoing transfers although depth 2 was crawled; seed money in 5k,terminal_observed,,2,False
100000003747133100,transit,0.8636256264025512,4,0.7671985632074324,"237k in from 5, 250k out to 2 (105%); 17% forwarded within 2 days; seed money in 9k",transit,,2,False
100000003289405100,terminal,0.9,1,0.47376291833054585,1 payer → 355k in; no outgoing transfers although depth 2 was crawled; seed money in 8k,terminal_observed,,2,False
100000002691858100,terminal,0.9,18,0.5668538927962431,1 payer → 52k in; no outgoing transfers although depth 2 was crawled; seed money in 8k,terminal_observed,,2,False
100000007534354100,peripheral,0.35,10,0.32190273321093726,1 payer / 3 recipients; 148k out; no role rule met; seed money in 728,weak_signal,,2,False
100000000765628100,terminal,0.9,2,0.5409763724619601,1 payer → 5k in; no outgoing transfers although depth 2 was crawled; seed money in 5k,terminal_observed,,2,False
100000004962193100,consolidator,0.9,4,0.5844687662869481,8 payers → 900k in; sends on 0%; to 0 recipients; up to 5 payers same day; seed money in 11k; flags burst,consolidator,terminal,2,False
100000005032294100,terminal,0.9,15,0.5762515186018513,1 payer → 10k in; no outgoing transfers although depth 2 was crawled; seed money in 10k,terminal_observed,,2,False
100000001251686100,terminal,0.9,4,0.547377653807809,1 payer → 18k in; no outgoing transfers although depth 2 was crawled; seed money in 3k,terminal_observed,,2,False
100000002398779100,consolidator,0.969881992169318,4,0.8508855559853343,13 payers → 1.10M in; sends on 6%; to 1 recipient; up to 7 payers same day; seed money in 40k; flags near_threshold,consolidator,,2,False
100000008512827100,distributor,0.5277777777777778,3,0.594047988726481,pays 10 recipients 1.94M; from 3 payers; 91% passed on within 2 days; seed money in 7k,distributor,transit,2,False
100000003943483100,terminal,0.9,12,0.5762515186018513,1 payer → 10k in; no outgoing transfers although depth 2 was crawled; seed money in 10k,terminal_observed,,2,False
100000005031696100,peripheral,0.0,8,0.47601017667536516,"5k in, 115k out (2300%); 100% forwarded within 2 days, but most outflow comes from outside the graph; seed money in 5k",weak_signal,transit,2,False
100000002703376100,terminal,0.9,14,0.5157798395048949,1 payer → 47k in; no outgoing transfers although depth 2 was crawled; seed money in 2k,terminal_observed,,2,False
100000003617552100,terminal,0.9,25,0.5015472033210393,1 payer → 25k in; no outgoing transfers although depth 2 was crawled; seed money in 16k,terminal_observed,,2,False
100000007617808100,terminal,0.9,16,0.6387661598304615,1 payer → 450k in; no outgoing transfers although depth 2 was crawled; seed money in 97k,terminal_observed,,2,False
100000002613776100,terminal,0.9,4,0.5071993985519485,1 payer → 30k in; no outgoing transfers although depth 2 was crawled; seed money in 1k,terminal_observed,,2,False
100000002578405100,distributor,1.0,6,0.6050572846581717,"pays 116 recipients 3.11M; from 2 payers; 100% passed on within 2 days; seed money in 2k; flags repeat_amount,near_threshold",distributor,transit,2,False
100000006161893100,terminal,0.9,2,0.5748895438474153,1 payer → 14k in; no outgoing transfers although depth 2 was crawled; seed money in 14k,terminal_observed,,2,False
100000002633701100,terminal,0.9,3,0.5240197867692326,1 payer → 267k in; no outgoing transfers although depth 2 was crawled; seed money in 30k,terminal_observed,,2,False
100000002432143100,terminal,0.9,4,0.5917780308024211,1 payer → 81k in; no outgoing transfers although depth 2 was crawled; seed money in 12k,terminal_observed,,2,False
100000000490383100,peripheral,0.15555555555555556,2,0.4703806810236966,3 payers / 8 recipients; 461k out; no role rule met; seed money in 8k; flags near_threshold,weak_signal,,2,False
100000005809252100,terminal,0.9,1,0.5973621272956086,1 payer → 25k in; no outgoing transfers although depth 2 was crawled; seed money in 25k,terminal_observed,,2,False
100000006612238100,peripheral,0.6875,17,0.2989307590194508,1 payer / 1 recipient; 25k out; no role rule met; seed money in 3k,weak_signal,,2,False
100000002593038100,terminal,0.9,12,0.5893264762444363,1 payer → 28k in; no outgoing transfers although depth 2 was crawled; seed money in 15k,terminal_observed,,2,False
100000002947299100,terminal,0.9,4,0.5932762030323007,1 payer → 85k in; no outgoing transfers although depth 2 was crawled; seed money in 13k,terminal_observed,,2,False
100000004336312100,transit,0.5087927888071668,21,0.5651514243531982,"90k in from 3, 73k out to 2 (80%); 29% forwarded within 2 days; seed money in 10k; flags near_threshold",transit,,2,False
100000001308856100,terminal,0.9,17,0.40185065129632763,1 payer → 27k in; no outgoing transfers although depth 2 was crawled; seed money in 511,terminal_observed,,2,False
100000008238989100,terminal,0.9,1,0.5462880740042603,1 payer → 200k in; no outgoing transfers although depth 2 was crawled; seed money in 6k,terminal_observed,,2,False
100000005561741100,terminal,0.9,5,0.5728465817157613,1 payer → 25k in; no outgoing transfers although depth 2 was crawled; seed money in 7k,terminal_observed,,2,False
100000006248077100,terminal,0.9,16,0.565900510468138,1 payer → 50k in; no outgoing transfers although depth 2 was crawled; seed money in 11k,terminal_observed,,2,False
100000000646541100,terminal,0.9,4,0.5517359730220042,3 payers → 25k in; no outgoing transfers although depth 2 was crawled; seed money in 7k; flags near_threshold,terminal_observed,,2,False
100000006595426100,terminal,0.9,4,0.5180951965874362,1 payer → 85k in; no outgoing transfers although depth 2 was crawled; seed money in 2k,terminal_observed,,2,False
100000002956898100,terminal,0.9,2,0.5513273805956733,2 payers → 290k in; no outgoing transfers although depth 2 was crawled; seed money in 7k,terminal_observed,,2,False
100000001262647100,terminal,0.9,2,0.5370266456740957,1 payer → 24k in; no outgoing transfers although depth 2 was crawled; seed money in 4k,terminal_observed,,2,False
100000005849100100,terminal,0.9,8,0.6347483343048754,1 payer → 33k in; no outgoing transfers although depth 2 was crawled; seed money in 33k,terminal_observed,,2,False
100000000533217100,terminal,0.9,1,0.6248740173352147,1 payer → 54k in; no outgoing transfers although depth 2 was crawled; seed money in 54k,terminal_observed,,2,False
100000002812641100,transit,0.702395,5,0.45378728859881856,"10k in from 1, 7k out to 1 (70%); 70% forwarded within 2 days; seed money in 10k",transit,,2,False
100000008647905100,peripheral,0.0,11,0.43433374918962503,"50k in, 344k out (688%); 100% forwarded within 2 days, but most outflow comes from outside the graph; seed money in 4k",weak_signal,transit,2,False
100000002842337100,terminal,0.9,28,0.5208872448340298,1 payer → 50k in; no outgoing transfers although depth 2 was crawled; seed money in 27k,terminal_observed,,2,False
100000002445750100,peripheral,0.7833333333333333,1,0.6114131668455394,1 payer / 1 recipient; 10k out; no role rule met; seed money in 47k,weak_signal,,2,False
100000005619339100,transit,0.7786999999999995,2,0.49916374750077636,"5k in from 1, 5k out to 1 (109%); 0% forwarded within 2 days; seed money in 908",transit,,2,False
100000006844768100,peripheral,0.16666666666666674,11,0.559726224914695,1 payer / 2 recipients; 188k out; no role rule met; seed money in 119k,weak_signal,,2,False
100000002488629100,terminal,0.9,19,0.5027729806000316,1 payer → 73k in; no outgoing transfers although depth 2 was crawled; seed money in 18k,terminal_observed,,2,False
100000002796853100,peripheral,0.5862550753768844,3,0.4162194849556269,1 payer / 1 recipient; 46k out; no role rule met; seed money in 179k; flags near_threshold,weak_signal,,2,False
100000006755850100,terminal,0.9,11,0.6909978916630803,1 payer → 443k in; no outgoing transfers although depth 2 was crawled; seed money in 443k,terminal_observed,,2,False
100000008733194100,coordinator,1.0,8,0.7144093297086646,pays 4 seeds back; downstream of 7 seeds; betweenness top 5%; seed money in 2k,coordinator,,2,False
100000001904863100,terminal,0.9,15,0.6050572846581717,1 payer → 500k in; no outgoing transfers although depth 2 was crawled; seed money in 14k,terminal_observed,,2,False
100000001641951100,terminal,0.9,13,0.62848325043447,1 payer → 25k in; no outgoing transfers although depth 2 was crawled; seed money in 25k; flags near_threshold,terminal_observed,,2,False
100000004816564100,peripheral,0.7833333333333333,2,0.5460383786326137,1 payer / 1 recipient; 5k out; no role rule met; seed money in 8k,weak_signal,,2,False
100000002205022100,peripheral,0.0,16,0.48132187821766537,"7k in, 518k out (7296%); 85% forwarded within 2 days, but most outflow comes from outside the graph; seed money in 7k",weak_signal,transit,2,False
100000002267998100,peripheral,0.0,27,0.5595673278600108,"420k in, 1.11M out (265%); 60% forwarded within 2 days, but most outflow comes from outside the graph; seed money in 302k; flags round_amounts",weak_signal,transit,2,False
100000002199091100,terminal,0.9,17,0.4280005665814979,1 payer → 65k in; no outgoing transfers although depth 2 was crawled; seed money in 1k,terminal_observed,,2,False
100000008571443100,terminal,0.9,4,0.5042030540921895,2 payers → 65k in; no outgoing transfers although depth 2 was crawled; seed money in 1k,terminal_observed,,2,False
100000002742067100,terminal,0.9,2,0.46947269785407264,1 payer → 13k in; no outgoing transfers although depth 2 was crawled; seed money in 364,terminal_observed,,2,False
100000003292979100,terminal,0.9,8,0.6196304145306363,1 payer → 49k in; no outgoing transfers although depth 2 was crawled; seed money in 21k,terminal_observed,,2,False
100000002558173100,terminal,0.9,18,0.5238154905560671,1 payer → 9k in; no outgoing transfers although depth 2 was crawled; seed money in 1k,terminal_observed,,2,False
100000004687282100,terminal,0.9,2,0.5889178838181056,1 payer → 20k in; no outgoing transfers although depth 2 was crawled; seed money in 20k,terminal_observed,,2,False
100000003034546100,terminal,0.9,3,0.5460837777910948,1 payer → 487k in; no outgoing transfers although depth 2 was crawled; seed money in 56k,terminal_observed,,2,False
100000003798151100,terminal,0.9,2,0.656063239211798,1 payer → 350k in; no outgoing transfers although depth 2 was crawled; seed money in 300k,terminal_observed,,2,False
100000008710791100,distributor,1.0,3,0.7837756119352572,pays 23 recipients 5.52M; from 3 payers; 93% passed on within 2 days; seed money in 7k,distributor,transit,2,False
100000008688476100,terminal,0.9,17,0.396675147229471,1 payer → 24k in; no outgoing transfers although depth 2 was crawled; seed money in 454,terminal_observed,,2,False
100000003242289100,distributor,1.0,14,0.7674264669830081,pays 23 recipients 2.38M; from 3 payers; 81% passed on within 2 days; seed money in 6k,distributor,transit,2,False
100000006564102100,terminal,0.9,4,0.6285513491721918,1 payer → 233k in; no outgoing transfers although depth 2 was crawled; seed money in 35k,terminal_observed,,2,False
100000001526235100,peripheral,0.0,23,0.4867016784976874,"82k in, 433k out (528%); 55% forwarded within 2 days, but most outflow comes from outside the graph; seed money in 14k",weak_signal,transit,2,False
100000004398811100,peripheral,0.0,16,0.3601742238105875,"426k in, 1.04M out (244%); 96% forwarded within 2 days, but most outflow comes from outside the graph; seed money in 9k",weak_signal,transit,2,False
100000002957787100,distributor,1.0,1,0.7080661592856716,pays 34 recipients 1.28M; from 4 payers; 100% passed on within 2 days; seed money in 1k; flags near_threshold,distributor,transit,2,False
100000002621915100,terminal,0.9,2,0.5409763724619601,1 payer → 5k in; no outgoing transfers although depth 2 was crawled; seed money in 5k,terminal_observed,,2,False
100000008283183100,terminal,0.9,17,0.4032126260507636,1 payer → 29k in; no outgoing transfers although depth 2 was crawled; seed money in 549,terminal_observed,,2,False
100000003843844100,peripheral,0.7833333333333333,4,0.43803378060584275,1 payer / 1 recipient; 238k out; no role rule met; seed money in 201,weak_signal,,3,False
100000000954884100,terminal,0.9,14,0.4280686653192197,1 payer → 34k in; no outgoing transfers although depth 3 was crawled; seed money in 109,terminal_observed,,3,False
100000005893892100,terminal,0.9,7,0.4365129087967226,1 payer → 103k in; no outgoing transfers although depth 3 was crawled; seed money in 144,terminal_observed,,3,False
100000001819396100,terminal,0.9,24,0.4791427186105679,1 payer → 166k in; no outgoing transfers although depth 3 was crawled; seed money in 481,terminal_observed,,3,False
100000008472324100,terminal,0.9,7,0.46007507204846454,1 payer → 205k in; no outgoing transfers although depth 3 was crawled; seed money in 287,terminal_observed,,3,False
100000002646745100,terminal,0.9,6,0.300111137139962,1 payer → 12k in; no outgoing transfers although depth 3 was crawled; seed money in 9,terminal_observed,,3,False
100000008405209100,terminal,0.9,14,0.43637671132127903,1 payer → 54k in; no outgoing transfers although depth 3 was crawled; seed money in 143,terminal_observed,,3,False
100000004417753100,terminal,0.9,4,0.5092423606836024,2 payers → 192k in; no outgoing transfers although depth 3 was crawled; seed money in 1k,terminal_observed,,3,False
100000003457710100,peripheral,0.0,7,0.3675969862222634,"327k in, 1.31M out (400%); 100% forwarded within 2 days, but most outflow comes from outside the graph; seed money in 457",weak_signal,transit,3,False
100000007333038100,peripheral,0.5666666666666667,10,0.28038520277988127,1 payer / 2 recipients; 35k out; no role rule met; seed money in 23,weak_signal,,3,False
100000006444163100,terminal,0.9,4,0.475737781724478,1 payer → 6k in; no outgoing transfers although depth 3 was crawled; seed money in 438,terminal_observed,,3,False
100000008706947100,terminal,0.9,6,0.30569523363314943,1 payer → 17k in; no outgoing transfers although depth 3 was crawled; seed money in 12,terminal_observed,,3,False
100000008761219100,peripheral,0.0,3,0.3522747702348589,"50k in, 375k out (750%); 70% forwarded within 2 days, but most outflow comes from outside the graph; seed money in 118",weak_signal,transit,3,False
100000005022552100,peripheral,0.7833333333333333,2,0.38845789954437404,1 payer / 1 recipient; 5k out; no role rule met; seed money in 3k,weak_signal,,3,False
100000008735832100,terminal,0.9,6,0.306512418485811,1 payer → 18k in; no outgoing transfers although depth 3 was crawled; seed money in 13,terminal_observed,,3,False
100000005661528100,terminal,0.9,13,0.4203054092189347,1 payer → 25k in; no outgoing transfers although depth 3 was crawled; seed money in 80,terminal_observed,,3,False
100000002529880100,terminal,0.9,3,0.4867697772354092,2 payers → 147k in; no outgoing transfers although depth 3 was crawled; seed money in 420,terminal_observed,,3,False
100000001969496100,terminal,0.9,15,0.4030083298375982,1 payer → 23k in; no outgoing transfers although depth 3 was crawled; seed money in 33,terminal_observed,,3,False
100000003215448100,peripheral,0.19753255429366234,1,0.42493612338401704,1 payer / 2 recipients; 124k out; no role rule met; seed money in 1k,weak_signal,,3,False
100000006894637100,terminal,0.9,11,0.4705622776576214,1 payer → 53k in; no outgoing transfers although depth 3 was crawled; seed money in 377,terminal_observed,,3,False
100000002936322100,terminal,0.9,13,0.5341664986897804,2 payers → 787k in; no outgoing transfers although depth 3 was crawled; seed money in 4k,terminal_observed,,3,False
100000005061890100,terminal,0.9,4,0.48649738228452205,1 payer → 90k in; no outgoing transfers although depth 3 was crawled; seed money in 636,terminal_observed,,3,False
100000004017410100,peripheral,0.33333333333333326,21,0.5072447977104297,2 payers / 5 recipients; 1.33M out; no role rule met; seed money in 17k; flags near_threshold,weak_signal,,3,False
100000002983426100,terminal,0.9,5,0.4900385166460555,1 payer → 89k in; no outgoing transfers although depth 3 was crawled; seed money in 688,terminal_observed,,3,False
100000005530114100,peripheral,0.6349565598306198,14,0.41603788832170213,2 payers / 1 recipient; 25k out; no role rule met; seed money in 204,weak_signal,,3,False
100000001169666100,peripheral,0.7833333333333333,5,0.5200927595606087,1 payer / 1 recipient; 24k out; no role rule met; seed money in 1k,weak_signal,,3,False
100000001784279100,terminal,0.9,11,0.4551719629324951,1 payer → 36k in; no outgoing transfers although depth 3 was crawled; seed money in 255,terminal_observed,,3,False
100000008744364100,terminal,0.9,6,0.3107345402245625,1 payer → 24k in; no outgoing transfers although depth 3 was crawled; seed money in 17,terminal_observed,,3,False
100000008714412100,terminal,0.9,5,0.5163246294066695,1 payer → 169k in; no outgoing transfers although depth 3 was crawled; seed money in 782,terminal_observed,,3,False
100000007754369100,terminal,0.9,11,0.48472681510375526,1 payer → 82k in; no outgoing transfers although depth 3 was crawled; seed money in 589,terminal_observed,,3,False
100000003122817100,terminal,0.9,24,0.5088337682572717,1 payer → 445k in; no outgoing transfers although depth 3 was crawled; seed money in 1k,terminal_observed,,3,False
100000003711830100,terminal,0.9,1,0.4893575292688376,1 payer → 50k in; no outgoing transfers although depth 3 was crawled; seed money in 671,terminal_observed,,3,False
100000001110358100,terminal,0.9,1,0.47410341201915485,2 payers → 32k in; no outgoing transfers although depth 3 was crawled; seed money in 421,terminal_observed,,3,False
100000006530134100,terminal,0.9,7,0.4449571522742255,2 payers → 145k in; no outgoing transfers although depth 3 was crawled; seed money in 192,terminal_observed,,3,False
100000001639766100,terminal,0.9,19,0.453197099538563,1 payer → 20k in; no outgoing transfers although depth 3 was crawled; seed money in 4k,terminal_observed,,3,False
100000003242795100,terminal,0.9,7,0.4385558709283765,1 payer → 111k in; no outgoing transfers although depth 3 was crawled; seed money in 155,terminal_observed,,3,False
100000004970752100,terminal,0.9,1,0.5630403634838225,1 payer → 10k in; no outgoing transfers although depth 3 was crawled; seed money in 10k,terminal_observed,,3,False
100000004564736100,terminal,0.9,27,0.5281738097702621,1 payer → 15k in; no outgoing transfers although depth 3 was crawled; seed money in 3k,terminal_observed,,3,False
100000005873152100,transit,1.0,13,0.7732675227131991,"10k in from 1, 10k out to 1 (100%); 0% forwarded within 2 days; seed money in 10k",transit,,3,False
100000001637376100,peripheral,0.0,7,0.3312322602788235,"117k in, 234k out (201%); 99% forwarded within 2 days, but most outflow comes from outside the graph; seed money in 163",weak_signal,transit,3,False
100000006710485100,terminal,0.9,6,0.30801059071569054,1 payer → 20k in; no outgoing transfers although depth 3 was crawled; seed money in 14,terminal_observed,,3,False
100000003582677100,peripheral,0.4666666666666667,4,0.4447301564818195,2 payers / 4 recipients; 56k out; no role rule met; seed money in 298; flags burst,weak_signal,,3,False
100000008713685100,terminal,0.9,6,0.3255800650479143,1 payer → 50k in; no outgoing transfers although depth 3 was crawled; seed money in 36,terminal_observed,,3,False
100000008070101100,terminal,0.9,3,0.44264179519168434,1 payer → 100k in; no outgoing transfers although depth 3 was crawled; seed money in 116,terminal_observed,,3,False
100000004475818100,peripheral,0.0,4,0.32374139912942573,"13k in, 54k out (415%); 100% forwarded within 2 days, but most outflow comes from outside the graph; seed money in 79",weak_signal,transit,3,False
100000007197866100,transit,0.75,1,0.4628671202950582,"20k in from 1, 15k out to 1 (75%); 75% forwarded within 2 days; seed money in 268",transit,,3,False
100000006965162100,terminal,0.9,21,0.4335165643369635,1 payer → 10k in; no outgoing transfers although depth 3 was crawled; seed money in 128,terminal_observed,,3,False
100000005995391100,terminal,0.9,6,0.30569523363314943,1 payer → 17k in; no outgoing transfers although depth 3 was crawled; seed money in 12,terminal_observed,,3,False
100000003834495100,peripheral,0.7,11,0.5195252700795938,3 payers / 1 recipient; 20k out; no role rule met; seed money in 6k,weak_signal,,3,False
100000001223977100,peripheral,0.7833333333333333,8,0.4752156914019442,1 payer / 1 recipient; 18k out; no role rule met; seed money in 217,weak_signal,,3,False
100000001046057100,terminal,0.9,3,0.4593940846712466,1 payer → 83k in; no outgoing transfers although depth 3 was crawled; seed money in 285,terminal_observed,,3,False
100000002989353100,transit,0.6,10,0.3530692555082799,"500k in from 1, 321k out to 2 (64%); 60% forwarded within 2 days; seed money in 160",transit,,3,False
100000006714366100,peripheral,0.04761904761904767,4,0.33538628327985315,1 payer / 1 recipient; 5k out; no role rule met; seed money in 126,weak_signal,,3,False
100000001063678100,peripheral,0.0,27,0.45905359098263754,"35k in, 90k out (257%); 57% forwarded within 2 days, but most outflow comes from outside the graph; seed money in 9k",weak_signal,transit,3,False
100000004889043100,terminal,0.9,1,0.46034746699935175,2 payers → 272k in; no outgoing transfers although depth 3 was crawled; seed money in 290,terminal_observed,,3,False
100000002984403100,peripheral,0.0625,23,0.3937015023489525,1 payer / 1 recipient; 25k out; no role rule met; seed money in 660,weak_signal,,3,False
100000003951827100,peripheral,0.5666666666666667,4,0.3399034995487324,1 payer / 2 recipients; 17k out; no role rule met; seed money in 8,weak_signal,,3,False
100000000933075100,transit,1.0,12,0.7134305238518098,"40k in from 1, 55k out to 2 (138%); 100% forwarded within 2 days; seed money in 3k",transit,,3,False
100000008502995100,terminal,0.9,16,0.58946267371988,1 payer → 25k in; no outgoing transfers although depth 3 was crawled; seed money in 20k,terminal_observed,,3,False
100000008086440100,transit,0.5189452919647728,1,0.5421567505824713,"200k in from 1, 161k out to 5 (81%); 19% forwarded within 2 days; seed money in 3k",transit,,3,False
100000008465789100,distributor,0.9,3,0.5654692184625666,pays 16 recipients 1.86M; from 1 payer; 100% passed on within 2 days; seed money in 16; flags repeat_amount,distributor,transit,3,False
100000002550141100,terminal,0.9,13,0.464978181164434,1 payer → 101k in; no outgoing transfers although depth 3 was crawled; seed money in 323,terminal_observed,,3,False
100000008739887100,peripheral,0.2932242990654208,1,0.4506093475051347,2 payers / 2 recipients; 307k out; no role rule met; seed money in 3k,weak_signal,,3,False
100000008532050100,terminal,0.9,7,0.4867697772354092,1 payer → 455k in; no outgoing transfers although depth 3 was crawled; seed money in 637,terminal_observed,,3,False
100000008422226100,terminal,0.9,1,0.4186710395136117,1 payer → 87k in; no outgoing transfers although depth 3 was crawled; seed money in 76,terminal_observed,,3,False
100000002369874100,terminal,0.9,3,0.5250412678350594,4 payers → 600k in; no outgoing transfers although depth 3 was crawled; seed money in 1k,terminal_observed,,3,False
100000003321895100,peripheral,0.5666666666666667,2,0.4772586535335981,1 payer / 2 recipients; 554k out; no role rule met; seed money in 798,weak_signal,,3,False
100000001875239100,terminal,0.9,3,0.5175504066856617,3 payers → 712k in; no outgoing transfers although depth 3 was crawled; seed money in 813,terminal_observed,,3,False
100000002216999100,terminal,0.9,6,0.31059834274911885,1 payer → 24k in; no outgoing transfers although depth 3 was crawled; seed money in 17,terminal_observed,,3,False
100000002653948100,terminal,0.9,7,0.430656417352648,1 payer → 85k in; no outgoing transfers although depth 3 was crawled; seed money in 119,terminal_observed,,3,False
100000008632060100,peripheral,0.050000000000000044,4,0.3004970299870522,1 payer / 9 recipients; 339k out; no role rule met; seed money in 6,weak_signal,,3,False
100000008746449100,distributor,0.75,3,0.5429285362766516,pays 10 recipients 1.01M; from 1 payer; 0% passed on within 2 days; seed money in 5; flags burst,distributor,,3,False
100000003031761100,terminal,0.9,13,0.42173548271109257,1 payer → 460k in; no outgoing transfers although depth 3 was crawled; seed money in 1k,terminal_observed,,3,False
100000008388049100,terminal,0.9,10,0.36187669225363245,1 payer → 496k in; no outgoing transfers although depth 3 was crawled; seed money in 159,terminal_observed,,3,False
100000002677201100,peripheral,0.26875000000000004,3,0.4101586972983869,1 payer / 1 recipient; 88k out; no role rule met; seed money in 486,weak_signal,,3,False
100000002901457100,peripheral,0.35,1,0.4753291892981472,1 payer / 3 recipients; 119k out; no role rule met; seed money in 6k,weak_signal,,3,False
100000001160401100,terminal,0.9,1,0.4088648212816728,1 payer → 47k in; no outgoing transfers although depth 3 was crawled; seed money in 45,terminal_observed,,3,False
100000002842321100,terminal,0.9,7,0.4495878664393077,1 payer → 160k in; no outgoing transfers although depth 3 was crawled; seed money in 224,terminal_observed,,3,False
100000002547110100,consolidator,0.8,3,0.5493979163602224,6 payers → 1.50M in; sends on 0%; to 0 recipients; up to 5 payers same day; seed money in 2k; flags burst,consolidator,terminal,3,False
100000001600934100,peripheral,0.7833333333333333,1,0.463502708513795,1 payer / 1 recipient; 11k out; no role rule met; seed money in 26k,weak_signal,,3,False
100000002818726100,terminal,0.9,4,0.4339251567632943,1 payer → 11k in; no outgoing transfers although depth 3 was crawled; seed money in 131,terminal_observed,,3,False
100000008712827100,terminal,0.9,6,0.33293472872186847,1 payer → 76k in; no outgoing transfers although depth 3 was crawled; seed money in 55,terminal_observed,,3,False
100000008259451100,terminal,0.9,15,0.41989681679260393,1 payer → 55k in; no outgoing transfers although depth 3 was crawled; seed money in 79,terminal_observed,,3,False
100000003060517100,terminal,0.9,1,0.5073355960273921,1 payer → 316k in; no outgoing transfers although depth 3 was crawled; seed money in 1k,terminal_observed,,3,False
100000002621434100,terminal,0.9,3,0.4480896942094282,1 payer → 81k in; no outgoing transfers although depth 3 was crawled; seed money in 102,terminal_observed,,3,False
100000001860090100,terminal,0.9,19,0.4497921626524732,1 payer → 5k in; no outgoing transfers although depth 3 was crawled; seed money in 3k,terminal_observed,,3,False
100000004689658100,peripheral,0.7833333333333333,13,0.5025913839661068,1 payer / 1 recipient; 7k out; no role rule met; seed money in 1k,weak_signal,,3,False
100000003486970100,terminal,0.9,7,0.4480896942094282,1 payer → 150k in; no outgoing transfers although depth 3 was crawled; seed money in 210,terminal_observed,,3,False
100000004659919100,peripheral,0.5568181818181819,8,0.5421794501617119,1 payer / 1 recipient; 39k out; no role rule met; seed money in 5k,weak_signal,,3,False
100000006111439100,transit,0.5831307729703451,4,0.44840748831879657,"21k in from 3, 24k out to 4 (117%); 0% forwarded within 2 days; seed money in 280; flags near_threshold",transit,,3,False
100000002521039100,terminal,0.9,1,0.46293521903278007,1 payer → 349k in; no outgoing transfers although depth 3 was crawled; seed money in 306,terminal_observed,,3,False
100000008493007100,transit,1.0,6,0.43810187934356454,"26k in from 1, 26k out to 1 (100%); 100% forwarded within 2 days; seed money in 19",transit,,3,False
100000007793871100,terminal,0.9,10,0.5451984942007115,1 payer → 26k in; no outgoing transfers although depth 3 was crawled; seed money in 3k,terminal_observed,,3,False
100000001650895100,peripheral,0.7833333333333333,5,0.509605553951452,1 payer / 1 recipient; 10k out; no role rule met; seed money in 710,weak_signal,,3,False
100000002567887100,terminal,0.9,7,0.4179900521363936,1 payer → 51k in; no outgoing transfers although depth 3 was crawled; seed money in 71,terminal_observed,,3,False
100000008055972100,terminal,0.9,6,0.3149566619633139,1 payer → 28k in; no outgoing transfers although depth 3 was crawled; seed money in 20,terminal_observed,,3,False
100000008684452100,terminal,0.9,6,0.3265334473760195,1 payer → 52k in; no outgoing transfers although depth 3 was crawled; seed money in 37,terminal_observed,,3,False
100000000764836100,peripheral,0.5666666666666667,1,0.5121933059848802,1 payer / 2 recipients; 50k out; no role rule met; seed money in 3k,weak_signal,,3,False
100000003072676100,terminal,0.9,1,0.43079261482809156,1 payer → 32k in; no outgoing transfers although depth 3 was crawled; seed money in 120,terminal_observed,,3,False
100000008757369100,peripheral,0.0,11,0.33422860473858257,"26k in, 58k out (225%); 100% forwarded within 2 days, but most outflow comes from outside the graph; seed money in 185",weak_signal,transit,3,False
100000007618425100,terminal,0.9,1,0.43746629112482777,1 payer → 39k in; no outgoing transfers although depth 3 was crawled; seed money in 149,terminal_observed,,3,False
100000004671609100,terminal,0.9,3,0.49058330654782983,1 payer → 100k in; no outgoing transfers although depth 3 was crawled; seed money in 358,terminal_observed,,3,False
100000004676985100,transit,0.6002789832610043,1,0.39892240557429026,"32k in from 1, 27k out to 1 (84%); 0% forwarded within 2 days; seed money in 28",transit,,3,False
100000002531406100,transit,0.9038461538461539,13,0.5450395971460273,"520k in from 1, 500k out to 1 (96%); 0% forwarded within 2 days; seed money in 1k",transit,,3,False
100000002877262100,terminal,0.9,3,0.4250723208594606,1 payer → 100k in; no outgoing transfers although depth 3 was crawled; seed money in 52,terminal_observed,,3,False
100000007591246100,peripheral,0.7833333333333333,2,0.4265931926685807,1 payer / 1 recipient; 120k out; no role rule met; seed money in 200,weak_signal,,3,False
100000008712184100,terminal,0.9,6,0.30692101091214175,1 payer → 18k in; no outgoing transfers although depth 3 was crawled; seed money in 13,terminal_observed,,3,False
100000002975437100,peripheral,0.7833333333333333,30,0.3949953783656666,1 payer / 1 recipient; 8k out; no role rule met; seed money in 3k,weak_signal,,3,False
100000005008589100,terminal,0.9,1,0.4075028465272368,1 payer → 43k in; no outgoing transfers although depth 3 was crawled; seed money in 40,terminal_observed,,3,False
100000000782285100,terminal,0.9,4,0.47601017667536516,1 payer → 6k in; no outgoing transfers although depth 3 was crawled; seed money in 447,terminal_observed,,3,False
100000005198498100,terminal,0.9,6,0.31550145186508827,1 payer → 29k in; no outgoing transfers although depth 3 was crawled; seed money in 21,terminal_observed,,3,False
100000008517538100,distributor,0.8972222222222221,3,0.6238071371109065,pays 17 recipients 1.44M; from 3 payers; 99% passed on within 2 days; seed money in 232,distributor,transit,3,False
100000005756535100,terminal,0.9,17,0.4169685710705667,1 payer → 20k in; no outgoing transfers although depth 3 was crawled; seed money in 842,terminal_observed,,3,False
100000004917367100,terminal,0.9,7,0.47955131103689863,2 payers → 120k in; no outgoing transfers although depth 3 was crawled; seed money in 485,terminal_observed,,3,False
100000001222263100,peripheral,0.1952465898574245,7,0.4124286552224468,1 payer / 1 recipient; 420k out; no role rule met; seed money in 1k,weak_signal,,3,False
100000001149815100,terminal,0.9,6,0.29874916238552607,1 payer → 12k in; no outgoing transfers although depth 3 was crawled; seed money in 9,terminal_observed,,3,False
100000006020215100,transit,0.6833333333333331,4,0.4862022877543942,"30k in from 1, 34k out to 2 (113%); 0% forwarded within 2 days; seed money in 361",transit,,3,False
100000000673868100,peripheral,0.25,26,0.4753745884566284,1 payer / 5 recipients; 383k out; no role rule met; seed money in 8k,weak_signal,,3,False
100000008749900100,terminal,0.9,6,0.30460565382960064,1 payer → 17k in; no outgoing transfers although depth 3 was crawled; seed money in 12,terminal_observed,,3,False
100000002862113100,terminal,0.9,15,0.41744526223461925,1 payer → 47k in; no outgoing transfers although depth 3 was crawled; seed money in 68,terminal_observed,,3,False
100000001066017100,peripheral,0.24241311167106216,1,0.41991951637184455,2 payers / 4 recipients; 82k out; no role rule met; seed money in 760,weak_signal,,3,False
100000008436257100,terminal,0.9,14,0.4563977402114875,2 payers → 35k in; no outgoing transfers although depth 3 was crawled; seed money in 261,terminal_observed,,3,False
100000003016438100,transit,1.0,3,0.6400146366886944,"200k in from 1, 300k out to 1 (150%); 100% forwarded within 2 days; seed money in 647",transit,,3,False
100000002534091100,terminal,0.9,4,0.4562615427360439,1 payer → 22k in; no outgoing transfers although depth 3 was crawled; seed money in 260,terminal_observed,,3,False
100000006882208100,terminal,0.9,2,0.585104354505685,1 payer → 18k in; no outgoing transfers although depth 3 was crawled; seed money in 18k,terminal_observed,,3,False
100000005362848100,terminal,0.9,5,0.4497240639147513,1 payer → 29k in; no outgoing transfers although depth 3 was crawled; seed money in 224,terminal_observed,,3,False
100000001073568100,peripheral,0.4714084795714275,15,0.4666125508697571,1 payer / 2 recipients; 220k out; no role rule met; seed money in 1k; flags burst,weak_signal,,3,False
100000008687733100,terminal,0.9,6,0.30256269169794675,1 payer → 15k in; no outgoing transfers although depth 3 was crawled; seed money in 11,terminal_observed,,3,False
100000007229557100,terminal,0.9,3,0.5492844184640194,3 payers → 878k in; no outgoing transfers although depth 3 was crawled; seed money in 3k,terminal_observed,,3,False
100000001052789100,terminal,0.9,11,0.4822752605457706,1 payer → 71k in; no outgoing transfers although depth 3 was crawled; seed money in 527,terminal_observed,,3,False
100000006967370100,peripheral,0.18577757712565834,1,0.3404709890297474,1 payer / 1 recipient; 14k out; no role rule met; seed money in 126,weak_signal,,3,False
100000001837130100,terminal,0.9,11,0.5084251758309408,1 payer → 173k in; no outgoing transfers although depth 3 was crawled; seed money in 1k,terminal_observed,,3,False
100000005820746100,peripheral,0.7833333333333333,12,0.4233925519956563,1 payer / 1 recipient; 60k out; no role rule met; seed money in 97k,weak_signal,,3,False
100000002883402100,terminal,0.9,3,0.4808451870536128,3 payers → 300k in; no outgoing transfers although depth 3 was crawled; seed money in 235,terminal_observed,,3,False
100000008582730100,transit,1.0,11,0.5397051960244865,"5k in from 1, 5k out to 1 (100%); 100% forwarded within 2 days; seed money in 3k",transit,,3,False
100000003116106100,terminal,0.9,7,0.49058330654782983,1 payer → 494k in; no outgoing transfers although depth 3 was crawled; seed money in 692,terminal_observed,,3,False
100000001818442100,terminal,0.9,5,0.4655229710662084,1 payer → 42k in; no outgoing transfers although depth 3 was crawled; seed money in 326,terminal_observed,,3,False
100000008690762100,terminal,0.9,6,0.31373088468432153,1 payer → 27k in; no outgoing transfers although depth 3 was crawled; seed money in 19,terminal_observed,,3,False
100000008712991100,terminal,0.9,6,0.3304831741638838,1 payer → 66k in; no outgoing transfers although depth 3 was crawled; seed money in 48,terminal_observed,,3,False
100000003292191100,terminal,0.9,3,0.4124059556432062,1 payer → 112k in; no outgoing transfers although depth 3 was crawled; seed money in 27,terminal_observed,,3,False
100000005367284100,peripheral,0.0,1,0.3509808942181448,"14k in, 48k out (353%); 100% forwarded within 2 days, but most outflow comes from outside the graph; seed money in 236",weak_signal,transit,3,False
100000003216073100,peripheral,0.7833333333333333,13,0.32029106308485467,1 payer / 1 recipient; 70k out; no role rule met; seed money in 81,weak_signal,,3,False
100000006169033100,peripheral,0.35,7,0.4503369525542475,1 payer / 3 recipients; 1.14M out; no role rule met; seed money in 3k,weak_signal,,3,False
100000004407753100,peripheral,0.19999999999999996,21,0.31316339520330655,1 payer / 1 recipient; 100k out; no role rule met; seed money in 3k; flags round_amounts,weak_signal,,3,False
100000004420041100,peripheral,0.15000000000000002,12,0.4243232347445209,1 payer / 7 recipients; 652k out; no role rule met; seed money in 935,weak_signal,,3,False
100000004715209100,peripheral,0.0,3,0.29527612676171433,"5k in, 350k out (7009%); 100% forwarded within 2 days, but most outflow comes from outside the graph; seed money in 17; flags near_threshold",weak_signal,transit,3,False
100000004580254100,terminal,0.9,14,0.4303840224017608,2 payers → 28k in; no outgoing transfers although depth 3 was crawled; seed money in 119,terminal_observed,,3,False
100000001056414100,terminal,0.9,10,0.34253665074064193,1 payer → 250k in; no outgoing transfers although depth 3 was crawled; seed money in 80,terminal_observed,,3,False
100000008686494100,terminal,0.9,6,0.3035160740260519,1 payer → 16k in; no outgoing transfers although depth 3 was crawled; seed money in 11,terminal_observed,,3,False
100000002822472100,terminal,0.9,10,0.45108603866918734,2 payers → 267k in; no outgoing transfers although depth 3 was crawled; seed money in 152,terminal_observed,,3,False
100000001831496100,peripheral,0.7833333333333333,15,0.38838980080665225,1 payer / 1 recipient; 373k out; no role rule met; seed money in 36,weak_signal,,3,False
100000008732488100,peripheral,0.7833333333333333,1,0.5072220981311891,1 payer / 1 recipient; 10k out; no role rule met; seed money in 2k,weak_signal,,3,False
100000004007197100,terminal,0.9,22,0.3182254013739602,1 payer → 10k in; no outgoing transfers although depth 3 was crawled; seed money in 26,terminal_observed,,3,False
100000002815005100,terminal,0.9,3,0.4967121929427917,1 payer → 476k in; no outgoing transfers although depth 3 was crawled; seed money in 554,terminal_observed,,3,False
100000005756189100,transit,0.7546153846153846,7,0.5496703113111095,"65k in from 1, 49k out to 1 (75%); 75% forwarded within 2 days; seed money in 91",transit,,3,False
100000004877085100,peripheral,0.0,4,0.36507733292655686,"25k in, 96k out (382%); 100% forwarded within 2 days, but most outflow comes from outside the graph; seed money in 301; flags burst,near_threshold",weak_signal,transit,3,False
100000002713074100,peripheral,0.2321428571428572,1,0.43397055592177547,2 payers / 1 recipient; 430k out; no role rule met; seed money in 2k,weak_signal,,3,False
100000002356167100,peripheral,0.5666666666666667,7,0.4545817738722395,1 payer / 2 recipients; 30k out; no role rule met; seed money in 420,weak_signal,,3,False
100000004140487100,distributor,0.75,4,0.5729600796119644,pays 10 recipients 263k; from 1 payer; 100% passed on within 2 days; seed money in 65,distributor,transit,3,False
100000003147719100,terminal,0.9,3,0.45421858060438997,1 payer → 100k in; no outgoing transfers although depth 3 was crawled; seed money in 126,terminal_observed,,3,False
100000008745884100,terminal,0.9,6,0.30801059071569054,1 payer → 20k in; no outgoing transfers although depth 3 was crawled; seed money in 14,terminal_observed,,3,False
100000002559089100,terminal,0.9,3,0.5472414563323654,2 payers → 715k in; no outgoing transfers although depth 3 was crawled; seed money in 3k,terminal_observed,,3,False
100000004984689100,terminal,0.9,1,0.4920814787777094,1 payer → 53k in; no outgoing transfers although depth 3 was crawled; seed money in 712,terminal_observed,,3,False
100000004340038100,peripheral,0.7833333333333333,4,0.4220986759789421,1 payer / 1 recipient; 49k out; no role rule met; seed money in 120,weak_signal,,3,False
100000005052998100,peripheral,0.7833333333333333,1,0.3620355893083166,1 payer / 1 recipient; 28k out; no role rule met; seed money in 8,weak_signal,,3,False
100000007597382100,terminal,0.9,7,0.396334653540862,1 payer → 16k in; no outgoing transfers although depth 3 was crawled; seed money in 22,terminal_observed,,3,False
100000008697670100,terminal,0.9,6,0.31141552760178043,1 payer → 25k in; no outgoing transfers although depth 3 was crawled; seed money in 18,terminal_observed,,3,False
100000008460102100,distributor,1.0,10,0.48547590121869505,pays 31 recipients 477k; from 1 payer; 100% passed on within 2 days; seed money in 23; flags near_threshold,distributor,transit,3,False
100000004399686100,terminal,0.9,12,0.5315106479186302,1 payer → 806k in; no outgoing transfers although depth 3 was crawled; seed money in 40k,terminal_observed,,3,False
100000008688155100,terminal,0.9,6,0.3104621452736752,1 payer → 24k in; no outgoing transfers although depth 3 was crawled; seed money in 17,terminal_observed,,3,False
100000004386331100,transit,0.6875,2,0.6141144167751706,"20k in from 1, 18k out to 2 (88%); 0% forwarded within 2 days; seed money in 18k",transit,,3,False
100000007999728100,terminal,0.9,15,0.40409790964114695,1 payer → 23k in; no outgoing transfers although depth 3 was crawled; seed money in 34,terminal_observed,,3,False
100000001597424100,terminal,0.9,15,0.41771765718550646,1 payer → 48k in; no outgoing transfers although depth 3 was crawled; seed money in 69,terminal_observed,,3,False
100000003677936100,peripheral,0.7711267605633804,4,0.48179856938171794,1 payer / 1 recipient; 13k out; no role rule met; seed money in 991,weak_signal,,3,False
100000002943472100,terminal,0.9,3,0.4355595264686174,1 payer → 170k in; no outgoing transfers although depth 3 was crawled; seed money in 89,terminal_observed,,3,False
100000004892144100,peripheral,0.8,12,0.43567302436482047,2 payers / 1 recipient; 180k out; no role rule met; seed money in 148k; flags round_amounts,weak_signal,,3,False
100000008077552100,terminal,0.9,1,0.5268118350158262,1 payer → 214k in; no outgoing transfers although depth 3 was crawled; seed money in 3k,terminal_observed,,3,False
100000002914245100,terminal,0.9,13,0.3833277946359987,1 payer → 141k in; no outgoing transfers although depth 3 was crawled; seed money in 307,terminal_observed,,3,False
100000004906181100,peripheral,0.0,7,0.3436943292819124,"100k in, 2.47M out (2473%); 100% forwarded within 2 days, but most outflow comes from outside the graph; seed money in 140; flags near_threshold",weak_signal,transit,3,False
100000008514970100,peripheral,0.7833333333333333,13,0.3962892543823808,1 payer / 1 recipient; 31k out; no role rule met; seed money in 831,weak_signal,,3,False
100000008258458100,peripheral,0.0,2,0.3449882052986266,"19k in, 1.56M out (8200%); 100% forwarded within 2 days, but most outflow comes from outside the graph; seed money in 198",weak_signal,transit,3,False
100000003484058100,peripheral,0.7833333333333333,15,0.43027052450555775,1 payer / 1 recipient; 6k out; no role rule met; seed money in 159,weak_signal,,3,False
100000003574895100,transit,0.7151029748283753,1,0.40221384456417714,"28k in from 1, 20k out to 1 (72%); 72% forwarded within 2 days; seed money in 24",transit,,3,False
100000000896111100,terminal,0.9,12,0.4950097244997467,1 payer → 287k in; no outgoing transfers although depth 3 was crawled; seed money in 14k,terminal_observed,,3,False
100000008715887100,terminal,0.9,6,0.30692101091214175,1 payer → 18k in; no outgoing transfers although depth 3 was crawled; seed money in 13,terminal_observed,,3,False
100000000560751100,terminal,0.9,4,0.5130558899960231,1 payer → 25k in; no outgoing transfers although depth 3 was crawled; seed money in 2k,terminal_observed,,3,False
100000008708207100,terminal,0.9,3,0.5285824021965929,2 payers → 465k in; no outgoing transfers although depth 3 was crawled; seed money in 1k,terminal_observed,,3,False
100000003152964100,peripheral,0.7833333333333333,1,0.507903085508407,1 payer / 1 recipient; 6k out; no role rule met; seed money in 2k,weak_signal,,3,False
100000004991812100,terminal,0.9,27,0.5182313940628797,1 payer → 10k in; no outgoing transfers although depth 3 was crawled; seed money in 2k,terminal_observed,,3,False
100000000291908100,peripheral,0.7833333333333333,1,0.5395689985490429,1 payer / 1 recipient; 13k out; no role rule met; seed money in 6k,weak_signal,,3,False
100000003132484100,terminal,0.9,3,0.4963716992541827,1 payer → 90k in; no outgoing transfers although depth 3 was crawled; seed money in 15k,terminal_observed,,3,False
100000004077081100,peripheral,0.0,4,0.3527514613989115,"140k in, 615k out (439%); 100% forwarded within 2 days, but most outflow comes from outside the graph; seed money in 196; flags round_amounts",weak_signal,transit,3,False
100000004770073100,transit,1.0,1,0.5101503438532263,"5k in from 1, 5k out to 1 (100%); 100% forwarded within 2 days; seed money in 5",transit,,3,False
100000003163886100,terminal,0.9,16,0.5784987769466706,1 payer → 500k in; no outgoing transfers although depth 3 was crawled; seed money in 7k,terminal_observed,,3,False
100000000795374100,terminal,0.9,1,0.4893575292688376,1 payer → 50k in; no outgoing transfers although depth 3 was crawled; seed money in 671,terminal_observed,,3,False
100000002391278100,transit,0.6666666666666666,3,0.317499014838261,"30k in from 1, 53k out to 1 (176%); 67% forwarded within 2 days; seed money in 2k; flags near_threshold",transit,,3,False
100000004635886100,terminal,0.9,2,0.452856605849954,1 payer → 23k in; no outgoing transfers although depth 3 was crawled; seed money in 240,terminal_observed,,3,False
100000000413678100,peripheral,0.4910342577487765,8,0.42736497836276105,2 payers / 3 recipients; 528k out; no role rule met; seed money in 231; flags near_threshold,weak_signal,,3,False
100000008659950100,terminal,0.9,3,0.4468639169304358,1 payer → 246k in; no outgoing transfers although depth 3 was crawled; seed money in 129,terminal_observed,,3,False
100000003964910100,terminal,0.9,14,0.5441089143971627,2 payers → 1.00M in; no outgoing transfers although depth 3 was crawled; seed money in 6k,terminal_observed,,3,False
100000008764654100,terminal,0.9,6,0.3125051074053292,1 payer → 26k in; no outgoing transfers although depth 3 was crawled; seed money in 19,terminal_observed,,3,False
100000005830339100,consolidator,0.5998498498498499,1,0.656063239211798,5 payers → 476k in; sends on 71%; to 1 recipient; up to 1 payer same day; seed money in 4k,consolidator,,3,False
100000002032323100,peripheral,0.0,3,0.39510887626186963,"300k in, 1.05M out (350%); 100% forwarded within 2 days, but most outflow comes from outside the graph; seed money in 1k",weak_signal,transit,3,False
100000008668099100,terminal,0.9,6,0.3035160740260519,1 payer → 16k in; no outgoing transfers although depth 3 was crawled; seed money in 11,terminal_observed,,3,False
100000008634520100,terminal,0.9,3,0.4230293587278067,1 payer → 90k in; no outgoing transfers although depth 3 was crawled; seed money in 47,terminal_observed,,3,False
100000002103448100,terminal,0.9,6,0.31427567458609595,1 payer → 27k in; no outgoing transfers although depth 3 was crawled; seed money in 20,terminal_observed,,3,False
100000005996909100,terminal,0.9,2,0.5009343146815431,1 payer → 6k in; no outgoing transfers although depth 3 was crawled; seed money in 994,terminal_observed,,3,False
100000007392365100,peripheral,0.19999999999999996,1,0.305604435316187,1 payer / 6 recipients; 1.77M out; no role rule met; seed money in 8,weak_signal,,3,False
100000008279405100,terminal,0.9,1,0.5288547971474801,1 payer → 235k in; no outgoing transfers although depth 3 was crawled; seed money in 3k,terminal_observed,,3,False
100000008343874100,transit,0.5057576666020068,13,0.509605553951452,"284k in from 2, 176k out to 2 (62%); 51% forwarded within 2 days; seed money in 1k",transit,,3,False
100000002548759100,terminal,0.9,3,0.49793797022178404,2 payers → 375k in; no outgoing transfers although depth 3 was crawled; seed money in 454,terminal_observed,,3,False
100000003069463100,peripheral,0.4478260869565218,24,0.36786938117315066,1 payer / 1 recipient; 18k out; no role rule met; seed money in 33,weak_signal,,3,False
100000008474391100,terminal,0.9,27,0.535256078493329,1 payer → 20k in; no outgoing transfers although depth 3 was crawled; seed money in 4k,terminal_observed,,3,False
100000003097324100,terminal,0.9,3,0.5315787466563521,2 payers → 294k in; no outgoing transfers although depth 3 was crawled; seed money in 1k,terminal_observed,,3,False
100000001852140100,terminal,0.9,40,0.442437498978519,1 payer → 30k in; no outgoing transfers although depth 3 was crawled; seed money in 2k,terminal_observed,,3,False
100000003293377100,terminal,0.9,7,0.41785385466095004,1 payer → 50k in; no outgoing transfers although depth 3 was crawled; seed money in 70,terminal_observed,,3,False
100000006048193100,terminal,0.9,1,0.49235387372859657,1 payer → 42k in; no outgoing transfers although depth 3 was crawled; seed money in 717,terminal_observed,,3,False
100000002435265100,terminal,0.9,1,0.4291582451227684,1 payer → 133k in; no outgoing transfers although depth 3 was crawled; seed money in 116,terminal_observed,,3,False
100000004587414100,terminal,0.9,7,0.5179589991119925,2 payers → 534k in; no outgoing transfers although depth 3 was crawled; seed money in 2k,terminal_observed,,3,False
100000001726614100,terminal,0.9,11,0.5002533273043251,1 payer → 139k in; no outgoing transfers although depth 3 was crawled; seed money in 991,terminal_observed,,3,False
100000003934614100,transit,0.5882352941176471,21,0.46704384287532846,"17k in from 2, 12k out to 1 (68%); 59% forwarded within 2 days; seed money in 596",transit,,3,False
100000008772246100,terminal,0.9,6,0.32244752311271163,1 payer → 44k in; no outgoing transfers although depth 3 was crawled; seed money in 32,terminal_observed,,3,False
100000002603371100,terminal,0.9,1,0.3797185615367434,1 payer → 9k in; no outgoing transfers although depth 3 was crawled; seed money in 9,terminal_observed,,3,False
100000004445291100,terminal,0.9,23,0.48717836966174005,1 payer → 20k in; no outgoing transfers although depth 3 was crawled; seed money in 644,terminal_observed,,3,False
100000008571243100,terminal,0.9,5,0.5076079909782792,1 payer → 134k in; no outgoing transfers although depth 3 was crawled; seed money in 620,terminal_observed,,3,False
100000001138283100,peripheral,0.022064665973962505,1,0.4012604622360721,1 payer / 2 recipients; 50k out; no role rule met; seed money in 1k,weak_signal,,3,False
100000002593344100,terminal,0.9,3,0.5351198810178855,2 payers → 431k in; no outgoing transfers although depth 3 was crawled; seed money in 2k,terminal_observed,,3,False
100000007390016100,peripheral,0.1523972602739726,7,0.30008843756072134,1 payer / 1 recipient; 346k out; no role rule met; seed money in 2k,weak_signal,,3,False
100000001285440100,terminal,0.9,3,0.5255860577368338,2 payers → 243k in; no outgoing transfers although depth 3 was crawled; seed money in 1k,terminal_observed,,3,False
100000006746688100,terminal,0.9,6,0.32108554835827563,1 payer → 41k in; no outgoing transfers although depth 3 was crawled; seed money in 30,terminal_observed,,3,False
100000006471232100,terminal,0.9,6,0.3213579433091629,1 payer → 42k in; no outgoing transfers although depth 3 was crawled; seed money in 30,terminal_observed,,3,False
100000008662805100,terminal,0.9,6,0.30446945635415706,1 payer → 16k in; no outgoing transfers although depth 3 was crawled; seed money in 12,terminal_observed,,3,False
100000004292885100,terminal,0.9,6,0.3406979848221534,1 payer → 113k in; no outgoing transfers although depth 3 was crawled; seed money in 82,terminal_observed,,3,False
100000008190442100,terminal,0.9,6,0.3009283219926236,1 payer → 13k in; no outgoing transfers although depth 3 was crawled; seed money in 9,terminal_observed,,3,False
100000007131370100,transit,1.0,2,0.5064730120162494,"30k in from 1, 30k out to 1 (100%); 0% forwarded within 2 days; seed money in 881",transit,,3,False
100000008717802100,terminal,0.9,6,0.3125051074053292,1 payer → 26k in; no outgoing transfers although depth 3 was crawled; seed money in 19,terminal_observed,,3,False
100000005357034100,terminal,0.9,1,0.37849278425775107,1 payer → 10k in; no outgoing transfers although depth 3 was crawled; seed money in 9,terminal_observed,,3,False
100000005532138100,terminal,0.9,4,0.4678383281487495,1 payer → 25k in; no outgoing transfers although depth 3 was crawled; seed money in 350,terminal_observed,,3,False
100000005264874100,peripheral,0.5666666666666667,18,0.43313067148987333,1 payer / 2 recipients; 78k out; no role rule met; seed money in 8k,weak_signal,,3,False
100000008193258100,peripheral,0.5,14,0.41274644933181526,1 payer / 1 recipient; 30k out; no role rule met; seed money in 197,weak_signal,,3,False
100000003190207100,peripheral,0.0,20,0.38639223783347953,"5k in, 377k out (7540%); 100% forwarded within 2 days, but most outflow comes from outside the graph; seed money in 474",weak_signal,transit,3,False
100000004321983100,peripheral,0.5666666666666667,3,0.37831118762382626,1 payer / 2 recipients; 36k out; no role rule met; seed money in 805,weak_signal,,3,False
100000002633108100,terminal,0.9,15,0.47750834890524474,1 payer → 320k in; no outgoing transfers although depth 3 was crawled; seed money in 462,terminal_observed,,3,False
100000005941908100,terminal,0.9,15,0.5762515186018513,1 payer → 10k in; no outgoing transfers although depth 3 was crawled; seed money in 10k,terminal_observed,,3,False
100000001835625100,terminal,0.9,7,0.42752387541744535,1 payer → 75k in; no outgoing transfers although depth 3 was crawled; seed money in 105,terminal_observed,,3,False
100000008671081100,terminal,0.9,6,0.31999596855472695,1 payer → 37k in; no outgoing transfers although depth 3 was crawled; seed money in 27,terminal_observed,,3,False
100000002908521100,terminal,0.9,6,0.32244752311271163,1 payer → 44k in; no outgoing transfers although depth 3 was crawled; seed money in 32,terminal_observed,,3,False
100000000749118100,peripheral,0.4966118102613748,1,0.3451244027740702,1 payer / 1 recipient; 16k out; no role rule met; seed money in 9,weak_signal,,3,False
100000008652094100,terminal,0.9,1,0.40151015760771863,1 payer → 35k in; no outgoing transfers although depth 3 was crawled; seed money in 31,terminal_observed,,3,False
100000007647294100,terminal,0.9,14,0.5082889783554972,1 payer → 385k in; no outgoing transfers although depth 3 was crawled; seed money in 1k,terminal_observed,,3,False
100000003270419100,terminal,0.9,8,0.6701596779202101,1 payer → 150k in; no outgoing transfers although depth 3 was crawled; seed money in 104k,terminal_observed,,3,False
100000003050771100,terminal,0.9,4,0.5261308476386082,1 payer → 229k in; no outgoing transfers although depth 3 was crawled; seed money in 3k,terminal_observed,,3,False
100000008427027100,terminal,0.9,8,0.6147273054146668,1 payer → 300k in; no outgoing transfers although depth 3 was crawled; seed money in 18k,terminal_observed,,3,False
100000004291560100,terminal,0.9,1,0.4079114389535676,1 payer → 47k in; no outgoing transfers although depth 3 was crawled; seed money in 41,terminal_observed,,3,False
100000003594472100,terminal,0.9,30,0.43188219463164035,1 payer → 20k in; no outgoing transfers although depth 3 was crawled; seed money in 125,terminal_observed,,3,False
100000002575080100,transit,0.9615384615384616,2,0.6048302888657656,"13k in from 1, 12k out to 1 (96%); 96% forwarded within 2 days; seed money in 382",transit,,3,False
100000008038077100,terminal,0.9,7,0.4909918989741607,1 payer → 500k in; no outgoing transfers although depth 3 was crawled; seed money in 700,terminal_observed,,3,False
100000003899325100,terminal,0.9,13,0.4403264381091433,1 payer → 50k in; no outgoing transfers although depth 3 was crawled; seed money in 161,terminal_observed,,3,False
100000001155773100,terminal,0.9,6,0.30896397304379575,1 payer → 22k in; no outgoing transfers although depth 3 was crawled; seed money in 16,terminal_observed,,3,False
100000000611474100,terminal,0.9,1,0.5720293968630998,1 payer → 32k in; no outgoing transfers although depth 3 was crawled; seed money in 13k,terminal_observed,,3,False
100000006704530100,transit,0.8751387347391786,24,0.6513871258882347,"450k in from 1, 428k out to 3 (95%); 0% forwarded within 2 days; seed money in 1k",transit,,3,False
100000003996562100,terminal,0.9,4,0.4836372353002066,1 payer → 8k in; no outgoing transfers although depth 3 was crawled; seed money in 560,terminal_observed,,3,False
100000002646887100,terminal,0.9,3,0.42125879154703993,1 payer → 24k in; no outgoing transfers although depth 3 was crawled; seed money in 83,terminal_observed,,3,False
100000002556775100,terminal,0.9,7,0.47383101706826763,1 payer → 300k in; no outgoing transfers although depth 3 was crawled; seed money in 420,terminal_observed,,3,False
100000002722108100,terminal,0.9,10,0.3780841918314203,1 payer → 800k in; no outgoing transfers although depth 3 was crawled; seed money in 257,terminal_observed,,3,False
100000002737980100,terminal,0.9,2,0.4674297357224187,1 payer → 33k in; no outgoing transfers although depth 3 was crawled; seed money in 343,terminal_observed,,3,False
100000002913340100,terminal,0.9,6,0.3104621452736752,1 payer → 24k in; no outgoing transfers although depth 3 was crawled; seed money in 17,terminal_observed,,3,False
100000003610172100,terminal,0.9,7,0.4258895057121222,1 payer → 70k in; no outgoing transfers although depth 3 was crawled; seed money in 98,terminal_observed,,3,False
100000001052945100,peripheral,0.35,15,0.3499594131523178,1 payer / 3 recipients; 1.60M out; no role rule met; seed money in 82,weak_signal,,3,False
100000002369510100,terminal,0.9,6,0.3198597710792833,1 payer → 37k in; no outgoing transfers although depth 3 was crawled; seed money in 27,terminal_observed,,3,False
100000001954534100,peripheral,0.7833333333333333,11,0.5374579376796672,1 payer / 1 recipient; 40k out; no role rule met; seed money in 6k,weak_signal,,3,False
100000008488166100,terminal,0.9,6,0.2937098557941131,1 payer → 6k in; no outgoing transfers although depth 3 was crawled; seed money in 4,terminal_observed,,3,False
100000005100475100,terminal,0.9,19,0.4319502933693622,1 payer → 40k in; no outgoing transfers although depth 3 was crawled; seed money in 2k,terminal_observed,,3,False
100000002708624100,terminal,0.9,23,0.4963036005164609,1 payer → 25k in; no outgoing transfers although depth 3 was crawled; seed money in 825,terminal_observed,,3,False
100000004591973100,peripheral,0.7833333333333333,2,0.5741631573117161,1 payer / 1 recipient; 100k out; no role rule met; seed money in 9k,weak_signal,,3,False
100000000802149100,terminal,0.9,11,0.49371584848303257,1 payer → 104k in; no outgoing transfers although depth 3 was crawled; seed money in 744,terminal_observed,,3,False
100000003095610100,terminal,0.9,5,0.44318658509345876,1 payer → 24k in; no outgoing transfers although depth 3 was crawled; seed money in 183,terminal_observed,,3,False
100000004183610100,peripheral,0.0,8,0.35452202857967824,"22k in, 915k out (4159%); 68% forwarded within 2 days, but most outflow comes from outside the graph; seed money in 301",weak_signal,transit,3,False
100000005198906100,peripheral,0.6710093433346493,7,0.44068963137699285,1 payer / 1 recipient; 60k out; no role rule met; seed money in 319,weak_signal,,3,False
100000008599354100,peripheral,0.730225988700565,1,0.5013202075286333,1 payer / 1 recipient; 38k out; no role rule met; seed money in 3k,weak_signal,,3,False
100000001303311100,consolidator,0.75,3,0.5694643444089121,5 payers → 1.32M in; sends on 0%; to 0 recipients; up to 4 payers same day; seed money in 4k; flags burst,consolidator,terminal,3,False
100000008776420100,terminal,0.9,6,0.33102796406565815,1 payer → 70k in; no outgoing transfers although depth 3 was crawled; seed money in 50,terminal_observed,,3,False
100000004737764100,terminal,0.9,1,0.5675348801734611,1 payer → 600k in; no outgoing transfers although depth 3 was crawled; seed money in 11k,terminal_observed,,3,False
100000003154105100,peripheral,0.0,16,0.45129033488235265,"60k in, 338k out (563%); 92% forwarded within 2 days, but most outflow comes from outside the graph; seed money in 5k; flags round_amounts",weak_signal,transit,3,False
100000008708025100,terminal,0.9,21,0.4335165643369635,1 payer → 10k in; no outgoing transfers although depth 3 was crawled; seed money in 128,terminal_observed,,3,False
100000008740793100,terminal,0.9,6,0.3086915780929085,1 payer → 21k in; no outgoing transfers although depth 3 was crawled; seed money in 15,terminal_observed,,3,False
100000008459449100,terminal,0.9,1,0.4988913525498892,1 payer → 54k in; no outgoing transfers although depth 3 was crawled; seed money in 927,terminal_observed,,3,False
100000008677518100,terminal,0.9,6,0.32544386757247074,1 payer → 49k in; no outgoing transfers although depth 3 was crawled; seed money in 35,terminal_observed,,3,False
100000002212494100,terminal,0.9,30,0.5012067096324303,1 payer → 160k in; no outgoing transfers although depth 3 was crawled; seed money in 998,terminal_observed,,3,False
100000001825934100,peripheral,0.7833333333333333,18,0.46377510346468215,1 payer / 1 recipient; 97k out; no role rule met; seed money in 10k,weak_signal,,3,False
100000003736419100,peripheral,0.14163090128755362,1,0.3779933935144579,1 payer / 1 recipient; 10k out; no role rule met; seed money in 402,weak_signal,,3,False
100000008430691100,peripheral,0.0,2,0.3808081413402921,"20k in, 605k out (3024%); 100% forwarded within 2 days, but most outflow comes from outside the graph; seed money in 665",weak_signal,transit,3,False
100000003073635100,terminal,0.9,1,0.5148264571767899,1 payer → 129k in; no outgoing transfers although depth 3 was crawled; seed money in 2k,terminal_observed,,3,False
100000001686328100,terminal,0.9,3,0.5160522344557823,1 payer → 140k in; no outgoing transfers although depth 3 was crawled; seed money in 768,terminal_observed,,3,False
100000008707810100,terminal,0.9,6,0.31332229225799074,1 payer → 26k in; no outgoing transfers although depth 3 was crawled; seed money in 19,terminal_observed,,3,False
100000001236706100,peripheral,0.6846531184302734,4,0.5824031045760536,3 payers / 2 recipients; 36k out; no role rule met; seed money in 24k,weak_signal,,3,False
100000008536546100,terminal,0.9,3,0.4362405138458354,2 payers → 250k in; no outgoing transfers although depth 3 was crawled; seed money in 91,terminal_observed,,3,False
100000007140834100,terminal,0.9,5,0.564538535713702,1 payer → 10k in; no outgoing transfers although depth 3 was crawled; seed money in 10k,terminal_observed,,3,False
100000007022818100,terminal,0.9,6,0.30569523363314943,1 payer → 17k in; no outgoing transfers although depth 3 was crawled; seed money in 12,terminal_observed,,3,False
100000007484343100,terminal,0.9,1,0.4442761648970075,2 payers → 27k in; no outgoing transfers although depth 3 was crawled; seed money in 188,terminal_observed,,3,False
100000001379511100,terminal,0.9,3,0.4441399674215639,1 payer → 55k in; no outgoing transfers although depth 3 was crawled; seed money in 188,terminal_observed,,3,False
100000004569484100,peripheral,0.4666666666666667,5,0.4441172678423233,2 payers / 4 recipients; 156k out; no role rule met; seed money in 250,weak_signal,,3,False
100000002948492100,terminal,0.9,15,0.4043703045920341,1 payer → 24k in; no outgoing transfers although depth 3 was crawled; seed money in 34,terminal_observed,,3,False
100000002116705100,terminal,0.9,6,0.306512418485811,1 payer → 18k in; no outgoing transfers although depth 3 was crawled; seed money in 13,terminal_observed,,3,False
100000002481974100,peripheral,0.0,13,0.36820987486175955,"89k in, 318k out (356%); 66% forwarded within 2 days, but most outflow comes from outside the graph; seed money in 357",weak_signal,transit,3,False
100000003920950100,terminal,0.9,4,0.5374352381004266,1 payer → 323k in; no outgoing transfers although depth 3 was crawled; seed money in 5k,terminal_observed,,3,False
100000000733451100,peripheral,0.7833333333333333,8,0.646892609198596,1 payer / 1 recipient; 300k out; no role rule met; seed money in 48k,weak_signal,,3,False
100000005182219100,terminal,0.9,7,0.5095147556344897,2 payers → 55k in; no outgoing transfers although depth 3 was crawled; seed money in 1k,terminal_observed,,3,False
100000008633099100,peripheral,0.1331929319909596,4,0.36348836237971494,1 payer / 1 recipient; 14k out; no role rule met; seed money in 272,weak_signal,,3,False
100000001380107100,terminal,0.9,16,0.4502007550788039,1 payer → 6k in; no outgoing transfers although depth 3 was crawled; seed money in 82,terminal_observed,,3,False
100000008755168100,terminal,0.9,6,0.306512418485811,1 payer → 18k in; no outgoing transfers although depth 3 was crawled; seed money in 13,terminal_observed,,3,False
100000002628576100,transit,0.7405046422359668,7,0.5135552807393162,"728k in from 2, 539k out to 2 (74%); 74% forwarded within 2 days; seed money in 970; flags burst",transit,,3,False
100000001611488100,terminal,0.9,7,0.5495568134149066,2 payers → 779k in; no outgoing transfers although depth 3 was crawled; seed money in 7k,terminal_observed,,3,False
100000005375968100,peripheral,0.3679519290695077,1,0.36292087289869995,1 payer / 2 recipients; 86k out; no role rule met; seed money in 149,weak_signal,,3,False
100000003581109100,terminal,0.9,1,0.4064132667236881,1 payer → 43k in; no outgoing transfers although depth 3 was crawled; seed money in 37,terminal_observed,,3,False
100000002933386100,peripheral,0.7833333333333333,4,0.5124657009357675,1 payer / 1 recipient; 58k out; no role rule met; seed money in 2k,weak_signal,,3,False
100000002284426100,terminal,0.9,7,0.4324269845334147,1 payer → 90k in; no outgoing transfers although depth 3 was crawled; seed money in 126,terminal_observed,,3,False
100000008579978100,peripheral,0.0,7,0.30058782830401454,"34k in, 77k out (226%); 79% forwarded within 2 days, but most outflow comes from outside the graph; seed money in 48; flags near_threshold",weak_signal,transit,3,False
100000001549194100,terminal,0.9,15,0.4170366698082885,1 payer → 46k in; no outgoing transfers although depth 3 was crawled; seed money in 67,terminal_observed,,3,False
100000001427082100,peripheral,0.25,16,0.46822422099583966,1 payer / 5 recipients; 125k out; no role rule met; seed money in 5k; flags near_threshold,weak_signal,,3,False
100000004657034100,terminal,0.9,7,0.44604673207777423,1 payer → 141k in; no outgoing transfers although depth 3 was crawled; seed money in 198,terminal_observed,,3,False
100000003796063100,coordinator,0.75,4,0.8287916015188743,pays 2 seeds back; on cycles with 1 seed; downstream of 7 seeds; betweenness top 2%; seed money in 16k,coordinator,distributor;transit,3,False
100000005268319100,peripheral,0.0,4,0.2920754860887899,"20k in, 91k out (462%); 92% forwarded within 2 days, but most outflow comes from outside the graph; seed money in 19",weak_signal,transit,3,False
100000008744799100,terminal,0.9,6,0.30065592704173644,1 payer → 13k in; no outgoing transfers although depth 3 was crawled; seed money in 9,terminal_observed,,3,False
100000008677215100,terminal,0.9,27,0.5333493138371188,1 payer → 9k in; no outgoing transfers although depth 3 was crawled; seed money in 4k,terminal_observed,,3,False
100000007593823100,distributor,0.6861111111111111,4,0.6067143539427353,"pays 13 recipients 163k; from 3 payers; 60% passed on within 2 days; seed money in 242; flags repeat_amount,near_threshold",distributor,transit,3,False
100000001282143100,consolidator,0.75,3,0.5380708263191635,"5 payers → 1.70M in; sends on 0%; to 0 recipients; up to 4 payers same day; seed money in 858; flags round_amounts,burst",consolidator,terminal,3,False
100000008029279100,terminal,0.9,1,0.45040505129196934,1 payer → 17k in; no outgoing transfers although depth 3 was crawled; seed money in 228,terminal_observed,,3,False
100000000594783100,peripheral,0.5666666666666667,12,0.4001027836948015,1 payer / 2 recipients; 152k out; no role rule met; seed money in 71k; flags round_amounts,weak_signal,,3,False
100000002705460100,terminal,0.9,2,0.5781582832580615,1 payer → 95k in; no outgoing transfers although depth 3 was crawled; seed money in 15k,terminal_observed,,3,False
100000002952756100,terminal,0.9,10,0.37093382437063155,1 payer → 47k in; no outgoing transfers although depth 3 was crawled; seed money in 232,terminal_observed,,3,False
100000004634420100,terminal,0.9,6,0.3125051074053292,1 payer → 26k in; no outgoing transfers although depth 3 was crawled; seed money in 19,terminal_observed,,3,False
100000000583220100,peripheral,0.0,8,0.3094406642078482,"5k in, 761k out (15225%); 100% forwarded within 2 days, but most outflow comes from outside the graph; seed money in 68",weak_signal,transit,3,False
100000003286537100,terminal,0.9,3,0.4519032235218488,2 payers → 153k in; no outgoing transfers although depth 3 was crawled; seed money in 156,terminal_observed,,3,False
100000002958345100,terminal,0.9,10,0.34852933966016014,1 payer → 307k in; no outgoing transfers although depth 3 was crawled; seed money in 98,terminal_observed,,3,False
100000005055454100,terminal,0.9,25,0.46845121678824564,1 payer → 6k in; no outgoing transfers although depth 3 was crawled; seed money in 6k,terminal_observed,,3,False
100000008738526100,peripheral,0.7833333333333333,3,0.38157992703447247,1 payer / 1 recipient; 140k out; no role rule met; seed money in 4,weak_signal,,3,False
100000001298099100,terminal,0.9,5,0.437057698698497,1 payer → 19k in; no outgoing transfers although depth 3 was crawled; seed money in 147,terminal_observed,,3,False
100000006491272100,terminal,0.9,6,0.31332229225799074,1 payer → 26k in; no outgoing transfers although depth 3 was crawled; seed money in 19,terminal_observed,,3,False
100000000552584100,peripheral,0.7833333333333333,12,0.41705936938752913,1 payer / 1 recipient; 58k out; no role rule met; seed money in 67k,weak_signal,,3,False
100000005187208100,terminal,0.9,4,0.4213949890224835,1 payer → 14k in; no outgoing transfers although depth 3 was crawled; seed money in 86,terminal_observed,,3,False
100000003528285100,peripheral,0.0,4,0.41438081903713836,"119k in, 548k out (461%); 68% forwarded within 2 days, but most outflow comes from outside the graph; seed money in 1k",weak_signal,transit,3,False
100000001484381100,terminal,0.9,5,0.4724690423138317,2 payers → 96k in; no outgoing transfers although depth 3 was crawled; seed money in 405,terminal_observed,,3,False
100000002508637100,peripheral,0.7833333333333333,13,0.38879839323298304,1 payer / 1 recipient; 8k out; no role rule met; seed money in 670,weak_signal,,3,False
100000003149149100,terminal,0.9,7,0.4672935382469751,1 payer → 245k in; no outgoing transfers although depth 3 was crawled; seed money in 343,terminal_observed,,3,False
100000001538095100,terminal,0.9,3,0.5095147556344897,2 payers → 280k in; no outgoing transfers although depth 3 was crawled; seed money in 659,terminal_observed,,3,False
100000008695133100,terminal,0.9,6,0.31904258622662174,1 payer → 37k in; no outgoing transfers although depth 3 was crawled; seed money in 26,terminal_observed,,3,False
100000008749405100,terminal,0.9,6,0.3198597710792833,1 payer → 37k in; no outgoing transfers although depth 3 was crawled; seed money in 27,terminal_observed,,3,False
100000005815602100,peripheral,0.7833333333333333,2,0.5608839034559656,1 payer / 1 recipient; 165k out; no role rule met; seed money in 12k,weak_signal,,3,False
100000006641671100,transit,0.9090909090909091,4,0.5764785143942573,"22k in from 2, 25k out to 1 (114%); 91% forwarded within 2 days; seed money in 240",transit,,3,False
100000002945031100,terminal,0.9,4,0.44250559771624076,1 payer → 15k in; no outgoing transfers although depth 3 was crawled; seed money in 181,terminal_observed,,3,False
100000003497735100,terminal,0.9,11,0.4990275500253328,1 payer → 125k in; no outgoing transfers although depth 3 was crawled; seed money in 927,terminal_observed,,3,False
100000004644615100,peripheral,0.3150954536508561,10,0.2797269149819039,1 payer / 2 recipients; 380k out; no role rule met; seed money in 250,weak_signal,,3,False
100000002755292100,terminal,0.9,7,0.45953028214669017,1 payer → 203k in; no outgoing transfers although depth 3 was crawled; seed money in 285,terminal_observed,,3,False
100000005142492100,peripheral,0.0,19,0.3267377435891849,"10k in, 57k out (570%); 100% forwarded within 2 days, but most outflow comes from outside the graph; seed money in 10k",weak_signal,transit,3,False
100000002893020100,terminal,0.9,5,0.4358319214195046,1 payer → 18k in; no outgoing transfers although depth 3 was crawled; seed money in 142,terminal_observed,,3,False
100000004500444100,peripheral,0.1777777777777778,15,0.39052356125526855,2 payers / 1 recipient; 74k out; no role rule met; seed money in 512,weak_signal,,3,False
100000008454065100,terminal,0.9,15,0.40464269954292137,1 payer → 24k in; no outgoing transfers although depth 3 was crawled; seed money in 35,terminal_observed,,3,False
100000008416433100,terminal,0.9,15,0.40082917023050063,1 payer → 20k in; no outgoing transfers although depth 3 was crawled; seed money in 29,terminal_observed,,3,False
100000005265073100,peripheral,0.7500000000000001,20,0.4770770568996734,1 payer / 1 recipient; 9k out; no role rule met; seed money in 474,weak_signal,,3,False
100000006734214100,consolidator,0.7204918032786886,1,0.6748130916645331,5 payers → 610k in; sends on 6%; to 3 recipients; up to 2 payers same day; seed money in 3k,consolidator,,3,False
100000002611334100,peripheral,0.5987615970841618,1,0.38235171272865287,1 payer / 1 recipient; 16k out; no role rule met; seed money in 46,weak_signal,,3,False
100000006225798100,peripheral,0.7,14,0.4990275500253328,3 payers / 2 recipients; 26k out; no role rule met; seed money in 1k,weak_signal,,3,False
100000002849158100,transit,1.0,3,0.6676627242037441,"723k in from 3, 1.31M out to 1 (182%); 100% forwarded within 2 days; seed money in 1k; flags burst",transit,,3,False
100000008686214100,terminal,0.9,4,0.46116465185201333,1 payer → 25k in; no outgoing transfers although depth 3 was crawled; seed money in 293,terminal_observed,,3,False
100000004931931100,peripheral,0.7833333333333333,1,0.4640474984155694,1 payer / 1 recipient; 45k out; no role rule met; seed money in 413,weak_signal,,3,False
100000007510875100,terminal,0.9,5,0.4179219533986719,1 payer → 5k in; no outgoing transfers although depth 3 was crawled; seed money in 878,terminal_observed,,3,False
100000005233755100,peripheral,0.6,1,0.39930829842138044,1 payer / 1 recipient; 5k out; no role rule met; seed money in 95,weak_signal,,3,False
100000008042075100,terminal,0.9,12,0.36112760613869266,1 payer → 5k in; no outgoing transfers although depth 3 was crawled; seed money in 165,terminal_observed,,3,False
100000001680944100,terminal,0.9,3,0.5407039775110729,1 payer → 393k in; no outgoing transfers although depth 3 was crawled; seed money in 2k,terminal_observed,,3,False
100000008417029100,terminal,0.9,3,0.5047478439939638,1 payer → 100k in; no outgoing transfers although depth 3 was crawled; seed money in 548,terminal_observed,,3,False
100000004975919100,peripheral,0.16111135967070822,1,0.3775167023504053,1 payer / 2 recipients; 15k out; no role rule met; seed money in 300,weak_signal,,3,False
100000003087877100,terminal,0.9,13,0.3667117026318801,1 payer → 91k in; no outgoing transfers although depth 3 was crawled; seed money in 200,terminal_observed,,3,False
100000008295429100,terminal,0.9,7,0.48036849588956027,1 payer → 352k in; no outgoing transfers although depth 3 was crawled; seed money in 493,terminal_observed,,3,False
100000003254277100,transit,0.9145731707317073,1,0.5383886204285318,"49k in from 1, 45k out to 1 (91%); 91% forwarded within 2 days; seed money in 43",transit,,3,False
100000005314565100,terminal,0.9,1,0.44740870683221023,1 payer → 218k in; no outgoing transfers although depth 3 was crawled; seed money in 207,terminal_observed,,3,False
100000002951898100,terminal,0.9,15,0.4140403253485294,1 payer → 40k in; no outgoing transfers although depth 3 was crawled; seed money in 58,terminal_observed,,3,False
100000001009583100,terminal,0.9,7,0.4833648403493193,1 payer → 394k in; no outgoing transfers although depth 3 was crawled; seed money in 551,terminal_observed,,3,False
100000004064431100,peripheral,0.23076923076923073,22,0.23705170600957742,1 payer / 1 recipient; 10k out; no role rule met; seed money in 66,weak_signal,,3,False
100000001927599100,terminal,0.9,5,0.5257222552122774,2 payers → 188k in; no outgoing transfers although depth 3 was crawled; seed money in 1k,terminal_observed,,3,False
100000007737775100,terminal,0.9,29,0.4956226131392429,1 payer → 6k in; no outgoing transfers although depth 3 was crawled; seed money in 531,terminal_observed,,3,False
100000003157679100,terminal,0.9,3,0.5266756375403827,4 payers → 541k in; no outgoing transfers although depth 3 was crawled; seed money in 1k,terminal_observed,,3,False
100000001229743100,peripheral,0.10714285714285732,1,0.28186067543052024,1 payer / 1 recipient; 9k out; no role rule met; seed money in 7,weak_signal,,3,False
100000003795588100,terminal,0.9,11,0.526539440064939,1 payer → 400k in; no outgoing transfers although depth 3 was crawled; seed money in 3k,terminal_observed,,3,False
100000002301828100,terminal,0.9,14,0.43147360220530956,1 payer → 47k in; no outgoing transfers although depth 3 was crawled; seed money in 124,terminal_observed,,3,False
100000005409156100,terminal,0.9,7,0.49085570149871705,2 payers → 260k in; no outgoing transfers although depth 3 was crawled; seed money in 696,terminal_observed,,3,False
100000002513028100,peripheral,0.35,4,0.3787651792086382,"1 payer / 3 recipients; 333k out; no role rule met; seed money in 215; flags repeat_amount,near_threshold",weak_signal,,3,False
100000003218308100,terminal,0.9,1,0.3814891287175101,1 payer → 11k in; no outgoing transfers although depth 3 was crawled; seed money in 10,terminal_observed,,3,False
100000008489604100,terminal,0.9,6,0.2976595825819773,1 payer → 11k in; no outgoing transfers although depth 3 was crawled; seed money in 8,terminal_observed,,3,False
100000004450649100,peripheral,0.6979205622039392,7,0.47975560725006405,2 payers / 2 recipients; 47k out; no role rule met; seed money in 580,weak_signal,,3,False
100000008767065100,terminal,0.9,3,0.4336527618124071,1 payer → 10k in; no outgoing transfers although depth 3 was crawled; seed money in 53,terminal_observed,,3,False
100000003035737100,peripheral,0.8,13,0.5086748712025874,2 payers / 1 recipient; 7k out; no role rule met; seed money in 2k,weak_signal,,3,False
100000002748761100,terminal,0.9,10,0.37781179688053307,1 payer → 797k in; no outgoing transfers although depth 3 was crawled; seed money in 256,terminal_observed,,3,False
100000008432942100,terminal,0.9,1,0.40709425410090605,1 payer → 45k in; no outgoing transfers although depth 3 was crawled; seed money in 39,terminal_observed,,3,False
100000004278574100,peripheral,0.375,7,0.32258372058815515,1 payer / 1 recipient; 12k out; no role rule met; seed money in 35,weak_signal,,3,False
100000000926766100,peripheral,0.36,23,0.2761857806203704,1 payer / 1 recipient; 6k out; no role rule met; seed money in 619,weak_signal,,3,False
100000008661550100,terminal,0.9,6,0.30978115789645727,1 payer → 23k in; no outgoing transfers although depth 3 was crawled; seed money in 16,terminal_observed,,3,False
100000000783406100,terminal,0.9,14,0.39401929645832084,1 payer → 6k in; no outgoing transfers although depth 3 was crawled; seed money in 19,terminal_observed,,3,False
100000008730371100,terminal,0.9,11,0.5631765609592662,2 payers → 520k in; no outgoing transfers although depth 3 was crawled; seed money in 10k,terminal_observed,,3,False
100000002878467100,terminal,0.9,3,0.4783255337579064,2 payers → 200k in; no outgoing transfers although depth 3 was crawled; seed money in 325,terminal_observed,,3,False
100000003171587100,peripheral,0.22982142857142862,13,0.4266158922478213,2 payers / 2 recipients; 431k out; no role rule met; seed money in 1k,weak_signal,,3,False
100000002696152100,peripheral,0.0,29,0.4286815539587159,"22k in, 69k out (317%); 59% forwarded within 2 days, but most outflow comes from outside the graph; seed money in 2k; flags near_threshold",weak_signal,transit,3,False
100000002109656100,terminal,0.9,10,0.3624214821554068,1 payer → 500k in; no outgoing transfers although depth 3 was crawled; seed money in 160,terminal_observed,,3,False
100000001317336100,peripheral,0.5666666666666667,30,0.47821203586170336,1 payer / 2 recipients; 1.75M out; no role rule met; seed money in 819,weak_signal,,3,False
100000005222360100,peripheral,0.7833333333333333,15,0.5437911202877944,1 payer / 1 recipient; 27k out; no role rule met; seed money in 3k,weak_signal,,3,False
100000001445848100,peripheral,0.1923076923076923,14,0.2968196981500751,1 payer / 1 recipient; 352k out; no role rule met; seed money in 2k; flags near_threshold,weak_signal,,3,False
100000008720856100,peripheral,0.7833333333333333,4,0.4212814911262805,1 payer / 1 recipient; 46k out; no role rule met; seed money in 110,weak_signal,,3,False
100000002448088100,transit,0.5,16,0.5400002905546143,"20k in from 3, 25k out to 1 (125%); 50% forwarded within 2 days; seed money in 5k",transit,,3,False
100000003109805100,terminal,0.9,14,0.4253447158103478,1 payer → 37k in; no outgoing transfers although depth 3 was crawled; seed money in 97,terminal_observed,,3,False
100000008223661100,peripheral,0.12487623762376243,4,0.4054598843955829,2 payers / 5 recipients; 263k out; no role rule met; seed money in 325,weak_signal,,3,False
100000004096559100,terminal,0.9,28,0.5128515937828577,1 payer → 46k in; no outgoing transfers although depth 3 was crawled; seed money in 23k,terminal_observed,,3,False
100000002257794100,terminal,0.9,22,0.46109655311429154,1 payer → 154k in; no outgoing transfers although depth 3 was crawled; seed money in 5k,terminal_observed,,3,False
100000003112578100,terminal,0.9,10,0.3252395713593053,1 payer → 101k in; no outgoing transfers although depth 3 was crawled; seed money in 32,terminal_observed,,3,False
100000007020162100,terminal,0.9,15,0.4316097996807532,1 payer → 86k in; no outgoing transfers although depth 3 was crawled; seed money in 125,terminal_observed,,3,False
100000001934935100,terminal,0.9,1,0.42684288804022735,1 payer → 119k in; no outgoing transfers although depth 3 was crawled; seed money in 104,terminal_observed,,3,False
100000002663511100,terminal,0.9,11,0.5172780117347745,1 payer → 269k in; no outgoing transfers although depth 3 was crawled; seed money in 2k,terminal_observed,,3,False
100000003338583100,terminal,0.9,22,0.33307092619731204,1 payer → 22k in; no outgoing transfers although depth 3 was crawled; seed money in 55,terminal_observed,,3,False
100000002904919100,peripheral,0.7833333333333333,11,0.46581806559633615,1 payer / 1 recipient; 6k out; no role rule met; seed money in 431,weak_signal,,3,False
100000005127767100,terminal,0.9,31,0.5123749026188051,1 payer → 7k in; no outgoing transfers although depth 3 was crawled; seed money in 2k,terminal_observed,,3,False
100000004066647100,terminal,0.9,11,0.47069847513306495,1 payer → 51k in; no outgoing transfers although depth 3 was crawled; seed money in 378,terminal_observed,,3,False
100000002394199100,peripheral,0.4464487847785492,5,0.3924984246492007,1 payer / 1 recipient; 77k out; no role rule met; seed money in 87k,weak_signal,,3,False
100000003968044100,peripheral,0.35,1,0.42091829785843093,1 payer / 3 recipients; 311k out; no role rule met; seed money in 690,weak_signal,,3,False
100000001808684100,transit,0.6198347107438017,19,0.35234286897258077,"48k in from 1, 38k out to 1 (78%); 62% forwarded within 2 days; seed money in 9k",transit,,3,False
100000008097580100,terminal,0.9,4,0.4719242524120574,2 payers → 32k in; no outgoing transfers although depth 3 was crawled; seed money in 398,terminal_observed,,3,False
100000008687617100,terminal,0.9,6,0.3217665357354937,1 payer → 43k in; no outgoing transfers although depth 3 was crawled; seed money in 31,terminal_observed,,3,False
100000005667841100,terminal,0.9,3,0.4715156599857266,2 payers → 186k in; no outgoing transfers although depth 3 was crawled; seed money in 279,terminal_observed,,3,False
100000001329153100,terminal,0.9,1,0.4340613542387379,1 payer → 151k in; no outgoing transfers although depth 3 was crawled; seed money in 132,terminal_observed,,3,False
100000007689942100,peripheral,0.5666666666666667,11,0.5062687158030839,1 payer / 2 recipients; 25k out; no role rule met; seed money in 3k,weak_signal,,3,False
100000006476758100,terminal,0.9,2,0.5548685149572068,1 payer → 5k in; no outgoing transfers although depth 3 was crawled; seed money in 5k,terminal_observed,,3,False
100000002184107100,terminal,0.9,14,0.39401929645832084,1 payer → 6k in; no outgoing transfers although depth 3 was crawled; seed money in 19,terminal_observed,,3,False
100000008663723100,terminal,0.9,6,0.3032436790751647,1 payer → 16k in; no outgoing transfers although depth 3 was crawled; seed money in 11,terminal_observed,,3,False
100000000254336100,transit,0.6174300503205491,1,0.45726032422263024,"97k in from 2, 60k out to 1 (62%); 62% forwarded within 2 days; seed money in 258",transit,,3,False
100000008750464100,terminal,0.9,6,0.29616141035209775,1 payer → 8k in; no outgoing transfers although depth 3 was crawled; seed money in 6,terminal_observed,,3,False
100000001530709100,terminal,0.9,1,0.4099544010852216,1 payer → 54k in; no outgoing transfers although depth 3 was crawled; seed money in 47,terminal_observed,,3,False
100000000656682100,transit,0.6830985915492955,1,0.4275919741551671,"71k in from 1, 80k out to 2 (113%); 0% forwarded within 2 days; seed money in 62",transit,,3,False
100000008755754100,terminal,0.9,10,0.33838262773961225,1 payer → 7k in; no outgoing transfers although depth 3 was crawled; seed money in 74,terminal_observed,,3,False
100000002691583100,terminal,0.9,24,0.4961674030410173,1 payer → 285k in; no outgoing transfers although depth 3 was crawled; seed money in 825,terminal_observed,,3,False
100000005241556100,terminal,0.9,3,0.5605888089258378,1 payer → 100k in; no outgoing transfers although depth 3 was crawled; seed money in 6k,terminal_observed,,3,False
100000004713684100,terminal,0.9,1,0.4028721323621545,1 payer → 38k in; no outgoing transfers although depth 3 was crawled; seed money in 33,terminal_observed,,3,False
100000006919124100,terminal,0.9,1,0.3961984560654184,1 payer → 25k in; no outgoing transfers although depth 3 was crawled; seed money in 22,terminal_observed,,3,False
100000003006633100,terminal,0.9,14,0.4021911449849366,1 payer → 10k in; no outgoing transfers although depth 3 was crawled; seed money in 32,terminal_observed,,3,False
100000008306857100,terminal,0.9,10,0.3298702855243876,1 payer → 125k in; no outgoing transfers although depth 3 was crawled; seed money in 40,terminal_observed,,3,False
100000003671721100,terminal,0.9,5,0.5626317710574917,1 payer → 5k in; no outgoing transfers although depth 3 was crawled; seed money in 5k,terminal_observed,,3,False
100000002613929100,terminal,0.9,5,0.5541875275799888,1 payer → 29k in; no outgoing transfers although depth 3 was crawled; seed money in 5k,terminal_observed,,3,False
100000008669310100,terminal,0.9,1,0.4115887707905447,1 payer → 60k in; no outgoing transfers although depth 3 was crawled; seed money in 52,terminal_observed,,3,False
100000006573438100,terminal,0.9,7,0.4554443578833823,1 payer → 5k in; no outgoing transfers although depth 3 was crawled; seed money in 256,terminal_observed,,3,False
100000006165886100,peripheral,0.1869081368813048,11,0.38518916013372784,2 payers / 1 recipient; 75k out; no role rule met; seed money in 665,weak_signal,,3,False
100000008491390100,terminal,0.9,1,0.402054947509493,1 payer → 36k in; no outgoing transfers although depth 3 was crawled; seed money in 31,terminal_observed,,3,False
100000005186131100,transit,1.0,1,0.5141000706410906,"10k in from 1, 10k out to 1 (100%); 100% forwarded within 2 days; seed money in 9",transit,,3,False
100000001550419100,terminal,0.9,15,0.40328072478848537,1 payer → 23k in; no outgoing transfers although depth 3 was crawled; seed money in 33,terminal_observed,,3,False
100000004979283100,terminal,0.9,5,0.46348000893455443,1 payer → 40k in; no outgoing transfers although depth 3 was crawled; seed money in 310,terminal_observed,,3,False
100000002537811100,peripheral,0.639423076923077,13,0.6370409918081759,1 payer / 1 recipient; 15k out; no role rule met; seed money in 52k,weak_signal,,3,False
100000002990675100,terminal,0.9,7,0.4181262496118372,1 payer → 51k in; no outgoing transfers although depth 3 was crawled; seed money in 72,terminal_observed,,3,False
100000008763688100,terminal,0.9,6,0.3086915780929085,1 payer → 21k in; no outgoing transfers although depth 3 was crawled; seed money in 15,terminal_observed,,3,False
100000002809896100,terminal,0.9,5,0.46143704680290054,1 payer → 38k in; no outgoing transfers although depth 3 was crawled; seed money in 294,terminal_observed,,3,False
100000008716072100,terminal,0.9,6,0.29915775481185686,1 payer → 12k in; no outgoing transfers although depth 3 was crawled; seed money in 9,terminal_observed,,3,False
100000001279272100,transit,0.52,11,0.5307615618036904,"250k in from 1, 137k out to 2 (55%); 52% forwarded within 2 days; seed money in 2k",transit,,3,False
100000001714173100,terminal,0.9,3,0.6007670641816985,1 payer → 639k in; no outgoing transfers although depth 3 was crawled; seed money in 15k; flags burst,terminal_observed,,3,False
100000008729597100,terminal,0.9,1,0.5061098187483998,1 payer → 83k in; no outgoing transfers although depth 3 was crawled; seed money in 1k,terminal_observed,,3,False
100000002255058100,terminal,0.9,16,0.45660203642465297,1 payer → 492k in; no outgoing transfers although depth 3 was crawled; seed money in 4k,terminal_observed,,3,False
100000006111442100,terminal,0.9,3,0.4607560594256825,1 payer → 64k in; no outgoing transfers although depth 3 was crawled; seed money in 207,terminal_observed,,3,False
100000008686247100,peripheral,0.7159090909090909,12,0.26553967795652944,1 payer / 1 recipient; 5k out; no role rule met; seed money in 725,weak_signal,,3,False
100000001893287100,peripheral,0.0,19,0.2521696257838165,"18k in, 153k out (848%); 100% forwarded within 2 days, but most outflow comes from outside the graph; seed money in 12k; flags repeat_amount,near_threshold",weak_signal,transit,3,False
100000005172860100,terminal,0.9,1,0.38775421258791554,1 payer → 15k in; no outgoing transfers although depth 3 was crawled; seed money in 14,terminal_observed,,3,False
100000001788284100,peripheral,0.0,23,0.36044661876147466,"8k in, 297k out (3709%); 100% forwarded within 2 days, but most outflow comes from outside the graph; seed money in 264",weak_signal,transit,3,False
100000008755580100,terminal,0.9,6,0.3037884689769391,1 payer → 16k in; no outgoing transfers although depth 3 was crawled; seed money in 12,terminal_observed,,3,False
100000003896956100,peripheral,0.0,2,0.31747631525902037,"10k in, 27k out (270%); 100% forwarded within 2 days, but most outflow comes from outside the graph; seed money in 104",weak_signal,transit,3,False
100000002475601100,terminal,0.9,13,0.40144205886999684,1 payer → 232k in; no outgoing transfers although depth 3 was crawled; seed money in 508,terminal_observed,,3,False
100000008619857100,peripheral,0.43965517241379315,4,0.35129868832751315,1 payer / 2 recipients; 13k out; no role rule met; seed money in 25,weak_signal,,3,False
100000001373265100,peripheral,0.7833333333333333,1,0.5081754804592942,1 payer / 1 recipient; 5k out; no role rule met; seed money in 2k,weak_signal,,3,False
100000004185681100,terminal,0.9,4,0.49140049140049147,1 payer → 10k in; no outgoing transfers although depth 3 was crawled; seed money in 707,terminal_observed,,3,False
100000003031633100,terminal,0.9,3,0.49249007120404026,1 payer → 414k in; no outgoing transfers although depth 3 was crawled; seed money in 481,terminal_observed,,3,False
100000002632742100,terminal,0.9,3,0.437057698698497,2 payers → 236k in; no outgoing transfers although depth 3 was crawled; seed money in 95,terminal_observed,,3,False
100000005847078100,terminal,0.9,6,0.3043332588787135,1 payer → 16k in; no outgoing transfers although depth 3 was crawled; seed money in 12,terminal_observed,,3,False
100000002807334100,terminal,0.9,7,0.41880723698905525,1 payer → 55k in; no outgoing transfers although depth 3 was crawled; seed money in 77,terminal_observed,,3,False
100000008748795100,terminal,0.9,1,0.407775241478124,1 payer → 47k in; no outgoing transfers although depth 3 was crawled; seed money in 41,terminal_observed,,3,False
100000003899899100,peripheral,0.8,2,0.532373231929773,2 payers / 1 recipient; 10k out; no role rule met; seed money in 5k,weak_signal,,3,False
100000002308091100,terminal,0.9,10,0.43780678481343677,1 payer → 187k in; no outgoing transfers although depth 3 was crawled; seed money in 2k,terminal_observed,,3,False
100000008680912100,peripheral,0.7344010462848023,4,0.38375908664157005,1 payer / 1 recipient; 6k out; no role rule met; seed money in 3k,weak_signal,,3,False
100000008742053100,distributor,0.8,3,0.5508733890108614,pays 12 recipients 2.79M; from 1 payer; 0% passed on within 2 days; seed money in 12,distributor,,3,False
100000008473765100,terminal,0.9,1,0.4723328448383881,1 payer → 30k in; no outgoing transfers although depth 3 was crawled; seed money in 403,terminal_observed,,3,False
100000007472293100,peripheral,0.35,3,0.34873363587332545,1 payer / 3 recipients; 346k out; no role rule met; seed money in 26,weak_signal,,3,False
100000008753061100,terminal,0.9,6,0.3150928594387575,1 payer → 28k in; no outgoing transfers although depth 3 was crawled; seed money in 21,terminal_observed,,3,False
100000008501413100,transit,1.0,29,0.6046032930733597,"5k in from 1, 5k out to 1 (102%); 100% forwarded within 2 days; seed money in 238",transit,,3,False
100000002748581100,terminal,0.9,15,0.41444891777486015,1 payer → 41k in; no outgoing transfers although depth 3 was crawled; seed money in 59,terminal_observed,,3,False
100000001384826100,peripheral,0.7833333333333333,7,0.47276413684395946,1 payer / 1 recipient; 10k out; no role rule met; seed money in 510,weak_signal,,3,False
100000004099450100,terminal,0.9,14,0.47709975647891395,1 payer → 31k in; no outgoing transfers although depth 3 was crawled; seed money in 457,terminal_observed,,3,False
100000002926970100,terminal,0.9,5,0.48772315956351436,1 payer → 85k in; no outgoing transfers although depth 3 was crawled; seed money in 657,terminal_observed,,3,False
100000002753146100,terminal,0.9,10,0.3783565867823075,1 payer → 804k in; no outgoing transfers although depth 3 was crawled; seed money in 258,terminal_observed,,3,False
100000003943247100,terminal,0.9,1,0.4049150944938085,1 payer → 40k in; no outgoing transfers although depth 3 was crawled; seed money in 35,terminal_observed,,3,False
100000002872399100,terminal,0.9,5,0.5725060880271524,1 payer → 1.09M in; no outgoing transfers although depth 3 was crawled; seed money in 202k; flags round_amounts,terminal_observed,,3,False
100000008417359100,peripheral,0.0,14,0.1916298479491384,"41k in, 111k out (271%); 75% forwarded within 2 days, but most outflow comes from outside the graph; seed money in 107",weak_signal,transit,3,False
100000002614095100,terminal,0.9,6,0.29343746084322586,1 payer → 5k in; no outgoing transfers although depth 3 was crawled; seed money in 4,terminal_observed,,3,False
100000004717647100,peripheral,0.25,34,0.44956516686006714,1 payer / 5 recipients; 2.24M out; no role rule met; seed money in 2k,weak_signal,,3,False
100000008537380100,terminal,0.9,6,0.29588901540121054,1 payer → 8k in; no outgoing transfers although depth 3 was crawled; seed money in 6,terminal_observed,,3,False
100000001534244100,peripheral,0.8,3,0.4605290636332766,2 payers / 1 recipient; 45k out; no role rule met; seed money in 222,weak_signal,,3,False
100000008767950100,terminal,0.9,6,0.305831431108593,1 payer → 17k in; no outgoing transfers although depth 3 was crawled; seed money in 13,terminal_observed,,3,False
100000004613582100,peripheral,0.7833333333333333,28,0.43939575536027864,1 payer / 1 recipient; 10k out; no role rule met; seed money in 5k,weak_signal,,3,False
100000008121806100,peripheral,0.0,13,0.36242148215540676,"67k in, 249k out (371%); 100% forwarded within 2 days, but most outflow comes from outside the graph; seed money in 215",weak_signal,transit,3,False
100000002369443100,terminal,0.9,6,0.3259886574742451,1 payer → 50k in; no outgoing transfers although depth 3 was crawled; seed money in 36,terminal_observed,,3,False
100000008655779100,peripheral,0.3429787234042554,21,0.41335933797131136,1 payer / 2 recipients; 25k out; no role rule met; seed money in 601,weak_signal,,3,False
100000008561016100,transit,1.0,3,0.6118898580095921,"180k in from 1, 185k out to 1 (103%); 100% forwarded within 2 days; seed money in 227; flags round_amounts,burst",transit,,3,False
100000002727288100,terminal,0.9,2,0.4619818367046749,1 payer → 16k in; no outgoing transfers although depth 3 was crawled; seed money in 299,terminal_observed,,3,False
100000001270349100,terminal,0.9,3,0.4526523096367886,1 payer → 200k in; no outgoing transfers although depth 3 was crawled; seed money in 4k,terminal_observed,,3,False
100000004722765100,peripheral,0.0,4,0.4571468263264272,"230k in, 2.28M out (993%); 76% forwarded within 2 days, but most outflow comes from outside the graph; seed money in 8k",weak_signal,transit,3,False
100000001677389100,peripheral,0.38636363636363646,14,0.3411746759862059,1 payer / 1 recipient; 5k out; no role rule met; seed money in 93,weak_signal,,3,False
100000005857058100,terminal,0.9,2,0.5434279270199448,3 payers → 80k in; no outgoing transfers although depth 3 was crawled; seed money in 6k,terminal_observed,,3,False
100000008760098100,peripheral,0.7833333333333333,3,0.41276914891105587,1 payer / 1 recipient; 390k out; no role rule met; seed money in 37,weak_signal,,3,False
100000002838519100,terminal,0.9,15,0.4171728672837321,1 payer → 47k in; no outgoing transfers although depth 3 was crawled; seed money in 68,terminal_observed,,3,False
100000002597623100,terminal,0.9,1,0.3876180151124719,1 payer → 16k in; no outgoing transfers although depth 3 was crawled; seed money in 14,terminal_observed,,3,False
100000003635660100,terminal,0.9,1,0.46565916854165196,1 payer → 19k in; no outgoing transfers although depth 3 was crawled; seed money in 328,terminal_observed,,3,False
100000008676812100,terminal,0.9,11,0.5259946501631646,1 payer → 231k in; no outgoing transfers although depth 3 was crawled; seed money in 3k,terminal_observed,,3,False
100000003213473100,coordinator,0.75,4,0.5697140397805587,pays 2 seeds back; on cycles with 1 seed; downstream of 7 seeds; betweenness top 7%; seed money in 50,coordinator,distributor;transit,3,False
100000003071649100,terminal,0.9,3,0.47437580697004206,1 payer → 190k in; no outgoing transfers although depth 3 was crawled; seed money in 239,terminal_observed,,3,False
100000002433697100,transit,0.8461538461538461,7,0.571393808644363,"130k in from 1, 110k out to 1 (85%); 85% forwarded within 2 days; seed money in 182",transit,,3,False
100000008612257100,terminal,0.9,1,0.40573227934647005,1 payer → 10k in; no outgoing transfers although depth 3 was crawled; seed money in 36,terminal_observed,,3,False
100000002736033100,peripheral,0.6017955401100492,14,0.43592271973646696,1 payer / 1 recipient; 11k out; no role rule met; seed money in 292,weak_signal,,3,False
100000008687990100,terminal,0.9,6,0.306512418485811,1 payer → 18k in; no outgoing transfers although depth 3 was crawled; seed money in 13,terminal_observed,,3,False
100000008776310100,terminal,0.9,6,0.3073296033384726,1 payer → 19k in; no outgoing transfers although depth 3 was crawled; seed money in 14,terminal_observed,,3,False
100000007267915100,peripheral,0.4047619047619049,14,0.3591754423240011,2 payers / 1 recipient; 10k out; no role rule met; seed money in 38,weak_signal,,3,False
100000004217419100,peripheral,0.8,1,0.5299216773717882,2 payers / 1 recipient; 8k out; no role rule met; seed money in 4k,weak_signal,,3,False
100000002773323100,peripheral,0.8,3,0.4373754928078653,2 payers / 1 recipient; 1.17M out; no role rule met; seed money in 103,weak_signal,,3,False
100000002528544100,terminal,0.9,13,0.39422359267148627,1 payer → 193k in; no outgoing transfers although depth 3 was crawled; seed money in 422,terminal_observed,,3,False
100000003760160100,terminal,0.9,7,0.4366491062721662,1 payer → 104k in; no outgoing transfers although depth 3 was crawled; seed money in 146,terminal_observed,,3,False
100000000640800100,peripheral,0.30000000000000004,13,0.38884379239146427,1 payer / 4 recipients; 518k out; no role rule met; seed money in 257,weak_signal,,3,False
100000008238112100,terminal,0.9,7,0.4573511225395927,1 payer → 190k in; no outgoing transfers although depth 3 was crawled; seed money in 266,terminal_observed,,3,False
100000008751349100,terminal,0.9,24,0.4042341071165905,1 payer → 12k in; no outgoing transfers although depth 3 was crawled; seed money in 34,terminal_observed,,3,False
100000002963189100,peripheral,0.15000000000000002,15,0.4132231404958678,"1 payer / 7 recipients; 5.22M out; no role rule met; seed money in 707; flags repeat_amount,round_amounts",weak_signal,,3,False
100000008548853100,terminal,0.9,6,0.30174550684528517,1 payer → 14k in; no outgoing transfers although depth 3 was crawled; seed money in 10,terminal_observed,,3,False
100000003164661100,terminal,0.9,25,0.5035901654526932,1 payer → 596k in; no outgoing transfers although depth 3 was crawled; seed money in 18k,terminal_observed,,3,False
100000000791285100,transit,0.5535714285714286,24,0.533508210891803,"1.12M in from 1, 650k out to 3 (58%); 55% forwarded within 2 days; seed money in 3k; flags round_amounts,burst",transit,,3,False
100000003192309100,peripheral,0.7833333333333333,6,0.2872631752897829,1 payer / 1 recipient; 213k out; no role rule met; seed money in 12,weak_signal,,3,False
100000002891765100,terminal,0.9,15,0.42016921174349114,1 payer → 56k in; no outgoing transfers although depth 3 was crawled; seed money in 80,terminal_observed,,3,False
100000001740277100,transit,0.5747126436781609,5,0.3142983741653365,"9k in from 1, 5k out to 1 (57%); 57% forwarded within 2 days; seed money in 3k",transit,,3,False
100000002232266100,terminal,0.9,1,0.4855439999564169,1 payer → 45k in; no outgoing transfers although depth 3 was crawled; seed money in 604,terminal_observed,,3,False
100000006701983100,terminal,0.9,6,0.31427567458609595,1 payer → 27k in; no outgoing transfers although depth 3 was crawled; seed money in 20,terminal_observed,,3,False
100000002871199100,terminal,0.9,15,0.4039617121657033,1 payer → 23k in; no outgoing transfers although depth 3 was crawled; seed money in 33,terminal_observed,,3,False
100000002757791100,terminal,0.9,3,0.4286815539587159,1 payer → 73k in; no outgoing transfers although depth 3 was crawled; seed money in 1k,terminal_observed,,3,False
100000000572276100,peripheral,0.7833333333333333,6,0.2827686586001442,1 payer / 1 recipient; 35k out; no role rule met; seed money in 9,weak_signal,,3,False
100000001853812100,terminal,0.9,1,0.4995723399271072,1 payer → 70k in; no outgoing transfers although depth 3 was crawled; seed money in 939,terminal_observed,,3,False
100000004726132100,peripheral,0.7833333333333333,11,0.5148491567560304,1 payer / 1 recipient; 24k out; no role rule met; seed money in 2k,weak_signal,,3,False
100000001785161100,terminal,0.9,26,0.46538677359076475,2 payers → 30k in; no outgoing transfers although depth 3 was crawled; seed money in 325,terminal_observed,,3,False
100000002612809100,peripheral,0.0,18,0.3535686462515731,"30k in, 114k out (380%); 50% forwarded within 2 days, but most outflow comes from outside the graph; seed money in 8k",weak_signal,transit,3,False
100000008769097100,terminal,0.9,6,0.31672722914408064,1 payer → 31k in; no outgoing transfers although depth 3 was crawled; seed money in 23,terminal_observed,,3,False
100000004488265100,terminal,0.9,1,0.482139063070327,1 payer → 39k in; no outgoing transfers although depth 3 was crawled; seed money in 520,terminal_observed,,3,False
100000002509598100,terminal,0.9,10,0.34825694470927293,1 payer → 306k in; no outgoing transfers although depth 3 was crawled; seed money in 98,terminal_observed,,3,False
100000008706846100,terminal,0.9,6,0.30188170432072875,1 payer → 14k in; no outgoing transfers although depth 3 was crawled; seed money in 10,terminal_observed,,3,False
100000001280798100,terminal,0.9,5,0.4433227825689024,1 payer → 24k in; no outgoing transfers although depth 3 was crawled; seed money in 184,terminal_observed,,3,False
100000006664478100,transit,0.7727272727272729,5,0.6520000145277307,"55k in from 1, 60k out to 2 (109%); 73% forwarded within 2 days; seed money in 43k; flags round_amounts,burst",transit,,3,False
100000003781406100,terminal,0.9,2,0.6387661598304615,1 payer → 45k in; no outgoing transfers although depth 3 was crawled; seed money in 45k,terminal_observed,,3,False
100000008708595100,terminal,0.9,6,0.30569523363314943,1 payer → 17k in; no outgoing transfers although depth 3 was crawled; seed money in 12,terminal_observed,,3,False
100000004611571100,terminal,0.9,1,0.3944278888846517,1 payer → 23k in; no outgoing transfers although depth 3 was crawled; seed money in 20,terminal_observed,,3,False
100000008576243100,terminal,0.9,4,0.6258273996633199,2 payers → 83k in; no outgoing transfers although depth 3 was crawled; seed money in 40k,terminal_observed,,3,False
100000008662216100,terminal,0.9,6,0.31332229225799074,1 payer → 26k in; no outgoing transfers although depth 3 was crawled; seed money in 19,terminal_observed,,3,False
100000002681544100,terminal,0.9,4,0.5216363309489697,2 payers → 166k in; no outgoing transfers although depth 3 was crawled; seed money in 2k,terminal_observed,,3,False
100000007864477100,peripheral,0.0,4,0.41206546195459726,"76k in, 204k out (268%); 92% forwarded within 2 days, but most outflow comes from outside the graph; seed money in 1k; flags repeat_amount",weak_signal,transit,3,False
100000004746397100,peripheral,0.7833333333333333,7,0.47725865353359814,1 payer / 1 recipient; 8k out; no role rule met; seed money in 307,weak_signal,,3,False
100000003814002100,terminal,0.9,7,0.40804763642901115,1 payer → 30k in; no outgoing transfers although depth 3 was crawled; seed money in 42,terminal_observed,,3,False
100000003962994100,terminal,0.9,31,0.5197295662927592,1 payer → 10k in; no outgoing transfers although depth 3 was crawled; seed money in 2k,terminal_observed,,3,False
100000003366471100,peripheral,0.8,1,0.5325094294052166,2 payers / 1 recipient; 20k out; no role rule met; seed money in 5k,weak_signal,,3,False
100000003561031100,peripheral,0.5300751879699248,1,0.4096593065550937,1 payer / 1 recipient; 5k out; no role rule met; seed money in 178,weak_signal,,3,False
100000001690439100,terminal,0.9,4,0.4884041469407323,1 payer → 14k in; no outgoing transfers although depth 3 was crawled; seed money in 662,terminal_observed,,3,False
100000002954780100,terminal,0.9,3,0.4630714165082237,1 payer → 133k in; no outgoing transfers although depth 3 was crawled; seed money in 168,terminal_observed,,3,False
100000008720668100,terminal,0.9,6,0.3037884689769391,1 payer → 16k in; no outgoing transfers although depth 3 was crawled; seed money in 12,terminal_observed,,3,False
100000002459164100,terminal,0.9,14,0.5347112885915547,1 payer → 20k in; no outgoing transfers although depth 3 was crawled; seed money in 4k,terminal_observed,,3,False
100000005082652100,terminal,0.9,28,0.498959451287611,1 payer → 30k in; no outgoing transfers although depth 3 was crawled; seed money in 15k,terminal_observed,,3,False
100000005041905100,peripheral,0.7833333333333333,6,0.15753507992975843,1 payer / 1 recipient; 1.08M out; no role rule met; seed money in 4,weak_signal,,3,False
100000008653041100,terminal,0.9,6,0.31468426701242674,1 payer → 28k in; no outgoing transfers although depth 3 was crawled; seed money in 20,terminal_observed,,3,False
100000008722417100,peripheral,0.0,7,0.3801952527007959,"332k in, 720k out (217%); 78% forwarded within 2 days, but most outflow comes from outside the graph; seed money in 465; flags round_amounts",weak_signal,transit,3,False
100000008625905100,peripheral,0.5666666666666667,2,0.47657766615638014,1 payer / 2 recipients; 635k out; no role rule met; seed money in 781,weak_signal,,3,False
100000007487729100,terminal,0.9,14,0.46988129028040343,1 payer → 25k in; no outgoing transfers although depth 3 was crawled; seed money in 369,terminal_observed,,3,False
100000000838385100,peripheral,0.4392309452964065,21,0.5804736403406027,1 payer / 2 recipients; 178k out; no role rule met; seed money in 42k,weak_signal,,3,False
100000004750321100,terminal,0.9,5,0.44168841286357924,2 payers → 50k in; no outgoing transfers although depth 3 was crawled; seed money in 171,terminal_observed,,3,False
100000008664774100,terminal,0.9,6,0.3043332588787135,1 payer → 16k in; no outgoing transfers although depth 3 was crawled; seed money in 12,terminal_observed,,3,False
100000006274203100,peripheral,0.6,11,0.5622004790519204,2 payers / 3 recipients; 72k out; no role rule met; seed money in 9k,weak_signal,,3,False
100000002185328100,peripheral,0.30000000000000004,16,0.438079179764324,1 payer / 4 recipients; 55k out; no role rule met; seed money in 1k,weak_signal,,3,False
100000008254576100,peripheral,0.7833333333333333,14,0.3913180465286895,1 payer / 1 recipient; 60k out; no role rule met; seed money in 26,weak_signal,,3,False
100000001689968100,terminal,0.9,1,0.4899023191706119,3 payers → 344k in; no outgoing transfers although depth 3 was crawled; seed money in 687,terminal_observed,,3,False
100000002236528100,terminal,0.9,4,0.49875515507444557,1 payer → 66k in; no outgoing transfers although depth 3 was crawled; seed money in 921,terminal_observed,,3,False
100000002670960100,terminal,0.9,10,0.3609233099255273,1 payer → 480k in; no outgoing transfers although depth 3 was crawled; seed money in 154,terminal_observed,,3,False
100000003557488100,peripheral,0.5666666666666667,30,0.5110356274436098,1 payer / 2 recipients; 138k out; no role rule met; seed money in 4k,weak_signal,,3,False
100000003888197100,terminal,0.9,7,0.42956683754909925,1 payer → 83k in; no outgoing transfers although depth 3 was crawled; seed money in 116,terminal_observed,,3,False
100000002799941100,terminal,0.9,11,0.5371628431495394,1 payer → 600k in; no outgoing transfers although depth 3 was crawled; seed money in 4k,terminal_observed,,3,False
100000001632325100,terminal,0.9,6,0.33525008580440957,1 payer → 86k in; no outgoing transfers although depth 3 was crawled; seed money in 62,terminal_observed,,3,False
100000008620570100,peripheral,0.7258620689655173,4,0.5012067096324303,2 payers / 2 recipients; 32k out; no role rule met; seed money in 2k,weak_signal,,3,False
100000005308954100,peripheral,0.4566792234135033,2,0.4872691679787024,1 payer / 1 recipient; 30k out; no role rule met; seed money in 2k,weak_signal,,3,False
100000008468762100,terminal,0.9,3,0.41690047233284494,2 payers → 170k in; no outgoing transfers although depth 3 was crawled; seed money in 33,terminal_observed,,3,False
100000002305007100,terminal,0.9,6,0.32762302717956826,1 payer → 56k in; no outgoing transfers although depth 3 was crawled; seed money in 41,terminal_observed,,3,False
100000008314863100,terminal,0.9,8,0.5989283982632099,1 payer → 12k in; no outgoing transfers although depth 3 was crawled; seed money in 12k,terminal_observed,,3,False
100000005709551100,terminal,0.9,4,0.4615732442783441,1 payer → 25k in; no outgoing transfers although depth 3 was crawled; seed money in 296,terminal_observed,,3,False
100000008297199100,terminal,0.9,1,0.4931710585812582,1 payer → 42k in; no outgoing transfers although depth 3 was crawled; seed money in 729,terminal_observed,,3,False
100000003271151100,terminal,0.9,1,0.514417864750459,1 payer → 127k in; no outgoing transfers although depth 3 was crawled; seed money in 2k,terminal_observed,,3,False
100000007005380100,terminal,0.9,4,0.4139041278730858,1 payer → 9k in; no outgoing transfers although depth 3 was crawled; seed money in 57,terminal_observed,,3,False
100000004451012100,peripheral,0.09940270699764375,11,0.40582307766343245,1 payer / 3 recipients; 66k out; no role rule met; seed money in 677,weak_signal,,3,False
100000004779204100,peripheral,0.17898193760262737,1,0.3074204016554349,1 payer / 1 recipient; 20k out; no role rule met; seed money in 27,weak_signal,,3,False
100000002793881100,terminal,0.9,3,0.5417935573146216,3 payers → 786k in; no outgoing transfers although depth 3 was crawled; seed money in 2k,terminal_observed,,3,False
100000008671129100,terminal,0.9,6,0.31332229225799074,1 payer → 26k in; no outgoing transfers although depth 3 was crawled; seed money in 19,terminal_observed,,3,False
100000002095257100,terminal,0.9,12,0.5017514995342047,1 payer → 8k in; no outgoing transfers although depth 3 was crawled; seed money in 662,terminal_observed,,3,False
100000002194329100,terminal,0.9,1,0.39647085101630564,1 payer → 25k in; no outgoing transfers although depth 3 was crawled; seed money in 22,terminal_observed,,3,False
100000001884825100,terminal,0.9,3,0.4886765418916196,3 payers → 495k in; no outgoing transfers although depth 3 was crawled; seed money in 437,terminal_observed,,3,False
100000008692291100,transit,0.9375,3,0.6236709396354629,"160k in from 3, 156k out to 3 (98%); 13% forwarded within 2 days; seed money in 330",transit,,3,False
100000002697752100,terminal,0.9,1,0.5273566249176005,2 payers → 191k in; no outgoing transfers although depth 3 was crawled; seed money in 3k,terminal_observed,,3,False
100000007170072100,transit,0.995,13,0.6048983876034874,"100k in from 1, 100k out to 2 (100%); 100% forwarded within 2 days; seed money in 321; flags burst",transit,,3,False
100000002373144100,peripheral,0.7104458982525609,11,0.4455700409137216,1 payer / 1 recipient; 11k out; no role rule met; seed money in 332,weak_signal,,3,False
100000000287768100,terminal,0.9,11,0.45489956798160797,1 payer → 35k in; no outgoing transfers although depth 3 was crawled; seed money in 251,terminal_observed,,3,False
100000004508696100,peripheral,0.0,31,0.4122016594300408,"7k in, 111k out (1586%); 100% forwarded within 2 days, but most outflow comes from outside the graph; seed money in 2k; flags burst",weak_signal,transit,3,False
100000008688109100,terminal,0.9,6,0.30079212451718,1 payer → 13k in; no outgoing transfers although depth 3 was crawled; seed money in 9,terminal_observed,,3,False
100000008724461100,transit,1.0,3,0.5948651735791425,"100k in from 1, 130k out to 1 (130%); 100% forwarded within 2 days; seed money in 126",transit,,3,False
100000001714413100,terminal,0.9,7,0.4679745256241931,1 payer → 250k in; no outgoing transfers although depth 3 was crawled; seed money in 350,terminal_observed,,3,False
100000008672493100,terminal,0.9,6,0.30174550684528517,1 payer → 14k in; no outgoing transfers although depth 3 was crawled; seed money in 10,terminal_observed,,3,False
100000003241965100,terminal,0.9,5,0.4290220476473248,1 payer → 15k in; no outgoing transfers although depth 3 was crawled; seed money in 116,terminal_observed,,3,False
100000002241986100,peripheral,0.19999999999999996,7,0.3987635085196061,1 payer / 6 recipients; 3.08M out; no role rule met; seed money in 392; flags round_amounts,weak_signal,,3,False
100000004140994100,terminal,0.9,6,0.307193405863029,1 payer → 19k in; no outgoing transfers although depth 3 was crawled; seed money in 13,terminal_observed,,3,False
100000008489922100,distributor,1.0,3,0.7459917082976951,"pays 36 recipients 3.79M; from 3 payers; 89% passed on within 2 days; seed money in 3k; flags repeat_amount,near_threshold",distributor,transit,3,False
100000001252290100,peripheral,0.7833333333333333,7,0.43694420080229396,1 payer / 1 recipient; 5k out; no role rule met; seed money in 197,weak_signal,,3,False
100000008667799100,terminal,0.9,6,0.317953006423073,1 payer → 34k in; no outgoing transfers although depth 3 was crawled; seed money in 25,terminal_observed,,3,False
100000008684951100,terminal,0.9,6,0.30569523363314943,1 payer → 17k in; no outgoing transfers although depth 3 was crawled; seed money in 12,terminal_observed,,3,False
100000006126743100,terminal,0.9,7,0.419215829415386,1 payer → 55k in; no outgoing transfers although depth 3 was crawled; seed money in 77,terminal_observed,,3,False
100000003009900100,terminal,0.9,5,0.431337404729866,1 payer → 16k in; no outgoing transfers although depth 3 was crawled; seed money in 124,terminal_observed,,3,False
100000001745217100,terminal,0.9,11,0.46865551300141106,1 payer → 50k in; no outgoing transfers although depth 3 was crawled; seed money in 357,terminal_observed,,3,False
100000002886166100,terminal,0.9,22,0.39803712198390695,1 payer → 185k in; no outgoing transfers although depth 3 was crawled; seed money in 470,terminal_observed,,3,False
100000002956779100,terminal,0.9,16,0.4530609020631194,1 payer → 411k in; no outgoing transfers although depth 3 was crawled; seed money in 4k,terminal_observed,,3,False
100000008568512100,terminal,0.9,7,0.458576899818585,1 payer → 200k in; no outgoing transfers although depth 3 was crawled; seed money in 280,terminal_observed,,3,False
100000008583360100,peripheral,0.3831473817604991,5,0.41528880220676234,1 payer / 1 recipient; 170k out; no role rule met; seed money in 872,weak_signal,,3,False
100000001130176100,terminal,0.9,19,0.551463578071117,1 payer → 25k in; no outgoing transfers although depth 3 was crawled; seed money in 7k,terminal_observed,,3,False
100000001145749100,terminal,0.9,8,0.59211852449103,1 payer → 10k in; no outgoing transfers although depth 3 was crawled; seed money in 10k,terminal_observed,,3,False
100000005367445100,transit,1.0,3,0.5572746703567103,"5k in from 1, 5k out to 1 (100%); 100% forwarded within 2 days; seed money in 3k",transit,,3,False
100000003917461100,peripheral,0.0,2,0.4732862271664933,"10k in, 140k out (1400%); 100% forwarded within 2 days, but most outflow comes from outside the graph; seed money in 9k",weak_signal,transit,3,False
100000008200810100,terminal,0.9,10,0.36051471749919645,1 payer → 475k in; no outgoing transfers although depth 3 was crawled; seed money in 152,terminal_observed,,3,False
100000002554175100,terminal,0.9,5,0.4446847573233383,1 payer → 25k in; no outgoing transfers although depth 3 was crawled; seed money in 190,terminal_observed,,3,False
100000008751380100,terminal,0.9,3,0.5058374237975125,2 payers → 346k in; no outgoing transfers although depth 3 was crawled; seed money in 582,terminal_observed,,3,False
100000004071444100,peripheral,0.4946432181119871,11,0.4797102080915828,1 payer / 1 recipient; 100k out; no role rule met; seed money in 2k,weak_signal,,3,False
100000001141268100,peripheral,0.8,3,0.5450395971460272,2 payers / 1 recipient; 10k out; no role rule met; seed money in 3k,weak_signal,,3,False
100000002645993100,transit,1.0,4,0.5591814350129206,"50k in from 2, 87k out to 5 (175%); 100% forwarded within 2 days; seed money in 44; flags burst",transit,,3,False
100000002546921100,terminal,0.9,15,0.40082917023050063,1 payer → 20k in; no outgoing transfers although depth 3 was crawled; seed money in 29,terminal_observed,,3,False
100000008753897100,terminal,0.9,6,0.31100693517544964,1 payer → 24k in; no outgoing transfers although depth 3 was crawled; seed money in 17,terminal_observed,,3,False
100000000870121100,terminal,0.9,8,0.44100742548636124,1 payer → 12k in; no outgoing transfers although depth 3 was crawled; seed money in 164,terminal_observed,,3,False
100000003171006100,terminal,0.9,3,0.5021600919605355,2 payers → 485k in; no outgoing transfers although depth 3 was crawled; seed money in 494,terminal_observed,,3,False
100000001690558100,terminal,0.9,11,0.5428831371181705,1 payer → 740k in; no outgoing transfers although depth 3 was crawled; seed money in 5k,terminal_observed,,3,False
100000008667795100,terminal,0.9,6,0.317953006423073,1 payer → 34k in; no outgoing transfers although depth 3 was crawled; seed money in 25,terminal_observed,,3,False
100000005674387100,terminal,0.9,6,0.31332229225799074,1 payer → 26k in; no outgoing transfers although depth 3 was crawled; seed money in 19,terminal_observed,,3,False
100000003636627100,peripheral,0.7833333333333333,19,0.4784844308125905,1 payer / 1 recipient; 10k out; no role rule met; seed money in 42k; flags near_threshold,weak_signal,,3,False
100000001275752100,terminal,0.9,3,0.46647635339431354,1 payer → 152k in; no outgoing transfers although depth 3 was crawled; seed money in 191,terminal_observed,,3,False
100000002459240100,terminal,0.9,7,0.4480896942094282,1 payer → 150k in; no outgoing transfers although depth 3 was crawled; seed money in 210,terminal_observed,,3,False
100000002644285100,terminal,0.9,10,0.3624214821554068,1 payer → 500k in; no outgoing transfers although depth 3 was crawled; seed money in 160,terminal_observed,,3,False
100000005186109100,terminal,0.9,2,0.5409763724619601,1 payer → 5k in; no outgoing transfers although depth 3 was crawled; seed money in 5k,terminal_observed,,3,False
100000005317181100,peripheral,0.7833333333333333,1,0.5145767618051432,1 payer / 1 recipient; 14k out; no role rule met; seed money in 2k,weak_signal,,3,False
100000003001661100,peripheral,0.25,21,0.4382607763982488,1 payer / 5 recipients; 440k out; no role rule met; seed money in 1k,weak_signal,,3,False
100000000288317100,peripheral,0.33125000000000004,14,0.43857857050761706,2 payers / 3 recipients; 54k out; no role rule met; seed money in 1k,weak_signal,,3,False
100000004368189100,peripheral,0.5666666666666667,10,0.3182481009532008,1 payer / 2 recipients; 28k out; no role rule met; seed money in 123,weak_signal,,3,False
100000004493586100,terminal,0.9,1,0.3769946120278715,1 payer → 8k in; no outgoing transfers although depth 3 was crawled; seed money in 7,terminal_observed,,3,False
100000004114962100,terminal,0.9,7,0.47110706755939574,2 payers → 165k in; no outgoing transfers although depth 3 was crawled; seed money in 388,terminal_observed,,3,False
100000008088082100,peripheral,0.09691348561500335,4,0.38196581988156264,1 payer / 1 recipient; 50k out; no role rule met; seed money in 471,weak_signal,,3,False
100000008595687100,peripheral,0.676993555400264,2,0.48711027092401815,1 payer / 1 recipient; 10k out; no role rule met; seed money in 672,weak_signal,,3,False
100000001248999100,terminal,0.9,14,0.4151299051520782,1 payer → 23k in; no outgoing transfers although depth 3 was crawled; seed money in 62,terminal_observed,,3,False
100000002736316100,terminal,0.9,1,0.5070632010765049,3 payers → 267k in; no outgoing transfers although depth 3 was crawled; seed money in 1k,terminal_observed,,3,False
100000008596924100,terminal,0.9,19,0.4537418894403374,1 payer → 100k in; no outgoing transfers although depth 3 was crawled; seed money in 4k,terminal_observed,,3,False
100000008598972100,terminal,0.9,13,0.37665411833926254,1 payer → 120k in; no outgoing transfers although depth 3 was crawled; seed money in 262,terminal_observed,,3,False
100000002769809100,terminal,0.9,11,0.510059545536264,1 payer → 113k in; no outgoing transfers although depth 3 was crawled; seed money in 1k,terminal_observed,,3,False
100000003089553100,terminal,0.9,3,0.43269937948430187,1 payer → 150k in; no outgoing transfers although depth 3 was crawled; seed money in 78,terminal_observed,,3,False
100000002343825100,peripheral,0.6792857142857143,3,0.4688371096353358,3 payers / 2 recipients; 90k out; no role rule met; seed money in 354; flags burst,weak_signal,,3,False
100000002015633100,terminal,0.9,7,0.43419755171418145,1 payer → 95k in; no outgoing transfers although depth 3 was crawled; seed money in 133,terminal_observed,,3,False
100000002906470100,terminal,0.9,11,0.49984473487799436,1 payer → 130k in; no outgoing transfers although depth 3 was crawled; seed money in 964,terminal_observed,,3,False
100000005628518100,terminal,0.9,11,0.4802322984141167,1 payer → 77k in; no outgoing transfers although depth 3 was crawled; seed money in 492,terminal_observed,,3,False
100000002958139100,terminal,0.9,3,0.4667487483452007,1 payer → 210k in; no outgoing transfers although depth 3 was crawled; seed money in 244,terminal_observed,,3,False
100000008754747100,terminal,0.9,6,0.32312851048992963,1 payer → 46k in; no outgoing transfers although depth 3 was crawled; seed money in 33,terminal_observed,,3,False
100000008776720100,terminal,0.9,6,0.3125051074053292,1 payer → 26k in; no outgoing transfers although depth 3 was crawled; seed money in 19,terminal_observed,,3,False
100000008576528100,terminal,0.9,7,0.40723045157634963,1 payer → 28k in; no outgoing transfers although depth 3 was crawled; seed money in 39,terminal_observed,,3,False
100000004603109100,peripheral,0.7,12,0.5378438305267574,3 payers / 2 recipients; 400k out; no role rule met; seed money in 160k; flags round_amounts,weak_signal,,3,False
100000008721637100,peripheral,0.0017054199076577126,5,0.38001365606687115,1 payer / 2 recipients; 127k out; no role rule met; seed money in 323,weak_signal,,3,False
100000004491749100,terminal,0.9,19,0.4365810075344444,1 payer → 50k in; no outgoing transfers although depth 3 was crawled; seed money in 2k,terminal_observed,,3,False
100000005171642100,transit,0.9526406429391503,3,0.6617154344427072,"697k in from 2, 684k out to 1 (98%); 94% forwarded within 2 days; seed money in 51k",transit,,3,False
100000008682426100,terminal,0.9,15,0.40082917023050063,1 payer → 20k in; no outgoing transfers although depth 3 was crawled; seed money in 29,terminal_observed,,3,False
100000006209210100,terminal,0.9,4,0.5293995870492545,1 payer → 229k in; no outgoing transfers although depth 3 was crawled; seed money in 3k,terminal_observed,,3,False
100000003888527100,terminal,0.9,7,0.5126472975696923,1 payer → 30k in; no outgoing transfers although depth 3 was crawled; seed money in 2k,terminal_observed,,3,False
100000008490127100,peripheral,0.19999999999999996,7,0.41306424344118353,1 payer / 6 recipients; 923k out; no role rule met; seed money in 605,weak_signal,,3,False
100000004336228100,terminal,0.9,1,0.4901747141214991,1 payer → 51k in; no outgoing transfers although depth 3 was crawled; seed money in 690,terminal_observed,,3,False
100000006844004100,terminal,0.9,4,0.5044754490430766,1 payer → 21k in; no outgoing transfers although depth 3 was crawled; seed money in 1k,terminal_observed,,3,False
100000001688676100,terminal,0.9,11,0.500661919730656,1 payer → 134k in; no outgoing transfers although depth 3 was crawled; seed money in 992,terminal_observed,,3,False
100000008712036100,terminal,0.9,6,0.3086915780929085,1 payer → 21k in; no outgoing transfers although depth 3 was crawled; seed money in 15,terminal_observed,,3,False
100000004697956100,transit,1.0,19,0.44470745690257885,"10k in from 1, 10k out to 1 (100%); 0% forwarded within 2 days; seed money in 2k",transit,,3,False
100000004921657100,peripheral,0.0,8,0.3480526484961075,"8k in, 22k out (267%); 100% forwarded within 2 days, but most outflow comes from outside the graph; seed money in 8k",weak_signal,transit,3,False
100000000408846100,terminal,0.9,24,0.42983923249998646,1 payer → 40k in; no outgoing transfers although depth 3 was crawled; seed money in 117,terminal_observed,,3,False
100000003406094100,peripheral,0.1607142857142858,2,0.4650462799021558,1 payer / 3 recipients; 47k out; no role rule met; seed money in 7k; flags round_amounts,weak_signal,,3,False
100000008695566100,terminal,0.9,6,0.317272019045855,1 payer → 34k in; no outgoing transfers although depth 3 was crawled; seed money in 24,terminal_observed,,3,False
100000005974542100,terminal,0.9,27,0.6107094798890809,1 payer → 94k in; no outgoing transfers although depth 3 was crawled; seed money in 39k,terminal_observed,,3,False
100000001887715100,transit,0.5632745024408562,3,0.45072284540133767,"1.33M in from 3, 750k out to 1 (56%); 56% forwarded within 2 days; seed money in 113; flags burst",transit,,3,False
100000002472632100,peripheral,0.8,23,0.5614513929369805,2 payers / 1 recipient; 20k out; no role rule met; seed money in 10k,weak_signal,,3,False
100000004629688100,peripheral,0.7833333333333333,2,0.30129151526047315,1 payer / 1 recipient; 15k out; no role rule met; seed money in 147,weak_signal,,3,False
100000002459832100,terminal,0.9,13,0.5206829486208644,2 payers → 881k in; no outgoing transfers although depth 3 was crawled; seed money in 2k,terminal_observed,,3,False
100000006100920100,terminal,0.9,1,0.4239827410559119,1 payer → 100k in; no outgoing transfers although depth 3 was crawled; seed money in 95,terminal_observed,,3,False
100000001439416100,peripheral,0.5666666666666667,4,0.4678610277279901,1 payer / 2 recipients; 165k out; no role rule met; seed money in 727,weak_signal,,3,False
100000002121357100,peripheral,0.44672933803368586,3,0.4039163130072222,2 payers / 1 recipient; 113k out; no role rule met; seed money in 95,weak_signal,,3,False
100000002970466100,peripheral,0.0,1,0.29364175705639123,"23k in, 93k out (399%); 100% forwarded within 2 days, but most outflow comes from outside the graph; seed money in 20",weak_signal,transit,3,False
100000002581346100,terminal,0.9,7,0.45122223614463086,1 payer → 166k in; no outgoing transfers although depth 3 was crawled; seed money in 233,terminal_observed,,3,False
100000008738658100,terminal,0.9,6,0.31591004429141906,1 payer → 30k in; no outgoing transfers although depth 3 was crawled; seed money in 22,terminal_observed,,3,False
100000005910114100,coordinator,0.75,4,0.7428183071198592,"pays 2 seeds back; on cycles with 1 seed; downstream of 7 seeds; betweenness top 1%; seed money in 4k; flags repeat_amount,near_threshold",coordinator,distributor;transit,3,False
100000001046626100,terminal,0.9,7,0.4480896942094282,1 payer → 150k in; no outgoing transfers although depth 3 was crawled; seed money in 210,terminal_observed,,3,False
100000006492770100,peripheral,0.7833333333333333,1,0.4426644947709249,1 payer / 1 recipient; 20k out; no role rule met; seed money in 235,weak_signal,,3,False
100000001674850100,terminal,0.9,3,0.4265704930893402,2 payers → 237k in; no outgoing transfers although depth 3 was crawled; seed money in 56,terminal_observed,,3,False
100000000860514100,peripheral,0.7833333333333333,23,0.46561376938317073,1 payer / 1 recipient; 50k out; no role rule met; seed money in 396,weak_signal,,3,False
100000003650146100,terminal,0.9,2,0.4519032235218488,1 payer → 14k in; no outgoing transfers although depth 3 was crawled; seed money in 236,terminal_observed,,3,False
100000001227106100,terminal,0.9,7,0.4506774462428565,1 payer → 165k in; no outgoing transfers although depth 3 was crawled; seed money in 231,terminal_observed,,3,False
100000003647799100,terminal,0.9,7,0.4354233289931738,1 payer → 100k in; no outgoing transfers although depth 3 was crawled; seed money in 140,terminal_observed,,3,False
100000008293431100,peripheral,0.25,11,0.35177537949156573,1 payer / 5 recipients; 297k out; no role rule met; seed money in 107,weak_signal,,3,False
100000002975287100,terminal,0.9,1,0.4137679303976422,1 payer → 15k in; no outgoing transfers although depth 3 was crawled; seed money in 57,terminal_observed,,3,False
100000008507703100,terminal,0.9,6,0.3152290569142011,1 payer → 28k in; no outgoing transfers although depth 3 was crawled; seed money in 21,terminal_observed,,3,False
100000001733687100,terminal,0.9,3,0.4809132857913347,1 payer → 300k in; no outgoing transfers although depth 3 was crawled; seed money in 349,terminal_observed,,3,False
100000004552204100,peripheral,0.44444444444444453,18,0.5208872448340298,1 payer / 2 recipients; 10k out; no role rule met; seed money in 5k,weak_signal,,3,False
100000008223756100,terminal,0.9,13,0.5035220667149715,2 payers → 332k in; no outgoing transfers although depth 3 was crawled; seed money in 1k,terminal_observed,,3,False
100000002956769100,terminal,0.9,3,0.5295357845246981,3 payers → 840k in; no outgoing transfers although depth 3 was crawled; seed money in 1k,terminal_observed,,3,False
100000008555233100,terminal,0.9,3,0.5445175068234935,1 payer → 441k in; no outgoing transfers although depth 3 was crawled; seed money in 2k,terminal_observed,,3,False
100000002346166100,terminal,0.9,6,0.2941184482204438,1 payer → 6k in; no outgoing transfers although depth 3 was crawled; seed money in 4,terminal_observed,,3,False
100000000878006100,terminal,0.9,7,0.4166280773819577,1 payer → 47k in; no outgoing transfers although depth 3 was crawled; seed money in 66,terminal_observed,,3,False
100000004997515100,peripheral,0.6,3,0.5243375808786008,4 payers / 4 recipients; 54k out; no role rule met; seed money in 2k,weak_signal,,3,False
100000007653003100,terminal,0.9,14,0.45694253011326186,1 payer → 100k in; no outgoing transfers although depth 3 was crawled; seed money in 263,terminal_observed,,3,False
100000000661131100,terminal,0.9,6,0.3032436790751647,1 payer → 16k in; no outgoing transfers although depth 3 was crawled; seed money in 11,terminal_observed,,3,False
100000003880331100,distributor,0.9,8,0.627234773576237,pays 16 recipients 3.90M; from 1 payer; 100% passed on within 2 days; seed money in 321; flags repeat_amount,distributor,transit,3,False
100000003204491100,transit,0.7142857142857143,11,0.5060190204314373,"140k in from 1, 100k out to 1 (71%); 71% forwarded within 2 days; seed money in 1000",transit,,3,False
100000008463968100,terminal,0.9,6,0.29725099015564654,1 payer → 10k in; no outgoing transfers although depth 3 was crawled; seed money in 7,terminal_observed,,3,False
100000002712416100,terminal,0.9,3,0.4918090838268222,2 payers → 117k in; no outgoing transfers although depth 3 was crawled; seed money in 371,terminal_observed,,3,False
100000008754997100,terminal,0.9,6,0.30692101091214175,1 payer → 18k in; no outgoing transfers although depth 3 was crawled; seed money in 13,terminal_observed,,3,False
100000008011573100,terminal,0.9,1,0.4137679303976422,1 payer → 15k in; no outgoing transfers although depth 3 was crawled; seed money in 57,terminal_observed,,3,False
100000003178549100,peripheral,0.4666666666666667,14,0.5063595141200463,2 payers / 4 recipients; 89k out; no role rule met; seed money in 2k,weak_signal,,3,False
100000000534581100,peripheral,0.10650464617583999,1,0.39835491609327534,2 payers / 1 recipient; 40k out; no role rule met; seed money in 739,weak_signal,,3,False
100000007138613100,peripheral,0.7,14,0.5090380644704371,3 payers / 2 recipients; 179k out; no role rule met; seed money in 2k,weak_signal,,3,False
100000002380341100,terminal,0.9,1,0.4126783505940934,1 payer → 58k in; no outgoing transfers although depth 3 was crawled; seed money in 54,terminal_observed,,3,False
100000008309514100,terminal,0.9,6,0.30569523363314943,1 payer → 17k in; no outgoing transfers although depth 3 was crawled; seed money in 12,terminal_observed,,3,False
100000003134474100,terminal,0.9,7,0.44059883306003045,1 payer → 116k in; no outgoing transfers although depth 3 was crawled; seed money in 162,terminal_observed,,3,False
100000002373386100,terminal,0.9,6,0.31087073770000606,1 payer → 24k in; no outgoing transfers although depth 3 was crawled; seed money in 17,terminal_observed,,3,False
100000008684767100,terminal,0.9,6,0.31672722914408064,1 payer → 31k in; no outgoing transfers although depth 3 was crawled; seed money in 23,terminal_observed,,3,False
100000008332511100,terminal,0.9,5,0.6442140588482054,1 payer → 100k in; no outgoing transfers although depth 3 was crawled; seed money in 50k,terminal_observed,,3,False
100000005754335100,terminal,0.9,7,0.5209553435717517,1 payer → 44k in; no outgoing transfers although depth 3 was crawled; seed money in 2k,terminal_observed,,3,False
100000008547295100,terminal,0.9,19,0.48016419967639484,1 payer → 15k in; no outgoing transfers although depth 3 was crawled; seed money in 10k,terminal_observed,,3,False
100000001875167100,terminal,0.9,7,0.510740532913482,1 payer → 1.00M in; no outgoing transfers although depth 3 was crawled; seed money in 1k,terminal_observed,,3,False
100000004670388100,peripheral,0.0,1,0.42316555620325025,"160k in, 720k out (449%); 100% forwarded within 2 days, but most outflow comes from outside the graph; seed money in 3k; flags round_amounts,burst",weak_signal,transit,3,False
100000004097972100,peripheral,0.5666666666666667,1,0.49952694076862597,1 payer / 2 recipients; 10k out; no role rule met; seed money in 2k,weak_signal,,3,False
100000000481716100,terminal,0.9,5,0.512783495045136,1 payer → 8k in; no outgoing transfers although depth 3 was crawled; seed money in 2k,terminal_observed,,3,False
100000005089460100,terminal,0.9,6,0.300111137139962,1 payer → 12k in; no outgoing transfers although depth 3 was crawled; seed money in 9,terminal_observed,,3,False
100000003105929100,peripheral,0.5450244082995203,7,0.4529247045876758,1 payer / 1 recipient; 156k out; no role rule met; seed money in 602,weak_signal,,3,False
100000008379273100,transit,0.861111111111111,5,0.5969989340277589,"36k in from 2, 38k out to 4 (106%); 0% forwarded within 2 days; seed money in 185",transit,,3,False
100000005357705100,peripheral,0.0,1,0.39592606111453127,"53k in, 387k out (736%); 100% forwarded within 2 days, but most outflow comes from outside the graph; seed money in 706; flags burst",weak_signal,transit,3,False
100000003111305100,terminal,0.9,3,0.542338347216396,4 payers → 509k in; no outgoing transfers although depth 3 was crawled; seed money in 3k,terminal_observed,,3,False
100000008503177100,terminal,0.9,1,0.4768273615280268,1 payer → 34k in; no outgoing transfers although depth 3 was crawled; seed money in 456,terminal_observed,,3,False
100000000955529100,peripheral,0.7833333333333333,8,0.43129200557138475,1 payer / 1 recipient; 64k out; no role rule met; seed money in 209,weak_signal,,3,False
100000008695689100,terminal,0.9,6,0.31332229225799074,1 payer → 26k in; no outgoing transfers although depth 3 was crawled; seed money in 19,terminal_observed,,3,False
100000004184158100,terminal,0.9,11,0.5114215202906999,1 payer → 204k in; no outgoing transfers although depth 3 was crawled; seed money in 1k,terminal_observed,,3,False
100000005475379100,peripheral,0.06570083971578855,4,0.464410691683419,1 payer / 3 recipients; 81k out; no role rule met; seed money in 4k,weak_signal,,3,False
100000003093299100,terminal,0.9,1,0.3870732252106976,1 payer → 15k in; no outgoing transfers although depth 3 was crawled; seed money in 13,terminal_observed,,3,False
100000008767027100,terminal,0.9,3,0.420577804169822,1 payer → 5k in; no outgoing transfers although depth 3 was crawled; seed money in 26,terminal_observed,,3,False
100000004539443100,terminal,0.9,8,0.6493214641773402,2 payers → 62k in; no outgoing transfers although depth 3 was crawled; seed money in 48k,terminal_observed,,3,False
100000007863304100,terminal,0.9,7,0.4053236869201393,1 payer → 25k in; no outgoing transfers although depth 3 was crawled; seed money in 35,terminal_observed,,3,False
100000004959752100,terminal,0.9,13,0.594161486622684,1 payer → 22k in; no outgoing transfers although depth 3 was crawled; seed money in 10k,terminal_observed,,3,False
100000002214664100,peripheral,0.0,6,0.17664812565034296,"8k in, 77k out (968%); 100% forwarded within 2 days, but most outflow comes from outside the graph; seed money in 6",weak_signal,transit,3,False
100000008192264100,transit,1.0,7,0.5853313502980909,"163k in from 1, 188k out to 1 (115%); 100% forwarded within 2 days; seed money in 228",transit,,3,False
100000000942301100,terminal,0.9,1,0.5007981172060996,1 payer → 58k in; no outgoing transfers although depth 3 was crawled; seed money in 994,terminal_observed,,3,False
100000002578653100,terminal,0.9,4,0.4907195040232735,1 payer → 20k in; no outgoing transfers although depth 3 was crawled; seed money in 692,terminal_observed,,3,False
100000002511581100,terminal,0.9,6,0.306512418485811,1 payer → 18k in; no outgoing transfers although depth 3 was crawled; seed money in 13,terminal_observed,,3,False
100000005610717100,peripheral,0.08276573787409702,1,0.43787488355115844,4 payers / 1 recipient; 265k out; no role rule met; seed money in 4k,weak_signal,,3,False
100000005704413100,distributor,1.0,5,0.7417341752153283,pays 32 recipients 1.36M; from 3 payers; 100% passed on within 2 days; seed money in 4k,distributor,transit,3,False
100000000976943100,transit,0.5,4,0.5359824650290282,"70k in from 1, 84k out to 1 (120%); 16% forwarded within 2 days; seed money in 3k",transit,,3,False
100000008708061100,terminal,0.9,6,0.29629760782754133,1 payer → 9k in; no outgoing transfers although depth 3 was crawled; seed money in 6,terminal_observed,,3,False
100000003986141100,terminal,0.9,1,0.39456408636009527,1 payer → 5k in; no outgoing transfers although depth 3 was crawled; seed money in 20,terminal_observed,,3,False
100000005037490100,transit,0.9333333333333333,8,0.578816571056039,"15k in from 1, 30k out to 2 (200%); 93% forwarded within 2 days; seed money in 205",transit,,3,False
100000004257714100,terminal,0.9,6,0.3266696448514631,1 payer → 52k in; no outgoing transfers although depth 3 was crawled; seed money in 38,terminal_observed,,3,False
100000000569479100,terminal,0.9,14,0.5379800280022009,1 payer → 320k in; no outgoing transfers although depth 3 was crawled; seed money in 5k,terminal_observed,,3,False
100000007303047100,terminal,0.9,6,0.3268058423269067,1 payer → 52k in; no outgoing transfers although depth 3 was crawled; seed money in 38,terminal_observed,,3,False
100000008708743100,terminal,0.9,6,0.30297128412427754,1 payer → 16k in; no outgoing transfers although depth 3 was crawled; seed money in 11,terminal_observed,,3,False
100000008745863100,terminal,0.9,6,0.30991735537190085,1 payer → 23k in; no outgoing transfers although depth 3 was crawled; seed money in 17,terminal_observed,,3,False
100000005048668100,peripheral,0.0,4,0.33504578959124415,"17k in, 159k out (956%); 61% forwarded within 2 days, but most outflow comes from outside the graph; seed money in 87",weak_signal,transit,3,False
100000006522972100,terminal,0.9,4,0.414176522823973,1 payer → 10k in; no outgoing transfers although depth 3 was crawled; seed money in 58,terminal_observed,,3,False
100000008759857100,peripheral,0.5666666666666667,3,0.38682352983905094,1 payer / 2 recipients; 994k out; no role rule met; seed money in 26,weak_signal,,3,False
100000005342513100,peripheral,0.7446808510638299,17,0.30426516014099164,1 payer / 1 recipient; 30k out; no role rule met; seed money in 3k,weak_signal,,3,False
100000004750897100,terminal,0.9,2,0.4613008493274569,1 payer → 10k in; no outgoing transfers although depth 3 was crawled; seed money in 294,terminal_observed,,3,False
100000001140785100,terminal,0.9,3,0.42793246784377614,2 payers → 215k in; no outgoing transfers although depth 3 was crawled; seed money in 61,terminal_observed,,3,False
100000002821425100,terminal,0.9,10,0.34444341539685225,1 payer → 275k in; no outgoing transfers although depth 3 was crawled; seed money in 88,terminal_observed,,3,False
100000003221510100,peripheral,0.5666666666666667,1,0.3765406204430595,1 payer / 2 recipients; 120k out; no role rule met; seed money in 21,weak_signal,,3,False
100000003031003100,terminal,0.9,3,0.45884929476947217,3 payers → 280k in; no outgoing transfers although depth 3 was crawled; seed money in 148,terminal_observed,,3,False
100000003060187100,terminal,0.9,11,0.49044710907238626,1 payer → 93k in; no outgoing transfers although depth 3 was crawled; seed money in 690,terminal_observed,,3,False
100000008718811100,terminal,0.9,6,0.3322537413446505,1 payer → 73k in; no outgoing transfers although depth 3 was crawled; seed money in 53,terminal_observed,,3,False
100000008043184100,terminal,0.9,14,0.43433374918962503,1 payer → 51k in; no outgoing transfers although depth 3 was crawled; seed money in 133,terminal_observed,,3,False
100000002530224100,terminal,0.9,3,0.45762351749047986,1 payer → 113k in; no outgoing transfers although depth 3 was crawled; seed money in 142,terminal_observed,,3,False
100000008754608100,terminal,0.9,6,0.300111137139962,1 payer → 12k in; no outgoing transfers although depth 3 was crawled; seed money in 9,terminal_observed,,3,False
100000006989232100,terminal,0.9,11,0.43910066083015087,1 payer → 22k in; no outgoing transfers although depth 3 was crawled; seed money in 159,terminal_observed,,3,False
100000006532229100,terminal,0.9,3,0.4260257031875658,1 payer → 105k in; no outgoing transfers although depth 3 was crawled; seed money in 55,terminal_observed,,3,False
100000005661829100,transit,0.8941518920349298,11,0.5803601424443997,"38k in from 1, 40k out to 2 (107%); 89% forwarded within 2 days; seed money in 280; flags burst",transit,,3,False
100000004553349100,terminal,0.9,4,0.4096820061343343,1 payer → 8k in; no outgoing transfers although depth 3 was crawled; seed money in 47,terminal_observed,,3,False
100000002945626100,terminal,0.9,3,0.5235430956051799,3 payers → 584k in; no outgoing transfers although depth 3 was crawled; seed money in 1k,terminal_observed,,3,False
100000008775471100,terminal,0.9,3,0.447817299258541,1 payer → 580k in; no outgoing transfers although depth 3 was crawled; seed money in 137,terminal_observed,,3,False
100000000404740100,peripheral,0.4,23,0.3224475231127116,depth-4 sink: 1 payer → 25k in; outgoing transfers not in data; P(forwards) = 0.39; seed money in 660,truncated_unknown,,4,False
100000004268036100,peripheral,0.4,10,0.1190365935377022,depth-4 sink: 1 payer → 6k in; outgoing transfers not in data; P(forwards) = 0.31; seed money in 0,truncated_unknown,,4,False
100000001256409100,peripheral,0.4,13,0.243248691142261,depth-4 sink: 1 payer → 8k in; outgoing transfers not in data; P(forwards) = 0.40; seed money in 670,truncated_unknown,,4,False
100000005360814100,peripheral,0.4,13,0.26429120109829646,depth-4 sink: 1 payer → 144k in; outgoing transfers not in data; P(forwards) = 0.54; seed money in 118,truncated_unknown,,4,False
100000002369454100,peripheral,0.4,1,0.3483250434469947,depth-4 sink: 1 payer → 25k in; outgoing transfers not in data; P(forwards) = 0.35; seed money in 2k,truncated_unknown,,4,False
100000004272302100,peripheral,0.4,4,0.23895847066578776,depth-4 sink: 1 payer → 10k in; outgoing transfers not in data; P(forwards) = 0.48; seed money in 35,truncated_unknown,,4,False
100000008727982100,peripheral,0.4,3,0.23957135930528395,depth-4 sink: 1 payer → 30k in; outgoing transfers not in data; P(forwards) = 0.53; seed money in 603,truncated_unknown,,4,False
100000000600707100,peripheral,0.4,18,0.29854486617236065,depth-4 sink: 1 payer → 89k in; outgoing transfers not in data; P(forwards) = 0.49; seed money in 6k,truncated_unknown,,4,False
100000004500781100,peripheral,0.4,15,0.30460565382960064,"depth-4 sink: 1 payer → 74k in; P(forwards) = 0.67, request hop 5; seed money in 376",truncated_likely_forwarding,,4,False
100000008703533100,terminal,0.713293222409656,3,0.2513751405103955,"depth-4 sink: 1 payer → 75k in; P(forwards) = 0.29, likely end recipient; seed money in 1",terminal_inferred,,4,False
100000004549591100,peripheral,0.4,31,0.3238094978671475,depth-4 sink: 1 payer → 49k in; outgoing transfers not in data; P(forwards) = 0.39; seed money in 673,truncated_unknown,,4,False
100000002700161100,peripheral,0.4,8,0.4021911449849366,depth-4 sink: 1 payer → 39k in; outgoing transfers not in data; P(forwards) = 0.37; seed money in 5k,truncated_unknown,,4,False
100000003134550100,peripheral,0.4,3,0.21607729479126378,depth-4 sink: 1 payer → 100k in; outgoing transfers not in data; P(forwards) = 0.32; seed money in 1,truncated_unknown,,4,False
100000001957974100,peripheral,0.4,15,0.25108004598026773,depth-4 sink: 1 payer → 500k in; outgoing transfers not in data; P(forwards) = 0.33; seed money in 67,truncated_unknown,,4,False
100000001246806100,peripheral,0.4,3,0.2886705492027,depth-4 sink: 1 payer → 130k in; outgoing transfers not in data; P(forwards) = 0.40; seed money in 126,truncated_unknown,,4,False
100000003622955100,peripheral,0.4,13,0.44332278256890234,depth-4 sink: 1 payer → 15k in; outgoing transfers not in data; P(forwards) = 0.39; seed money in 15k,truncated_unknown,,4,False
100000003692843100,peripheral,0.4,2,0.3274868297041246,depth-4 sink: 1 payer → 510k in; outgoing transfers not in data; P(forwards) = 0.58; seed money in 735,truncated_unknown,,4,False
100000008629504100,peripheral,0.4,11,0.21131038315073794,depth-4 sink: 1 payer → 20k in; outgoing transfers not in data; P(forwards) = 0.43; seed money in 7,truncated_unknown,,4,False
100000005621418100,peripheral,0.4,24,0.27191825972313777,depth-4 sink: 1 payer → 30k in; outgoing transfers not in data; P(forwards) = 0.37; seed money in 150,truncated_unknown,,4,False
100000004167082100,peripheral,0.4,4,0.2698752975914838,depth-4 sink: 1 payer → 13k in; outgoing transfers not in data; P(forwards) = 0.38; seed money in 142,truncated_unknown,,4,False
100000004379306100,peripheral,0.4,1,0.2918030911379027,depth-4 sink: 1 payer → 15k in; outgoing transfers not in data; P(forwards) = 0.40; seed money in 268,truncated_unknown,,4,False
100000004856746100,peripheral,0.4,21,0.28676378454648965,depth-4 sink: 1 payer → 20k in; outgoing transfers not in data; P(forwards) = 0.43; seed money in 239,truncated_unknown,,4,False
100000004891562100,terminal,0.7559632881923544,10,0.1707462350477872,"depth-4 sink: 1 payer → 103k in; P(forwards) = 0.24, likely end recipient; seed money in 5",terminal_inferred,,4,False
100000007042175100,peripheral,0.4,1,0.29016872143257955,depth-4 sink: 1 payer → 60k in; outgoing transfers not in data; P(forwards) = 0.40; seed money in 258,truncated_unknown,,4,False
100000002670463100,terminal,0.7320058456583478,10,0.1639136616963668,"depth-4 sink: 1 payer → 32k in; P(forwards) = 0.27, likely end recipient; seed money in 2",terminal_inferred,,4,False
100000005567828100,terminal,0.755764048139004,5,0.3359310731816275,"depth-4 sink: 1 payer → 94k in; P(forwards) = 0.24, likely end recipient; seed money in 290",terminal_inferred,,4,False
100000004200745100,peripheral,0.4,2,0.41165686952826647,"depth-4 sink: 1 payer → 130k in; P(forwards) = 0.66, request hop 5; seed money in 8k",truncated_likely_forwarding,,4,False
100000003989033100,peripheral,0.4,10,0.20810974247781347,"depth-4 sink: 1 payer → 373k in; P(forwards) = 0.94, request hop 5; seed money in 246",truncated_likely_forwarding,,4,False
100000005146665100,peripheral,0.4,15,0.19932500531170155,depth-4 sink: 1 payer → 6k in; outgoing transfers not in data; P(forwards) = 0.45; seed money in 0,truncated_unknown,,4,False
100000003096787100,terminal,0.7200537905409441,5,0.28317725102647495,"depth-4 sink: 1 payer → 16k in; P(forwards) = 0.28, likely end recipient; seed money in 51",terminal_inferred,,4,False
100000003074515100,terminal,0.7640148233134282,3,0.31302719772786297,"depth-4 sink: 1 payer → 105k in; P(forwards) = 0.24, likely end recipient; seed money in 92",terminal_inferred,,4,False
100000004377043100,peripheral,0.4,21,0.2689219152633787,depth-4 sink: 1 payer → 6k in; outgoing transfers not in data; P(forwards) = 0.39; seed money in 138,truncated_unknown,,4,False
100000008680061100,peripheral,0.4,4,0.3253076700970271,depth-4 sink: 1 payer → 41k in; outgoing transfers not in data; P(forwards) = 0.42; seed money in 703,truncated_unknown,,4,False
100000008471634100,peripheral,0.4,23,0.3992628992628993,depth-4 sink: 1 payer → 20k in; outgoing transfers not in data; P(forwards) = 0.42; seed money in 10k,truncated_unknown,,4,False
100000002119762100,peripheral,0.4,7,0.24427017220808797,"depth-4 sink: 1 payer → 77k in; P(forwards) = 0.71, request hop 5; seed money in 48; flags burst,near_threshold",truncated_likely_forwarding,,4,False
100000008628818100,terminal,0.7416645009556327,5,0.3108026389622842,"depth-4 sink: 1 payer → 46k in; P(forwards) = 0.26, likely end recipient; seed money in 143",terminal_inferred,,4,False
100000007510567100,terminal,0.7440084255260244,5,0.31466156743318613,"depth-4 sink: 1 payer → 52k in; P(forwards) = 0.26, likely end recipient; seed money in 160",terminal_inferred,,4,False
100000004780327100,terminal,0.7114925692895429,10,0.15767127740520204,"depth-4 sink: 1 payer → 12k in; P(forwards) = 0.29, likely end recipient; seed money in 1",terminal_inferred,,4,False
100000008376785100,peripheral,0.4,7,0.27491460418289687,depth-4 sink: 1 payer → 234k in; outgoing transfers not in data; P(forwards) = 0.44; seed money in 163,truncated_unknown,,4,False
100000005745873100,peripheral,0.4,1,0.2040919169522274,depth-4 sink: 1 payer → 223k in; outgoing transfers not in data; P(forwards) = 0.32; seed money in 1,truncated_unknown,,4,False
100000002594214100,peripheral,0.4,7,0.26742374303349914,depth-4 sink: 1 payer → 1.00M in; outgoing transfers not in data; P(forwards) = 0.32; seed money in 127,truncated_unknown,,4,False
100000001299323100,terminal,0.7647278027656061,3,0.31463886785394546,"depth-4 sink: 1 payer → 109k in; P(forwards) = 0.24, likely end recipient; seed money in 96",terminal_inferred,,4,False
100000003838587100,peripheral,0.4,15,0.27314403700213014,depth-4 sink: 1 payer → 6k in; outgoing transfers not in data; P(forwards) = 0.41; seed money in 157,truncated_unknown,,4,False
100000000673915100,peripheral,0.4,7,0.204228114427671,depth-4 sink: 1 payer → 20k in; outgoing transfers not in data; P(forwards) = 0.37; seed money in 1,truncated_unknown,,4,False
100000003061115100,peripheral,0.4,1,0.3070572083875853,depth-4 sink: 1 payer → 45k in; outgoing transfers not in data; P(forwards) = 0.39; seed money in 413,truncated_unknown,,4,False
100000004326224100,peripheral,0.4,7,0.2983405699591952,depth-4 sink: 1 payer → 60k in; outgoing transfers not in data; P(forwards) = 0.40; seed money in 319,truncated_unknown,,4,False
100000004988240100,peripheral,0.4,1,0.2316038069918336,depth-4 sink: 1 payer → 20k in; outgoing transfers not in data; P(forwards) = 0.43; seed money in 24,truncated_unknown,,4,False
100000008525136100,peripheral,0.4,4,0.23868607571490058,depth-4 sink: 1 payer → 14k in; outgoing transfers not in data; P(forwards) = 0.31; seed money in 35,truncated_unknown,,4,False
100000001991973100,terminal,0.7232980384503754,10,0.16214309451560008,"depth-4 sink: 1 payer → 21k in; P(forwards) = 0.28, likely end recipient; seed money in 1",terminal_inferred,,4,False
100000004569637100,peripheral,0.4,1,0.350912795480423,depth-4 sink: 1 payer → 6k in; outgoing transfers not in data; P(forwards) = 0.41; seed money in 2k,truncated_unknown,,4,False
100000008675322100,peripheral,0.4,7,0.22779027767941298,"depth-4 sink: 1 payer → 340k in; P(forwards) = 0.61, request hop 5; seed money in 19",truncated_likely_forwarding,,4,False
100000004235471100,peripheral,0.4,7,0.2634740162456349,depth-4 sink: 1 payer → 180k in; outgoing transfers not in data; P(forwards) = 0.36; seed money in 116,truncated_unknown,,4,False
100000003194831100,peripheral,0.4,10,0.1280256269169795,depth-4 sink: 1 payer → 6k in; outgoing transfers not in data; P(forwards) = 0.46; seed money in 4,truncated_unknown,,4,False
100000008588665100,peripheral,0.4,1,0.3423323545274765,depth-4 sink: 1 payer → 25k in; outgoing transfers not in data; P(forwards) = 0.33; seed money in 1k,truncated_unknown,,4,False
100000003230329100,terminal,0.7305060399677509,3,0.3113928280225398,"depth-4 sink: 1 payer → 110k in; P(forwards) = 0.27, likely end recipient; seed money in 96",terminal_inferred,,4,False
100000002217806100,peripheral,0.4,31,0.32816781708134257,depth-4 sink: 1 payer → 55k in; outgoing transfers not in data; P(forwards) = 0.59; seed money in 755,truncated_unknown,,4,False
100000004041294100,peripheral,0.4,23,0.2234319584652179,depth-4 sink: 1 payer → 18k in; outgoing transfers not in data; P(forwards) = 0.46; seed money in 16,truncated_unknown,,4,False
100000008583971100,peripheral,0.30000000000000004,11,0.17794200166705712,"depth-4 sink: 2 payers → 51k in; P(forwards) = 0.65, request hop 5; seed money in 17",truncated_likely_forwarding,,4,False
100000008251939100,terminal,0.7407908267357008,5,0.30882777556835206,"depth-4 sink: 1 payer → 44k in; P(forwards) = 0.26, likely end recipient; seed money in 137",terminal_inferred,,4,False
100000004049912100,peripheral,0.4,11,0.26088626421220656,depth-4 sink: 1 payer → 10k in; outgoing transfers not in data; P(forwards) = 0.40; seed money in 103,truncated_unknown,,4,False
100000002227960100,peripheral,0.4,16,0.2743698142811225,depth-4 sink: 1 payer → 10k in; outgoing transfers not in data; P(forwards) = 0.43; seed money in 161,truncated_unknown,,4,False
100000008677368100,peripheral,0.4,4,0.2920754860887899,depth-4 sink: 1 payer → 14k in; outgoing transfers not in data; P(forwards) = 0.40; seed money in 272,truncated_unknown,,4,False
100000008631800100,terminal,0.7129776138006867,10,0.1583068656239388,"depth-4 sink: 1 payer → 13k in; P(forwards) = 0.29, likely end recipient; seed money in 1",terminal_inferred,,4,False
100000003220685100,peripheral,0.4,7,0.3111431326508932,depth-4 sink: 1 payer → 1.31M in; outgoing transfers not in data; P(forwards) = 0.45; seed money in 457,truncated_unknown,,4,False
100000003072205100,peripheral,0.30000000000000004,3,0.19060836688331145,depth-4 sink: 2 payers → 163k in; outgoing transfers not in data; P(forwards) = 0.33; seed money in 16,truncated_unknown,,4,False
100000001202637100,peripheral,0.4,5,0.34778025354522035,depth-4 sink: 1 payer → 10k in; outgoing transfers not in data; P(forwards) = 0.44; seed money in 710,truncated_unknown,,4,False
100000002835874100,terminal,0.7527338541405887,3,0.3001565362984432,"depth-4 sink: 1 payer → 59k in; P(forwards) = 0.25, likely end recipient; seed money in 51",terminal_inferred,,4,False
100000002707106100,peripheral,0.4,15,0.20559008918210694,depth-4 sink: 1 payer → 15k in; outgoing transfers not in data; P(forwards) = 0.53; seed money in 2,truncated_unknown,,4,False
100000008343415100,peripheral,0.4,13,0.32176653573549363,depth-4 sink: 1 payer → 100k in; outgoing transfers not in data; P(forwards) = 0.46; seed money in 655,truncated_unknown,,4,False
100000004981068100,peripheral,0.4,4,0.3169996240949678,depth-4 sink: 1 payer → 10k in; outgoing transfers not in data; P(forwards) = 0.41; seed money in 537,truncated_unknown,,4,False
100000004241142100,peripheral,0.4,1,0.23432775650070553,depth-4 sink: 1 payer → 27k in; outgoing transfers not in data; P(forwards) = 0.38; seed money in 28,truncated_unknown,,4,False
100000008190411100,peripheral,0.4,3,0.2155325048894894,"depth-4 sink: 1 payer → 198k in; P(forwards) = 0.91, request hop 5; seed money in 10",truncated_likely_forwarding,,4,False
100000008699083100,terminal,0.7221918953228591,3,0.25512057108509434,"depth-4 sink: 1 payer → 238k in; P(forwards) = 0.28, likely end recipient; seed money in 1",terminal_inferred,,4,False
100000008136608100,peripheral,0.4,5,0.33184514891831973,depth-4 sink: 1 payer → 170k in; outgoing transfers not in data; P(forwards) = 0.39; seed money in 864,truncated_unknown,,4,False
100000008695157100,peripheral,0.4,13,0.28077109562697145,depth-4 sink: 1 payer → 426k in; outgoing transfers not in data; P(forwards) = 0.54; seed money in 200,truncated_unknown,,4,False
100000000369781100,peripheral,0.4,7,0.27981771329886634,depth-4 sink: 1 payer → 5k in; outgoing transfers not in data; P(forwards) = 0.41; seed money in 197,truncated_unknown,,4,False
100000003133045100,peripheral,0.4,3,0.2069520639365429,depth-4 sink: 1 payer → 68k in; outgoing transfers not in data; P(forwards) = 0.36; seed money in 3,truncated_unknown,,4,False
100000002474570100,peripheral,0.4,10,0.11985377839036378,depth-4 sink: 1 payer → 7k in; outgoing transfers not in data; P(forwards) = 0.30; seed money in 0,truncated_unknown,,4,False
100000002514975100,peripheral,0.4,24,0.2377326933867954,depth-4 sink: 1 payer → 18k in; outgoing transfers not in data; P(forwards) = 0.41; seed money in 33,truncated_unknown,,4,False
100000001089055100,peripheral,0.4,14,0.30079212451717996,depth-4 sink: 1 payer → 13k in; outgoing transfers not in data; P(forwards) = 0.33; seed money in 337,truncated_unknown,,4,False
100000000608031100,peripheral,0.4,14,0.27682136883910724,depth-4 sink: 1 payer → 30k in; outgoing transfers not in data; P(forwards) = 0.42; seed money in 181,truncated_unknown,,4,False
100000002659103100,peripheral,0.4,34,0.27614038146188924,depth-4 sink: 1 payer → 165k in; outgoing transfers not in data; P(forwards) = 0.33; seed money in 173,truncated_unknown,,4,False
100000000733940100,peripheral,0.4,30,0.30229029674705954,depth-4 sink: 1 payer → 752k in; outgoing transfers not in data; P(forwards) = 0.54; seed money in 351,truncated_unknown,,4,False
100000001537524100,peripheral,0.4,3,0.2148515175122714,depth-4 sink: 1 payer → 150k in; outgoing transfers not in data; P(forwards) = 0.33; seed money in 1,truncated_unknown,,4,False
100000002971593100,peripheral,0.4,7,0.25693653742434236,depth-4 sink: 1 payer → 49k in; outgoing transfers not in data; P(forwards) = 0.37; seed money in 91,truncated_unknown,,4,False
100000006918814100,peripheral,0.4,4,0.20885882859275323,depth-4 sink: 1 payer → 20k in; outgoing transfers not in data; P(forwards) = 0.48; seed money in 5,truncated_unknown,,4,False
100000007381662100,peripheral,0.4,4,0.20613487908388134,depth-4 sink: 1 payer → 11k in; outgoing transfers not in data; P(forwards) = 0.34; seed money in 2,truncated_unknown,,4,False
100000003199390100,peripheral,0.4,7,0.27545939408467124,depth-4 sink: 1 payer → 260k in; outgoing transfers not in data; P(forwards) = 0.35; seed money in 168,truncated_unknown,,4,False
100000007749747100,peripheral,0.4,3,0.29275647346600786,depth-4 sink: 1 payer → 50k in; outgoing transfers not in data; P(forwards) = 0.37; seed money in 193,truncated_unknown,,4,False
100000003447411100,peripheral,0.4,8,0.23133141204094645,depth-4 sink: 1 payer → 302k in; outgoing transfers not in data; P(forwards) = 0.52; seed money in 24,truncated_unknown,,4,False
100000000500040100,peripheral,0.4,4,0.20817784121553523,depth-4 sink: 1 payer → 20k in; outgoing transfers not in data; P(forwards) = 0.37; seed money in 4,truncated_unknown,,4,False
100000008551752100,peripheral,0.4,1,0.20531769423121973,depth-4 sink: 1 payer → 406k in; outgoing transfers not in data; P(forwards) = 0.45; seed money in 2,truncated_unknown,,4,False
100000002876914100,terminal,0.7114925692895429,10,0.15767127740520204,"depth-4 sink: 1 payer → 12k in; P(forwards) = 0.29, likely end recipient; seed money in 1",terminal_inferred,,4,False
100000004571634100,peripheral,0.4,4,0.3473716611188895,depth-4 sink: 1 payer → 20k in; outgoing transfers not in data; P(forwards) = 0.39; seed money in 965,truncated_unknown,,4,False
100000004610802100,peripheral,0.4,4,0.27300783952668656,"depth-4 sink: 1 payer → 241k in; P(forwards) = 0.96, request hop 5; seed money in 156; flags near_threshold",truncated_likely_forwarding,,4,False
100000001311175100,peripheral,0.4,10,0.19428569872028853,depth-4 sink: 1 payer → 300k in; outgoing transfers not in data; P(forwards) = 0.34; seed money in 150,truncated_unknown,,4,False
100000008740295100,terminal,0.7509008315278478,3,0.3452832998287544,"depth-4 sink: 1 payer → 300k in; P(forwards) = 0.25, likely end recipient; seed money in 263",terminal_inferred,,4,False
100000002596039100,terminal,0.7044038648777478,8,0.2655396779565294,"depth-4 sink: 1 payer → 280k in; P(forwards) = 0.30, likely end recipient; seed money in 22",terminal_inferred,,4,False
100000002126791100,peripheral,0.4,3,0.3611276061386926,depth-4 sink: 1 payer → 1.31M in; outgoing transfers not in data; P(forwards) = 0.54; seed money in 1k,truncated_unknown,,4,False
100000005783452100,peripheral,0.30000000000000004,3,0.220027021579128,depth-4 sink: 2 payers → 286k in; outgoing transfers not in data; P(forwards) = 0.30; seed money in 77,truncated_unknown,,4,False
100000006693788100,peripheral,0.4,11,0.3003835320908492,depth-4 sink: 1 payer → 11k in; outgoing transfers not in data; P(forwards) = 0.40; seed money in 332,truncated_unknown,,4,False
100000002832753100,peripheral,0.4,2,0.3009283219926236,depth-4 sink: 1 payer → 12k in; outgoing transfers not in data; P(forwards) = 0.41; seed money in 339,truncated_unknown,,4,False
100000002981489100,peripheral,0.4,7,0.21076559324896355,depth-4 sink: 1 payer → 10k in; outgoing transfers not in data; P(forwards) = 0.39; seed money in 7,truncated_unknown,,4,False
100000003084870100,peripheral,0.4,10,0.15710378792418705,depth-4 sink: 1 payer → 6k in; outgoing transfers not in data; P(forwards) = 0.38; seed money in 28,truncated_unknown,,4,False
100000002791494100,terminal,0.7539894794984913,5,0.33282123082566545,"depth-4 sink: 1 payer → 86k in; P(forwards) = 0.25, likely end recipient; seed money in 265",terminal_inferred,,4,False
100000003345947100,peripheral,0.4,13,0.28758096939915123,depth-4 sink: 1 payer → 80k in; outgoing transfers not in data; P(forwards) = 0.50; seed money in 243; flags burst,truncated_unknown,,4,False
100000002733083100,terminal,0.7184292361826242,5,0.2809526922608963,"depth-4 sink: 1 payer → 15k in; P(forwards) = 0.28, likely end recipient; seed money in 47",terminal_inferred,,4,False
100000003247600100,peripheral,0.4,4,0.35254716518574614,depth-4 sink: 1 payer → 58k in; outgoing transfers not in data; P(forwards) = 0.42; seed money in 2k,truncated_unknown,,4,False
100000001378288100,peripheral,0.4,13,0.2926202759905642,"depth-4 sink: 1 payer → 268k in; P(forwards) = 0.66, request hop 5; seed money in 279",truncated_likely_forwarding,,4,False
100000002305477100,peripheral,0.4,16,0.29888535986096965,depth-4 sink: 1 payer → 20k in; outgoing transfers not in data; P(forwards) = 0.41; seed money in 322,truncated_unknown,,4,False
100000006638021100,peripheral,0.30000000000000004,3,0.23923086561667495,depth-4 sink: 2 payers → 388k in; outgoing transfers not in data; P(forwards) = 0.47; seed money in 117,truncated_unknown,,4,False
100000008517061100,peripheral,0.4,15,0.28826195677636923,depth-4 sink: 1 payer → 1.84M in; outgoing transfers not in data; P(forwards) = 0.39; seed money in 247,truncated_unknown,,4,False
100000005910895100,peripheral,0.4,29,0.2998387421890748,depth-4 sink: 1 payer → 5k in; outgoing transfers not in data; P(forwards) = 0.43; seed money in 238,truncated_unknown,,4,False
100000002723439100,peripheral,0.4,29,0.33184514891831973,depth-4 sink: 1 payer → 18k in; outgoing transfers not in data; P(forwards) = 0.54; seed money in 588,truncated_unknown,,4,False
100000002320495100,peripheral,0.4,1,0.26633416322995035,depth-4 sink: 1 payer → 14k in; outgoing transfers not in data; P(forwards) = 0.40; seed money in 126,truncated_unknown,,4,False
100000002229615100,peripheral,0.4,16,0.3769265132901497,depth-4 sink: 1 payer → 25k in; outgoing transfers not in data; P(forwards) = 0.39; seed money in 5k,truncated_unknown,,4,False
100000008327791100,peripheral,0.4,14,0.29479943559766175,depth-4 sink: 1 payer → 11k in; outgoing transfers not in data; P(forwards) = 0.40; seed money in 292,truncated_unknown,,4,False
100000002208836100,peripheral,0.4,7,0.2746422092320097,depth-4 sink: 1 payer → 90k in; outgoing transfers not in data; P(forwards) = 0.37; seed money in 162,truncated_unknown,,4,False
100000001724740100,peripheral,0.4,3,0.30569523363314943,"depth-4 sink: 1 payer → 185k in; P(forwards) = 0.62, request hop 5; seed money in 227",truncated_likely_forwarding,,4,False
100000004386286100,peripheral,0.4,2,0.4270471842533927,depth-4 sink: 1 payer → 12k in; outgoing transfers not in data; P(forwards) = 0.38; seed money in 12k,truncated_unknown,,4,False
100000001714883100,peripheral,0.4,10,0.11998997586580736,depth-4 sink: 1 payer → 7k in; outgoing transfers not in data; P(forwards) = 0.30; seed money in 0,truncated_unknown,,4,False
100000008337304100,peripheral,0.4,1,0.279272923397092,depth-4 sink: 1 payer → 105k in; outgoing transfers not in data; P(forwards) = 0.40; seed money in 192,truncated_unknown,,4,False
100000000655469100,peripheral,0.4,16,0.3295297918357785,depth-4 sink: 1 payer → 20k in; outgoing transfers not in data; P(forwards) = 0.53; seed money in 801,truncated_unknown,,4,False
100000008722541100,peripheral,0.4,7,0.27654897388822003,"depth-4 sink: 1 payer → 280k in; P(forwards) = 0.62, request hop 5; seed money in 181",truncated_likely_forwarding,,4,False
100000004222274100,peripheral,0.4,1,0.2431805924045392,depth-4 sink: 1 payer → 16k in; outgoing transfers not in data; P(forwards) = 0.39; seed money in 46,truncated_unknown,,4,False
100000006232642100,peripheral,0.4,7,0.335794875706184,"depth-4 sink: 1 payer → 456k in; P(forwards) = 0.61, request hop 5; seed money in 1k",truncated_likely_forwarding,,4,False
100000004066370100,peripheral,0.4,18,0.30086022325490175,depth-4 sink: 1 payer → 65k in; outgoing transfers not in data; P(forwards) = 0.54; seed money in 6k,truncated_unknown,,4,False
100000005685783100,peripheral,0.4,6,0.14668468105275204,depth-4 sink: 1 payer → 26k in; outgoing transfers not in data; P(forwards) = 0.39; seed money in 19,truncated_unknown,,4,False
100000006171671100,peripheral,0.4,1,0.21308095033150468,depth-4 sink: 1 payer → 10k in; outgoing transfers not in data; P(forwards) = 0.46; seed money in 9,truncated_unknown,,4,False
100000003481025100,peripheral,0.4,1,0.21090179072440715,depth-4 sink: 1 payer → 9k in; outgoing transfers not in data; P(forwards) = 0.42; seed money in 7,truncated_unknown,,4,False
100000003646145100,peripheral,0.4,18,0.3728405890268418,depth-4 sink: 1 payer → 5k in; outgoing transfers not in data; P(forwards) = 0.39; seed money in 3k,truncated_unknown,,4,False
100000002659265100,terminal,0.700731647673037,3,0.2501266636521626,"depth-4 sink: 1 payer → 141k in; P(forwards) = 0.30, likely end recipient; seed money in 1",terminal_inferred,,4,False
100000003289281100,peripheral,0.4,11,0.37869708047091644,depth-4 sink: 1 payer → 40k in; outgoing transfers not in data; P(forwards) = 0.46; seed money in 6k,truncated_unknown,,4,False
100000004840086100,peripheral,0.4,11,0.3355224807552967,depth-4 sink: 1 payer → 100k in; outgoing transfers not in data; P(forwards) = 0.44; seed money in 1000,truncated_unknown,,4,False
100000008554390100,terminal,0.7148310986895505,10,0.1586700588917884,"depth-4 sink: 1 payer → 14k in; P(forwards) = 0.29, likely end recipient; seed money in 1",terminal_inferred,,4,False
100000004691350100,peripheral,0.4,1,0.3800590552253524,depth-4 sink: 1 payer → 13k in; outgoing transfers not in data; P(forwards) = 0.39; seed money in 6k,truncated_unknown,,4,False
100000004652395100,peripheral,0.19999999999999996,4,0.232262094789811,depth-4 sink: 3 payers → 102k in; outgoing transfers not in data; P(forwards) = 0.45; seed money in 211; flags burst,truncated_unknown,,4,False
100000004979264100,peripheral,0.4,3,0.2855380072674973,depth-4 sink: 1 payer → 40k in; outgoing transfers not in data; P(forwards) = 0.34; seed money in 154,truncated_unknown,,4,False
100000008074304100,peripheral,0.4,7,0.2535316005382524,depth-4 sink: 1 payer → 6k in; outgoing transfers not in data; P(forwards) = 0.38; seed money in 78,truncated_unknown,,4,False
100000002227989100,peripheral,0.4,16,0.31482046448787027,depth-4 sink: 1 payer → 20k in; outgoing transfers not in data; P(forwards) = 0.42; seed money in 495,truncated_unknown,,4,False
100000003207060100,peripheral,0.4,1,0.35935703895792587,depth-4 sink: 1 payer → 53k in; outgoing transfers not in data; P(forwards) = 0.31; seed money in 3k,truncated_unknown,,4,False
100000004601193100,peripheral,0.4,4,0.37161481174784944,depth-4 sink: 1 payer → 84k in; outgoing transfers not in data; P(forwards) = 0.59; seed money in 3k,truncated_unknown,,4,False
100000004991593100,peripheral,0.4,4,0.23187620194272082,depth-4 sink: 1 payer → 45k in; outgoing transfers not in data; P(forwards) = 0.51; seed money in 25,truncated_unknown,,4,False
100000003128638100,peripheral,0.4,3,0.21784786197203052,depth-4 sink: 1 payer → 300k in; outgoing transfers not in data; P(forwards) = 0.32; seed money in 2,truncated_unknown,,4,False
100000005878334100,peripheral,0.4,13,0.31536525438964463,depth-4 sink: 1 payer → 76k in; outgoing transfers not in data; P(forwards) = 0.44; seed money in 501,truncated_unknown,,4,False
100000002878483100,peripheral,0.4,10,0.11971758091492017,depth-4 sink: 1 payer → 6k in; outgoing transfers not in data; P(forwards) = 0.30; seed money in 0,truncated_unknown,,4,False
100000000981693100,peripheral,0.4,1,0.2145791225613842,depth-4 sink: 1 payer → 16k in; outgoing transfers not in data; P(forwards) = 0.41; seed money in 9,truncated_unknown,,4,False
100000006416061100,peripheral,0.4,14,0.3291211994094478,depth-4 sink: 1 payer → 30k in; outgoing transfers not in data; P(forwards) = 0.37; seed money in 789,truncated_unknown,,4,False
100000008168850100,peripheral,0.4,7,0.2843122299885049,depth-4 sink: 1 payer → 188k in; outgoing transfers not in data; P(forwards) = 0.51; seed money in 228,truncated_unknown,,4,False
100000004747154100,peripheral,0.4,3,0.2068158664610993,depth-4 sink: 1 payer → 67k in; outgoing transfers not in data; P(forwards) = 0.36; seed money in 3,truncated_unknown,,4,False
100000008524903100,peripheral,0.4,1,0.2182564543983613,depth-4 sink: 1 payer → 15k in; outgoing transfers not in data; P(forwards) = 0.38; seed money in 12,truncated_unknown,,4,False
100000005049404100,peripheral,0.4,7,0.2501266636521626,depth-4 sink: 1 payer → 98k in; outgoing transfers not in data; P(forwards) = 0.48; seed money in 64,truncated_unknown,,4,False
100000002258492100,peripheral,0.4,20,0.32639724990057584,depth-4 sink: 1 payer → 9k in; outgoing transfers not in data; P(forwards) = 0.43; seed money in 474,truncated_unknown,,4,False
100000005497148100,peripheral,0.4,7,0.3013369144189543,depth-4 sink: 1 payer → 24k in; outgoing transfers not in data; P(forwards) = 0.48; seed money in 342,truncated_unknown,,4,False
100000004596284100,peripheral,0.4,2,0.3556797071209488,depth-4 sink: 1 payer → 30k in; outgoing transfers not in data; P(forwards) = 0.42; seed money in 2k,truncated_unknown,,4,False
100000007960337100,peripheral,0.4,8,0.22302336603888712,depth-4 sink: 1 payer → 36k in; outgoing transfers not in data; P(forwards) = 0.35; seed money in 15,truncated_unknown,,4,False
100000003180305100,peripheral,0.4,14,0.34982321567687424,depth-4 sink: 1 payer → 144k in; outgoing transfers not in data; P(forwards) = 0.31; seed money in 2k,truncated_unknown,,4,False
100000007653094100,peripheral,0.4,4,0.39980768916467363,depth-4 sink: 1 payer → 16k in; outgoing transfers not in data; P(forwards) = 0.36; seed money in 11k,truncated_unknown,,4,False
100000008175078100,peripheral,0.4,7,0.26143105411398093,"depth-4 sink: 1 payer → 1.85M in; P(forwards) = 0.88, request hop 5; seed money in 104",truncated_likely_forwarding,,4,False
100000004263867100,terminal,0.7052005071097449,10,0.1560596072791195,"depth-4 sink: 1 payer → 9k in; P(forwards) = 0.29, likely end recipient; seed money in 0",terminal_inferred,,4,False
100000002194320100,peripheral,0.4,2,0.3006559270417364,depth-4 sink: 1 payer → 275k in; outgoing transfers not in data; P(forwards) = 0.34; seed money in 332,truncated_unknown,,4,False
100000001222245100,peripheral,0.4,7,0.3378378378378379,"depth-4 sink: 1 payer → 420k in; P(forwards) = 0.77, request hop 5; seed money in 1k",truncated_likely_forwarding,,4,False
100000008151098100,peripheral,0.4,24,0.2573451298506731,depth-4 sink: 1 payer → 30k in; outgoing transfers not in data; P(forwards) = 0.38; seed money in 91,truncated_unknown,,4,False
100000008735802100,peripheral,0.4,1,0.225747315547759,depth-4 sink: 1 payer → 85k in; outgoing transfers not in data; P(forwards) = 0.50; seed money in 19,truncated_unknown,,4,False
100000004047887100,peripheral,0.4,7,0.20749685383831726,depth-4 sink: 1 payer → 30k in; outgoing transfers not in data; P(forwards) = 0.41; seed money in 4,truncated_unknown,,4,False
100000003146511100,peripheral,0.4,4,0.23609832368147227,depth-4 sink: 1 payer → 10k in; outgoing transfers not in data; P(forwards) = 0.46; seed money in 31,truncated_unknown,,4,False
100000007511780100,peripheral,0.4,4,0.3024264942225031,depth-4 sink: 1 payer → 155k in; outgoing transfers not in data; P(forwards) = 0.59; seed money in 353,truncated_unknown,,4,False
100000007867364100,peripheral,0.4,11,0.3091001705192393,depth-4 sink: 1 payer → 42k in; outgoing transfers not in data; P(forwards) = 0.33; seed money in 431,truncated_unknown,,4,False
100000006288612100,peripheral,0.4,12,0.2426358025027648,depth-4 sink: 1 payer → 31k in; outgoing transfers not in data; P(forwards) = 0.58; seed money in 44,truncated_unknown,,4,False
100000006735545100,peripheral,0.4,4,0.2065434715102121,depth-4 sink: 1 payer → 5k in; outgoing transfers not in data; P(forwards) = 0.39; seed money in 3,truncated_unknown,,4,False
100000004403641100,terminal,0.715132170161945,3,0.2521469262045759,"depth-4 sink: 1 payer → 172k in; P(forwards) = 0.28, likely end recipient; seed money in 1",terminal_inferred,,4,False
100000003370425100,peripheral,0.4,4,0.4070261553631842,depth-4 sink: 1 payer → 20k in; outgoing transfers not in data; P(forwards) = 0.40; seed money in 13k,truncated_unknown,,4,False
100000004350094100,peripheral,0.4,11,0.3594932364333695,depth-4 sink: 1 payer → 20k in; outgoing transfers not in data; P(forwards) = 0.48; seed money in 3k,truncated_unknown,,4,False
100000004911971100,peripheral,0.4,7,0.20545389170666334,depth-4 sink: 1 payer → 35k in; outgoing transfers not in data; P(forwards) = 0.58; seed money in 2,truncated_unknown,,4,False
100000001202787100,peripheral,0.30000000000000004,5,0.19169794668686022,depth-4 sink: 2 payers → 15k in; outgoing transfers not in data; P(forwards) = 0.60; seed money in 33,truncated_unknown,,4,False
100000008469048100,peripheral,0.4,1,0.36861846728809033,"depth-4 sink: 1 payer → 265k in; P(forwards) = 0.77, request hop 5; seed money in 4k",truncated_likely_forwarding,,4,False
100000002635746100,peripheral,0.4,10,0.11890039606225862,depth-4 sink: 1 payer → 5k in; outgoing transfers not in data; P(forwards) = 0.31; seed money in 0,truncated_unknown,,4,False
100000008321975100,peripheral,0.4,16,0.2862189946447153,depth-4 sink: 1 payer → 6k in; outgoing transfers not in data; P(forwards) = 0.42; seed money in 236,truncated_unknown,,4,False
100000003078839100,peripheral,0.4,1,0.2690581127388223,depth-4 sink: 1 payer → 14k in; outgoing transfers not in data; P(forwards) = 0.49; seed money in 138,truncated_unknown,,4,False
100000004006327100,peripheral,0.4,3,0.33470529590263515,"depth-4 sink: 1 payer → 300k in; P(forwards) = 0.64, request hop 5; seed money in 647",truncated_likely_forwarding,,4,False
100000007865484100,peripheral,0.4,1,0.2066796689856557,depth-4 sink: 1 payer → 585k in; outgoing transfers not in data; P(forwards) = 0.42; seed money in 3,truncated_unknown,,4,False
100000005367180100,peripheral,0.4,1,0.36848226981264676,depth-4 sink: 1 payer → 8k in; outgoing transfers not in data; P(forwards) = 0.40; seed money in 4k,truncated_unknown,,4,False
100000001669260100,peripheral,0.4,13,0.26068196799904114,depth-4 sink: 1 payer → 500k in; outgoing transfers not in data; P(forwards) = 0.36; seed money in 1k,truncated_unknown,,4,False
100000001297206100,peripheral,0.4,11,0.2562555500471243,depth-4 sink: 1 payer → 7k in; outgoing transfers not in data; P(forwards) = 0.39; seed money in 88,truncated_unknown,,4,False
100000002645046100,terminal,0.7114925692895429,10,0.15767127740520204,"depth-4 sink: 1 payer → 12k in; P(forwards) = 0.29, likely end recipient; seed money in 1",terminal_inferred,,4,False
100000006308406100,peripheral,0.4,16,0.36194479099135424,depth-4 sink: 1 payer → 183k in; outgoing transfers not in data; P(forwards) = 0.51; seed money in 3k,truncated_unknown,,4,False
100000002728246100,peripheral,0.4,7,0.3157738468159754,depth-4 sink: 1 payer → 10k in; outgoing transfers not in data; P(forwards) = 0.44; seed money in 510,truncated_unknown,,4,False
100000001590795100,peripheral,0.4,10,0.11862800111137142,depth-4 sink: 1 payer → 5k in; outgoing transfers not in data; P(forwards) = 0.31; seed money in 0,truncated_unknown,,4,False
100000006257675100,peripheral,0.4,16,0.34042558987126614,depth-4 sink: 1 payer → 70k in; outgoing transfers not in data; P(forwards) = 0.44; seed money in 1k,truncated_unknown,,4,False
100000002130400100,peripheral,0.4,18,0.24215911133871226,depth-4 sink: 1 payer → 10k in; outgoing transfers not in data; P(forwards) = 0.46; seed money in 659,truncated_unknown,,4,False
100000000557536100,peripheral,0.4,7,0.21280855538061746,"depth-4 sink: 1 payer → 153k in; P(forwards) = 0.80, request hop 5; seed money in 9",truncated_likely_forwarding,,4,False
100000002689717100,terminal,0.7421788682177425,5,0.31171062213190814,"depth-4 sink: 1 payer → 48k in; P(forwards) = 0.26, likely end recipient; seed money in 146",terminal_inferred,,4,False
100000005189258100,peripheral,0.4,4,0.3314365564919889,depth-4 sink: 1 payer → 50k in; outgoing transfers not in data; P(forwards) = 0.34; seed money in 851,truncated_unknown,,4,False
100000002748511100,peripheral,0.4,2,0.36126380361413624,depth-4 sink: 1 payer → 20k in; outgoing transfers not in data; P(forwards) = 0.38; seed money in 3k,truncated_unknown,,4,False
100000002371892100,peripheral,0.4,2,0.24999046617671897,depth-4 sink: 1 payer → 44k in; outgoing transfers not in data; P(forwards) = 0.41; seed money in 63,truncated_unknown,,4,False
100000008130868100,peripheral,0.4,10,0.14246255931400056,depth-4 sink: 1 payer → 23k in; outgoing transfers not in data; P(forwards) = 0.38; seed money in 15,truncated_unknown,,4,False
100000007153161100,peripheral,0.4,1,0.24236340755187763,depth-4 sink: 1 payer → 45k in; outgoing transfers not in data; P(forwards) = 0.37; seed money in 43,truncated_unknown,,4,False
100000002994441100,peripheral,0.4,1,0.3511851904313102,depth-4 sink: 1 payer → 5k in; outgoing transfers not in data; P(forwards) = 0.41; seed money in 2k,truncated_unknown,,4,False
100000001065481100,peripheral,0.4,8,0.25938809198232704,depth-4 sink: 1 payer → 16k in; outgoing transfers not in data; P(forwards) = 0.54; seed money in 97,truncated_unknown,,4,False
100000007731977100,peripheral,0.4,4,0.21621349226670736,depth-4 sink: 1 payer → 50k in; outgoing transfers not in data; P(forwards) = 0.34; seed money in 10,truncated_unknown,,4,False
100000003252446100,terminal,0.721241430765933,3,0.2543941845493952,"depth-4 sink: 1 payer → 109k in; P(forwards) = 0.28, likely end recipient; seed money in 1",terminal_inferred,,4,False
100000002671326100,peripheral,0.4,3,0.33715685046061994,depth-4 sink: 1 payer → 1.05M in; outgoing transfers not in data; P(forwards) = 0.52; seed money in 1k,truncated_unknown,,4,False
100000005087923100,peripheral,0.4,5,0.3295978905735004,depth-4 sink: 1 payer → 20k in; outgoing transfers not in data; P(forwards) = 0.41; seed money in 14k,truncated_unknown,,4,False
100000008770483100,peripheral,0.4,3,0.2265645004004206,depth-4 sink: 1 payer → 5k in; outgoing transfers not in data; P(forwards) = 0.47; seed money in 2,truncated_unknown,,4,False
100000002748040100,terminal,0.7220362158521288,5,0.2856515051637003,"depth-4 sink: 1 payer → 18k in; P(forwards) = 0.28, likely end recipient; seed money in 55",terminal_inferred,,4,False
100000004800648100,peripheral,0.4,12,0.2781833435935432,depth-4 sink: 1 payer → 131k in; outgoing transfers not in data; P(forwards) = 0.32; seed money in 188,truncated_unknown,,4,False
100000005025629100,peripheral,0.4,7,0.25053525607849336,depth-4 sink: 1 payer → 5k in; outgoing transfers not in data; P(forwards) = 0.39; seed money in 65,truncated_unknown,,4,False
100000000581682100,peripheral,0.4,21,0.2235681559406615,depth-4 sink: 1 payer → 5k in; outgoing transfers not in data; P(forwards) = 0.40; seed money in 16,truncated_unknown,,4,False
100000004976946100,peripheral,0.4,1,0.2043643119031146,depth-4 sink: 1 payer → 246k in; outgoing transfers not in data; P(forwards) = 0.31; seed money in 1,truncated_unknown,,4,False
100000000957746100,peripheral,0.4,14,0.2931650658923387,depth-4 sink: 1 payer → 5k in; outgoing transfers not in data; P(forwards) = 0.38; seed money in 281,truncated_unknown,,4,False
100000003001138100,peripheral,0.4,21,0.2588433020805527,depth-4 sink: 1 payer → 30k in; outgoing transfers not in data; P(forwards) = 0.40; seed money in 96,truncated_unknown,,4,False
100000001325618100,terminal,0.7059216864000954,10,0.15642280054696908,"depth-4 sink: 1 payer → 9k in; P(forwards) = 0.29, likely end recipient; seed money in 0",terminal_inferred,,4,False
100000003792647100,peripheral,0.4,1,0.3180892038985166,depth-4 sink: 1 payer → 8k in; outgoing transfers not in data; P(forwards) = 0.35; seed money in 577,truncated_unknown,,4,False
100000004107228100,peripheral,0.4,4,0.21689447964392533,depth-4 sink: 1 payer → 5k in; outgoing transfers not in data; P(forwards) = 0.43; seed money in 11,truncated_unknown,,4,False
100000003500764100,peripheral,0.4,14,0.340153194920379,depth-4 sink: 1 payer → 21k in; outgoing transfers not in data; P(forwards) = 0.35; seed money in 1k,truncated_unknown,,4,False
100000004261340100,peripheral,0.4,4,0.2946632381222182,depth-4 sink: 1 payer → 48k in; outgoing transfers not in data; P(forwards) = 0.58; seed money in 291,truncated_unknown,,4,False
100000008172721100,peripheral,0.4,1,0.2972509901556465,depth-4 sink: 1 payer → 168k in; outgoing transfers not in data; P(forwards) = 0.35; seed money in 306,truncated_unknown,,4,False
100000005079473100,peripheral,0.4,13,0.23677931105869024,depth-4 sink: 1 payer → 39k in; outgoing transfers not in data; P(forwards) = 0.36; seed money in 32,truncated_unknown,,4,False
100000004850609100,peripheral,0.4,4,0.20572628665755052,depth-4 sink: 1 payer → 10k in; outgoing transfers not in data; P(forwards) = 0.44; seed money in 2,truncated_unknown,,4,False
100000005042822100,peripheral,0.4,30,0.3119603175035548,depth-4 sink: 1 payer → 1.00M in; outgoing transfers not in data; P(forwards) = 0.38; seed money in 467,truncated_unknown,,4,False
100000002794374100,peripheral,0.4,3,0.23419155902526193,depth-4 sink: 1 payer → 111k in; outgoing transfers not in data; P(forwards) = 0.37; seed money in 8,truncated_unknown,,4,False
100000002860934100,peripheral,0.4,21,0.33238993882009404,"depth-4 sink: 1 payer → 280k in; P(forwards) = 0.70, request hop 5; seed money in 890",truncated_likely_forwarding,,4,False
100000003097947100,peripheral,0.4,1,0.25911569703143983,depth-4 sink: 1 payer → 53k in; outgoing transfers not in data; P(forwards) = 0.37; seed money in 96,truncated_unknown,,4,False
100000004260869100,peripheral,0.4,2,0.372431996600511,depth-4 sink: 1 payer → 10k in; outgoing transfers not in data; P(forwards) = 0.44; seed money in 5k,truncated_unknown,,4,False
100000008762885100,peripheral,0.4,3,0.21158277810162512,depth-4 sink: 1 payer → 7k in; outgoing transfers not in data; P(forwards) = 0.37; seed money in 0,truncated_unknown,,4,False
100000002986245100,peripheral,0.4,10,0.11944518596403297,depth-4 sink: 1 payer → 6k in; outgoing transfers not in data; P(forwards) = 0.30; seed money in 0,truncated_unknown,,4,False
100000001471706100,peripheral,0.4,20,0.32639724990057584,"depth-4 sink: 1 payer → 377k in; P(forwards) = 0.90, request hop 5; seed money in 474",truncated_likely_forwarding,,4,False
100000002304943100,peripheral,0.4,16,0.287308574448264,depth-4 sink: 1 payer → 15k in; outgoing transfers not in data; P(forwards) = 0.37; seed money in 241,truncated_unknown,,4,False
100000002695812100,terminal,0.7559708054999204,5,0.3370887517228981,"depth-4 sink: 1 payer → 95k in; P(forwards) = 0.24, likely end recipient; seed money in 293",terminal_inferred,,4,False
100000008761220100,peripheral,0.4,3,0.22697309282675138,depth-4 sink: 1 payer → 10k in; outgoing transfers not in data; P(forwards) = 0.32; seed money in 9,truncated_unknown,,4,False
100000004890713100,terminal,0.7389281167199546,5,0.30576333237087117,"depth-4 sink: 1 payer → 40k in; P(forwards) = 0.26, likely end recipient; seed money in 125",terminal_inferred,,4,False
100000003083865100,terminal,0.7181454722695213,5,0.28070299688924966,"depth-4 sink: 1 payer → 15k in; P(forwards) = 0.28, likely end recipient; seed money in 46",terminal_inferred,,4,False
100000004030553100,peripheral,0.4,13,0.17474136099413265,depth-4 sink: 1 payer → 70k in; outgoing transfers not in data; P(forwards) = 0.42; seed money in 81,truncated_unknown,,4,False
100000002653187100,peripheral,0.4,12,0.34451151413457404,depth-4 sink: 1 payer → 15k in; outgoing transfers not in data; P(forwards) = 0.38; seed money in 845,truncated_unknown,,4,False
100000006412162100,peripheral,0.4,10,0.12230533294834849,depth-4 sink: 1 payer → 15k in; outgoing transfers not in data; P(forwards) = 0.38; seed money in 1,truncated_unknown,,4,False
100000004674178100,peripheral,0.4,23,0.22547492059687185,depth-4 sink: 1 payer → 20k in; outgoing transfers not in data; P(forwards) = 0.43; seed money in 18,truncated_unknown,,4,False
100000004070530100,peripheral,0.4,7,0.20627107655932492,depth-4 sink: 1 payer → 20k in; outgoing transfers not in data; P(forwards) = 0.42; seed money in 3,truncated_unknown,,4,False
100000006706519100,peripheral,0.4,1,0.2498542687012754,"depth-4 sink: 1 payer → 36k in; P(forwards) = 0.61, request hop 5; seed money in 62",truncated_likely_forwarding,,4,False
100000005636951100,peripheral,0.4,5,0.3560202008095578,depth-4 sink: 1 payer → 40k in; outgoing transfers not in data; P(forwards) = 0.39; seed money in 28k,truncated_unknown,,4,False
100000003040087100,terminal,0.732056173055049,5,0.2959344145596917,"depth-4 sink: 1 payer → 29k in; P(forwards) = 0.27, likely end recipient; seed money in 89",terminal_inferred,,4,False
100000008766764100,terminal,0.7010867735796525,3,0.2570046361620641,"depth-4 sink: 1 payer → 5k in; P(forwards) = 0.30, likely end recipient; seed money in 4",terminal_inferred,,4,False
100000000299820100,peripheral,0.4,1,0.28063489815152787,depth-4 sink: 1 payer → 10k in; outgoing transfers not in data; P(forwards) = 0.42; seed money in 200,truncated_unknown,,4,False
100000008349740100,peripheral,0.4,7,0.20776924878920447,depth-4 sink: 1 payer → 70k in; outgoing transfers not in data; P(forwards) = 0.54; seed money in 4,truncated_unknown,,4,False
100000008761132100,peripheral,0.4,3,0.22697309282675138,depth-4 sink: 1 payer → 10k in; outgoing transfers not in data; P(forwards) = 0.32; seed money in 9,truncated_unknown,,4,False
100000002540033100,peripheral,0.4,3,0.38060384512712675,depth-4 sink: 1 payer → 10k in; outgoing transfers not in data; P(forwards) = 0.44; seed money in 3k,truncated_unknown,,4,False
100000001845505100,peripheral,0.4,1,0.3732491814531726,depth-4 sink: 1 payer → 20k in; outgoing transfers not in data; P(forwards) = 0.42; seed money in 5k,truncated_unknown,,4,False
100000003782913100,peripheral,0.4,15,0.23378296659893114,depth-4 sink: 1 payer → 200k in; outgoing transfers not in data; P(forwards) = 0.35; seed money in 27,truncated_unknown,,4,False
100000008778753100,peripheral,0.4,23,0.21444292508594062,depth-4 sink: 1 payer → 10k in; outgoing transfers not in data; P(forwards) = 0.45; seed money in 9,truncated_unknown,,4,False
100000008710913100,peripheral,0.4,3,0.21920983672646646,depth-4 sink: 1 payer → 14k in; outgoing transfers not in data; P(forwards) = 0.32; seed money in 2,truncated_unknown,,4,False
100000005495211100,peripheral,0.4,1,0.35758647177715913,depth-4 sink: 1 payer → 14k in; outgoing transfers not in data; P(forwards) = 0.39; seed money in 2k,truncated_unknown,,4,False
100000004013952100,peripheral,0.4,11,0.30882777556835206,depth-4 sink: 1 payer → 6k in; outgoing transfers not in data; P(forwards) = 0.41; seed money in 431,truncated_unknown,,4,False
100000007330432100,peripheral,0.4,2,0.3212217458337193,depth-4 sink: 1 payer → 585k in; outgoing transfers not in data; P(forwards) = 0.35; seed money in 643,truncated_unknown,,4,False
100000000737152100,peripheral,0.4,14,0.3100535528473444,depth-4 sink: 1 payer → 35k in; outgoing transfers not in data; P(forwards) = 0.34; seed money in 442,truncated_unknown,,4,False
100000004674389100,peripheral,0.4,4,0.34001699744493535,depth-4 sink: 1 payer → 15k in; outgoing transfers not in data; P(forwards) = 0.35; seed money in 723,truncated_unknown,,4,False
100000002529877100,terminal,0.7216045261790561,3,0.2547573778172448,"depth-4 sink: 1 payer → 232k in; P(forwards) = 0.28, likely end recipient; seed money in 1",terminal_inferred,,4,False
100000004035925100,peripheral,0.4,2,0.26973910011604024,depth-4 sink: 1 payer → 1.11M in; outgoing transfers not in data; P(forwards) = 0.43; seed money in 141,truncated_unknown,,4,False
100000002188586100,terminal,0.737798632768502,5,0.3041516622447886,"depth-4 sink: 1 payer → 38k in; P(forwards) = 0.26, likely end recipient; seed money in 118",terminal_inferred,,4,False
100000008050986100,peripheral,0.4,7,0.24971807122583178,depth-4 sink: 1 payer → 95k in; outgoing transfers not in data; P(forwards) = 0.38; seed money in 62,truncated_unknown,,4,False
100000004777215100,peripheral,0.4,16,0.3571778793508284,depth-4 sink: 1 payer → 60k in; outgoing transfers not in data; P(forwards) = 0.40; seed money in 2k,truncated_unknown,,4,False
100000000926078100,peripheral,0.4,1,0.35881224905615156,depth-4 sink: 1 payer → 250k in; outgoing transfers not in data; P(forwards) = 0.35; seed money in 3k,truncated_unknown,,4,False
100000003486846100,peripheral,0.4,2,0.2611586591630938,depth-4 sink: 1 payer → 27k in; outgoing transfers not in data; P(forwards) = 0.55; seed money in 104,truncated_unknown,,4,False
100000002516862100,peripheral,0.4,4,0.24631313433974192,"depth-4 sink: 1 payer → 82k in; P(forwards) = 0.73, request hop 5; seed money in 53",truncated_likely_forwarding,,4,False
100000008730238100,peripheral,0.4,3,0.27001149506692745,depth-4 sink: 1 payer → 113k in; outgoing transfers not in data; P(forwards) = 0.34; seed money in 90,truncated_unknown,,4,False
100000000803368100,peripheral,0.4,15,0.32108554835827563,depth-4 sink: 1 payer → 140k in; outgoing transfers not in data; P(forwards) = 0.31; seed money in 642,truncated_unknown,,4,False
100000002528978100,terminal,0.719392519032914,5,0.282269267856851,"depth-4 sink: 1 payer → 16k in; P(forwards) = 0.28, likely end recipient; seed money in 49",terminal_inferred,,4,False
100000002597074100,peripheral,0.4,1,0.2524420207347037,depth-4 sink: 1 payer → 8k in; outgoing transfers not in data; P(forwards) = 0.35; seed money in 74,truncated_unknown,,4,False
100000003631015100,peripheral,0.4,1,0.20450050937855818,depth-4 sink: 1 payer → 266k in; outgoing transfers not in data; P(forwards) = 0.31; seed money in 1,truncated_unknown,,4,False
100000008255655100,peripheral,0.4,14,0.2576175248015603,depth-4 sink: 1 payer → 5k in; outgoing transfers not in data; P(forwards) = 0.42; seed money in 93,truncated_unknown,,4,False
100000004265639100,peripheral,0.4,1,0.35023180810320503,depth-4 sink: 1 payer → 10k in; outgoing transfers not in data; P(forwards) = 0.44; seed money in 2k,truncated_unknown,,4,False
100000002726055100,peripheral,0.4,16,0.2883981542518128,depth-4 sink: 1 payer → 10k in; outgoing transfers not in data; P(forwards) = 0.44; seed money in 247,truncated_unknown,,4,False
100000003696422100,peripheral,0.4,30,0.3669840975827673,depth-4 sink: 1 payer → 118k in; outgoing transfers not in data; P(forwards) = 0.50; seed money in 4k,truncated_unknown,,4,False
100000007745062100,peripheral,0.4,2,0.41369983165992036,depth-4 sink: 1 payer → 100k in; outgoing transfers not in data; P(forwards) = 0.47; seed money in 9k,truncated_unknown,,4,False
100000005041147100,peripheral,0.4,1,0.3062400235349238,depth-4 sink: 1 payer → 10k in; outgoing transfers not in data; P(forwards) = 0.45; seed money in 402,truncated_unknown,,4,False
100000003819173100,terminal,0.7271751339607103,8,0.25573345972459055,"depth-4 sink: 1 payer → 144k in; P(forwards) = 0.27, likely end recipient; seed money in 11",terminal_inferred,,4,False
100000001275557100,peripheral,0.4,27,0.35009561062776146,depth-4 sink: 1 payer → 20k in; outgoing transfers not in data; P(forwards) = 0.44; seed money in 2k,truncated_unknown,,4,False
100000002706810100,terminal,0.7393490088213249,10,0.16579772677333657,"depth-4 sink: 1 payer → 45k in; P(forwards) = 0.26, likely end recipient; seed money in 2",terminal_inferred,,4,False
100000002896506100,peripheral,0.4,13,0.26469979352462725,depth-4 sink: 1 payer → 45k in; outgoing transfers not in data; P(forwards) = 0.34; seed money in 119,truncated_unknown,,4,False
100000008766031100,peripheral,0.4,3,0.21580489984037657,depth-4 sink: 1 payer → 5k in; outgoing transfers not in data; P(forwards) = 0.34; seed money in 1,truncated_unknown,,4,False
100000008758607100,terminal,0.7010867735796525,3,0.2570046361620641,"depth-4 sink: 1 payer → 5k in; P(forwards) = 0.30, likely end recipient; seed money in 4",terminal_inferred,,4,False
100000008648783100,peripheral,0.4,10,0.11876419858681501,depth-4 sink: 1 payer → 5k in; outgoing transfers not in data; P(forwards) = 0.31; seed money in 0,truncated_unknown,,4,False
100000004291663100,peripheral,0.4,4,0.2094036184945276,depth-4 sink: 1 payer → 25k in; outgoing transfers not in data; P(forwards) = 0.32; seed money in 5,truncated_unknown,,4,False
100000003037476100,peripheral,0.19999999999999996,3,0.2641323040436123,depth-4 sink: 3 payers → 555k in; outgoing transfers not in data; P(forwards) = 0.55; seed money in 340,truncated_unknown,,4,False
100000008715513100,terminal,0.7326544800637202,10,0.16441305243966,"depth-4 sink: 1 payer → 32k in; P(forwards) = 0.27, likely end recipient; seed money in 2",terminal_inferred,,4,False
100000001276409100,terminal,0.7559213936862328,5,0.3365893609796049,"depth-4 sink: 1 payer → 95k in; P(forwards) = 0.24, likely end recipient; seed money in 292",terminal_inferred,,4,False
100000003232675100,peripheral,0.4,4,0.2691943102142659,depth-4 sink: 1 payer → 44k in; outgoing transfers not in data; P(forwards) = 0.46; seed money in 138,truncated_unknown,,4,False
100000007988344100,peripheral,0.4,1,0.2597966844086579,"depth-4 sink: 1 payer → 20k in; P(forwards) = 0.60, request hop 5; seed money in 98",truncated_likely_forwarding,,4,False
100000003047800100,peripheral,0.4,10,0.13197535370484373,depth-4 sink: 1 payer → 12k in; outgoing transfers not in data; P(forwards) = 0.40; seed money in 8,truncated_unknown,,4,False
100000003230328100,peripheral,0.19999999999999996,4,0.19630596127270186,"depth-4 sink: 3 payers → 27k in; P(forwards) = 0.81, request hop 5; seed money in 53",truncated_likely_forwarding,,4,False
100000002702968100,terminal,0.7338355789072813,5,0.2992712527080599,"depth-4 sink: 1 payer → 32k in; P(forwards) = 0.27, likely end recipient; seed money in 97",terminal_inferred,,4,False
100000004788983100,peripheral,0.4,1,0.2886705492027,depth-4 sink: 1 payer → 27k in; outgoing transfers not in data; P(forwards) = 0.32; seed money in 249,truncated_unknown,,4,False
100000006490615100,peripheral,0.4,4,0.26796853293527356,"depth-4 sink: 1 payer → 42k in; P(forwards) = 0.72, request hop 5; seed money in 131; flags near_threshold",truncated_likely_forwarding,,4,False
100000008745676100,peripheral,0.4,6,0.13538029059093362,depth-4 sink: 1 payer → 35k in; outgoing transfers not in data; P(forwards) = 0.41; seed money in 9,truncated_unknown,,4,False
100000001598625100,peripheral,0.4,1,0.3483250434469947,depth-4 sink: 1 payer → 25k in; outgoing transfers not in data; P(forwards) = 0.35; seed money in 2k,truncated_unknown,,4,False
100000008461217100,peripheral,0.4,8,0.31230081119216374,depth-4 sink: 1 payer → 18k in; outgoing transfers not in data; P(forwards) = 0.44; seed money in 217,truncated_unknown,,4,False
100000005711521100,peripheral,0.4,4,0.2810434905778587,depth-4 sink: 1 payer → 238k in; outgoing transfers not in data; P(forwards) = 0.40; seed money in 200,truncated_unknown,,4,False
100000002713974100,peripheral,0.4,13,0.2459045419134111,depth-4 sink: 1 payer → 50k in; outgoing transfers not in data; P(forwards) = 0.43; seed money in 52,truncated_unknown,,4,False
100000005272139100,peripheral,0.4,2,0.4032126260507636,depth-4 sink: 1 payer → 165k in; outgoing transfers not in data; P(forwards) = 0.41; seed money in 12k,truncated_unknown,,4,False
100000002968096100,peripheral,0.4,8,0.2354173363042543,depth-4 sink: 1 payer → 70k in; outgoing transfers not in data; P(forwards) = 0.37; seed money in 30,truncated_unknown,,4,False
100000004449824100,terminal,0.7052005071097449,10,0.1560596072791195,"depth-4 sink: 1 payer → 9k in; P(forwards) = 0.29, likely end recipient; seed money in 0",terminal_inferred,,4,False
100000004502048100,peripheral,0.4,11,0.2704200874932583,depth-4 sink: 1 payer → 14k in; outgoing transfers not in data; P(forwards) = 0.35; seed money in 143,truncated_unknown,,4,False
100000002660298100,terminal,0.7333720639376877,5,0.29820437248375165,"depth-4 sink: 1 payer → 31k in; P(forwards) = 0.27, likely end recipient; seed money in 95",terminal_inferred,,4,False
100000001299828100,peripheral,0.4,11,0.3492784257750998,depth-4 sink: 1 payer → 100k in; outgoing transfers not in data; P(forwards) = 0.39; seed money in 2k,truncated_unknown,,4,False
100000000581662100,peripheral,0.4,10,0.1391257211656325,depth-4 sink: 1 payer → 21k in; outgoing transfers not in data; P(forwards) = 0.36; seed money in 11,truncated_unknown,,4,False
100000001249054100,terminal,0.7212846555504763,5,0.2847435219940763,"depth-4 sink: 1 payer → 17k in; P(forwards) = 0.28, likely end recipient; seed money in 54",terminal_inferred,,4,False
100000008759795100,terminal,0.7190028781726501,10,0.16005473322546496,"depth-4 sink: 1 payer → 17k in; P(forwards) = 0.28, likely end recipient; seed money in 1",terminal_inferred,,4,False
100000001299443100,terminal,0.7026015451701318,10,0.1554467186396233,"depth-4 sink: 1 payer → 8k in; P(forwards) = 0.30, likely end recipient; seed money in 0",terminal_inferred,,4,False
100000007997939100,peripheral,0.4,3,0.3251714726215835,depth-4 sink: 1 payer → 13k in; outgoing transfers not in data; P(forwards) = 0.33; seed money in 362,truncated_unknown,,4,False
100000003470579100,peripheral,0.4,24,0.3390636151168302,depth-4 sink: 1 payer → 357k in; outgoing transfers not in data; P(forwards) = 0.45; seed money in 1k,truncated_unknown,,4,False
100000008649416100,peripheral,0.4,1,0.2584347096542219,depth-4 sink: 1 payer → 5k in; outgoing transfers not in data; P(forwards) = 0.42; seed money in 95,truncated_unknown,,4,False
100000008183752100,peripheral,0.4,3,0.22029941653001522,depth-4 sink: 1 payer → 140k in; outgoing transfers not in data; P(forwards) = 0.46; seed money in 4,truncated_unknown,,4,False
100000003950749100,peripheral,0.4,2,0.3362034681325147,depth-4 sink: 1 payer → 7k in; outgoing transfers not in data; P(forwards) = 0.37; seed money in 1k,truncated_unknown,,4,False
100000005979037100,peripheral,0.4,1,0.26238443644208614,depth-4 sink: 1 payer → 60k in; outgoing transfers not in data; P(forwards) = 0.37; seed money in 110,truncated_unknown,,4,False
100000008734279100,peripheral,0.4,13,0.22234237866166914,depth-4 sink: 1 payer → 32k in; outgoing transfers not in data; P(forwards) = 0.39; seed money in 15,truncated_unknown,,4,False
100000005589319100,peripheral,0.4,4,0.2102208033471892,depth-4 sink: 1 payer → 26k in; outgoing transfers not in data; P(forwards) = 0.34; seed money in 6,truncated_unknown,,4,False
100000003626268100,peripheral,0.4,1,0.2762765789373329,depth-4 sink: 1 payer → 5k in; outgoing transfers not in data; P(forwards) = 0.42; seed money in 178,truncated_unknown,,4,False
100000001220124100,peripheral,0.4,1,0.3276230271795682,depth-4 sink: 1 payer → 40k in; outgoing transfers not in data; P(forwards) = 0.42; seed money in 737,truncated_unknown,,4,False
100000003904497100,peripheral,0.4,3,0.3140032796352087,depth-4 sink: 1 payer → 10k in; outgoing transfers not in data; P(forwards) = 0.38; seed money in 279,truncated_unknown,,4,False
100000001270470100,peripheral,0.4,1,0.2693305076897095,depth-4 sink: 1 payer → 28k in; outgoing transfers not in data; P(forwards) = 0.50; seed money in 138,truncated_unknown,,4,False
100000003091142100,peripheral,0.4,1,0.3039246664523827,depth-4 sink: 1 payer → 40k in; outgoing transfers not in data; P(forwards) = 0.35; seed money in 368,truncated_unknown,,4,False
100000001053894100,peripheral,0.4,7,0.2892153391044744,"depth-4 sink: 1 payer → 2.00M in; P(forwards) = 0.76, request hop 5; seed money in 255; flags round_amounts",truncated_likely_forwarding,,4,False
100000004722630100,peripheral,0.4,1,0.3475078585943331,depth-4 sink: 1 payer → 340k in; outgoing transfers not in data; P(forwards) = 0.51; seed money in 2k,truncated_unknown,,4,False
100000004655046100,peripheral,0.4,5,0.35826745915437713,depth-4 sink: 1 payer → 24k in; outgoing transfers not in data; P(forwards) = 0.38; seed money in 1k,truncated_unknown,,4,False
100000004019056100,peripheral,0.4,4,0.3120965149789984,depth-4 sink: 1 payer → 50k in; outgoing transfers not in data; P(forwards) = 0.42; seed money in 470,truncated_unknown,,4,False
100000008071749100,terminal,0.7289148213320602,5,0.2920754860887899,"depth-4 sink: 1 payer → 25k in; P(forwards) = 0.27, likely end recipient; seed money in 77",terminal_inferred,,4,False
100000008221765100,peripheral,0.4,7,0.3193149811775089,depth-4 sink: 1 payer → 156k in; outgoing transfers not in data; P(forwards) = 0.33; seed money in 601,truncated_unknown,,4,False
100000008778010100,peripheral,0.4,6,0.1299323915731898,depth-4 sink: 1 payer → 77k in; outgoing transfers not in data; P(forwards) = 0.56; seed money in 6,truncated_unknown,,4,False
100000004584730100,peripheral,0.4,34,0.24495115958530594,depth-4 sink: 1 payer → 47k in; outgoing transfers not in data; P(forwards) = 0.36; seed money in 49,truncated_unknown,,4,False
100000004797167100,peripheral,0.4,13,0.25073955229165873,depth-4 sink: 1 payer → 31k in; outgoing transfers not in data; P(forwards) = 0.37; seed money in 831,truncated_unknown,,4,False
100000005010159100,peripheral,0.4,13,0.34464771161001767,depth-4 sink: 1 payer → 7k in; outgoing transfers not in data; P(forwards) = 0.40; seed money in 1k,truncated_unknown,,4,False
100000003025903100,peripheral,0.4,13,0.3367482580342891,"depth-4 sink: 1 payer → 386k in; P(forwards) = 0.76, request hop 5; seed money in 1k; flags round_amounts",truncated_likely_forwarding,,4,False
100000003005167100,peripheral,0.4,10,0.12012617334125097,depth-4 sink: 1 payer → 7k in; outgoing transfers not in data; P(forwards) = 0.30; seed money in 0,truncated_unknown,,4,False
100000002214383100,peripheral,0.4,6,0.13987480728057225,depth-4 sink: 1 payer → 213k in; outgoing transfers not in data; P(forwards) = 0.40; seed money in 12,truncated_unknown,,4,False
100000004800452100,peripheral,0.4,13,0.34873363587332545,depth-4 sink: 1 payer → 7k in; outgoing transfers not in data; P(forwards) = 0.41; seed money in 2k,truncated_unknown,,4,False
100000006903193100,peripheral,0.4,1,0.27940912087253555,depth-4 sink: 1 payer → 9k in; outgoing transfers not in data; P(forwards) = 0.34; seed money in 192,truncated_unknown,,4,False
100000007811950100,peripheral,0.4,23,0.305831431108593,depth-4 sink: 1 payer → 50k in; outgoing transfers not in data; P(forwards) = 0.47; seed money in 396,truncated_unknown,,4,False
100000000375150100,peripheral,0.4,8,0.4837734327756501,depth-4 sink: 1 payer → 300k in; outgoing transfers not in data; P(forwards) = 0.43; seed money in 48k,truncated_unknown,,4,False
100000008775747100,terminal,0.7010867735796525,3,0.2570046361620641,"depth-4 sink: 1 payer → 5k in; P(forwards) = 0.30, likely end recipient; seed money in 4",terminal_inferred,,4,False
100000006689603100,peripheral,0.4,8,0.23582592873058508,depth-4 sink: 1 payer → 400k in; outgoing transfers not in data; P(forwards) = 0.43; seed money in 31,truncated_unknown,,4,False
100000005075949100,peripheral,0.4,4,0.3876861138501937,"depth-4 sink: 1 payer → 2.23M in; P(forwards) = 0.72, request hop 5; seed money in 8k",truncated_likely_forwarding,,4,False
100000003985389100,peripheral,0.4,8,0.277229961265438,"depth-4 sink: 1 payer → 423k in; P(forwards) = 0.97, request hop 5; seed money in 183; flags near_threshold",truncated_likely_forwarding,,4,False
100000002478829100,peripheral,0.4,16,0.34451151413457404,depth-4 sink: 1 payer → 34k in; outgoing transfers not in data; P(forwards) = 0.37; seed money in 1k,truncated_unknown,,4,False
100000003125997100,peripheral,0.4,3,0.32707823727779384,depth-4 sink: 1 payer → 88k in; outgoing transfers not in data; P(forwards) = 0.35; seed money in 486,truncated_unknown,,4,False
100000003214786100,peripheral,0.4,1,0.3374292454115071,depth-4 sink: 1 payer → 5k in; outgoing transfers not in data; P(forwards) = 0.39; seed money in 1k,truncated_unknown,,4,False
100000008308418100,peripheral,0.4,1,0.25571076014534994,depth-4 sink: 1 payer → 50k in; outgoing transfers not in data; P(forwards) = 0.38; seed money in 86,truncated_unknown,,4,False
100000008619159100,peripheral,0.4,2,0.24767510909417786,depth-4 sink: 1 payer → 446k in; outgoing transfers not in data; P(forwards) = 0.44; seed money in 57,truncated_unknown,,4,False
100000004418967100,peripheral,0.4,3,0.2956166204503234,depth-4 sink: 1 payer → 100k in; outgoing transfers not in data; P(forwards) = 0.35; seed money in 211,truncated_unknown,,4,False
100000003173783100,peripheral,0.4,26,0.3081467881911341,depth-4 sink: 1 payer → 24k in; outgoing transfers not in data; P(forwards) = 0.42; seed money in 420,truncated_unknown,,4,False
100000002242455100,peripheral,0.4,7,0.2769575663145508,depth-4 sink: 1 payer → 110k in; outgoing transfers not in data; P(forwards) = 0.39; seed money in 182,truncated_unknown,,4,False
100000004848236100,peripheral,0.4,1,0.2517610333574857,depth-4 sink: 1 payer → 8k in; outgoing transfers not in data; P(forwards) = 0.35; seed money in 69,truncated_unknown,,4,False
100000004674412100,peripheral,0.4,4,0.36780128243542876,depth-4 sink: 1 payer → 46k in; outgoing transfers not in data; P(forwards) = 0.32; seed money in 2k,truncated_unknown,,4,False
100000007071852100,peripheral,0.4,1,0.3092363679946829,depth-4 sink: 1 payer → 195k in; outgoing transfers not in data; P(forwards) = 0.36; seed money in 433,truncated_unknown,,4,False
100000001498732100,peripheral,0.4,3,0.19918880783625798,depth-4 sink: 1 payer → 6k in; outgoing transfers not in data; P(forwards) = 0.42; seed money in 0,truncated_unknown,,4,False
100000000627521100,peripheral,0.4,7,0.20300233714867863,depth-4 sink: 1 payer → 6k in; outgoing transfers not in data; P(forwards) = 0.40; seed money in 1,truncated_unknown,,4,False
100000003105089100,peripheral,0.4,16,0.2743698142811225,depth-4 sink: 1 payer → 10k in; outgoing transfers not in data; P(forwards) = 0.43; seed money in 161,truncated_unknown,,4,False
100000003166017100,terminal,0.7181454722695213,5,0.28070299688924966,"depth-4 sink: 1 payer → 15k in; P(forwards) = 0.28, likely end recipient; seed money in 46",terminal_inferred,,4,False
100000002506987100,terminal,0.7314748125528885,5,0.29489023391462416,"depth-4 sink: 1 payer → 28k in; P(forwards) = 0.27, likely end recipient; seed money in 87",terminal_inferred,,4,False
100000005767403100,peripheral,0.4,21,0.40688995788774057,depth-4 sink: 1 payer → 1.10M in; outgoing transfers not in data; P(forwards) = 0.47; seed money in 13k,truncated_unknown,,4,False
100000005553088100,peripheral,0.4,13,0.21212756800339952,depth-4 sink: 1 payer → 18k in; outgoing transfers not in data; P(forwards) = 0.40; seed money in 8,truncated_unknown,,4,False
100000003632533100,peripheral,0.4,1,0.32666964485146305,depth-4 sink: 1 payer → 10k in; outgoing transfers not in data; P(forwards) = 0.39; seed money in 721,truncated_unknown,,4,False
100000008762005100,peripheral,0.4,3,0.21131038315073794,depth-4 sink: 1 payer → 5k in; outgoing transfers not in data; P(forwards) = 0.38; seed money in 0,truncated_unknown,,4,False
100000002214207100,peripheral,0.4,18,0.3177487102099076,depth-4 sink: 1 payer → 97k in; outgoing transfers not in data; P(forwards) = 0.38; seed money in 10k,truncated_unknown,,4,False
100000003180820100,terminal,0.7632725688578766,3,0.31182412002811116,"depth-4 sink: 1 payer → 101k in; P(forwards) = 0.24, likely end recipient; seed money in 89",terminal_inferred,,4,False
100000003786516100,peripheral,0.4,4,0.21158277810162512,depth-4 sink: 1 payer → 5k in; outgoing transfers not in data; P(forwards) = 0.36; seed money in 7,truncated_unknown,,4,False
100000005226217100,peripheral,0.4,3,0.33579487570618394,depth-4 sink: 1 payer → 18k in; outgoing transfers not in data; P(forwards) = 0.32; seed money in 488,truncated_unknown,,4,False
100000001533161100,peripheral,0.4,34,0.2615672515894246,depth-4 sink: 1 payer → 100k in; outgoing transfers not in data; P(forwards) = 0.39; seed money in 105,truncated_unknown,,4,False
100000007034089100,peripheral,0.30000000000000004,3,0.20736065636287368,depth-4 sink: 2 payers → 198k in; outgoing transfers not in data; P(forwards) = 0.34; seed money in 37,truncated_unknown,,4,False
100000008336318100,peripheral,0.4,3,0.21634968974215094,depth-4 sink: 1 payer → 170k in; outgoing transfers not in data; P(forwards) = 0.33; seed money in 1,truncated_unknown,,4,False
100000005370558100,peripheral,0.4,4,0.2039557194767838,depth-4 sink: 1 payer → 5k in; outgoing transfers not in data; P(forwards) = 0.41; seed money in 1,truncated_unknown,,4,False
100000002729875100,terminal,0.7515858805660985,5,0.32673774358918484,"depth-4 sink: 1 payer → 76k in; P(forwards) = 0.25, likely end recipient; seed money in 234",terminal_inferred,,4,False
100000006512787100,peripheral,0.4,1,0.23351057164804395,depth-4 sink: 1 payer → 20k in; outgoing transfers not in data; P(forwards) = 0.53; seed money in 27,truncated_unknown,,4,False
100000003186579100,peripheral,0.4,1,0.3389274176413867,depth-4 sink: 1 payer → 110k in; outgoing transfers not in data; P(forwards) = 0.55; seed money in 1k,truncated_unknown,,4,False
100000004472936100,peripheral,0.4,4,0.2668789531317248,depth-4 sink: 1 payer → 5k in; outgoing transfers not in data; P(forwards) = 0.42; seed money in 126,truncated_unknown,,4,False
100000002231144100,peripheral,0.4,16,0.30419706140326985,depth-4 sink: 1 payer → 15k in; outgoing transfers not in data; P(forwards) = 0.38; seed money in 371,truncated_unknown,,4,False
100000002505277100,peripheral,0.4,1,0.21648588721759457,depth-4 sink: 1 payer → 60k in; outgoing transfers not in data; P(forwards) = 0.45; seed money in 10,truncated_unknown,,4,False
100000003177533100,peripheral,0.4,13,0.2490370838486138,depth-4 sink: 1 payer → 20k in; outgoing transfers not in data; P(forwards) = 0.51; seed money in 61,truncated_unknown,,4,False
100000005888829100,terminal,0.7758151334887896,3,0.33177705018059783,"depth-4 sink: 1 payer → 197k in; P(forwards) = 0.22, likely end recipient; seed money in 173",terminal_inferred,,4,False
100000002242066100,peripheral,0.4,14,0.2325571893199388,depth-4 sink: 1 payer → 60k in; outgoing transfers not in data; P(forwards) = 0.48; seed money in 26,truncated_unknown,,4,False
100000008027922100,peripheral,0.4,27,0.3819658198815627,depth-4 sink: 1 payer → 70k in; outgoing transfers not in data; P(forwards) = 0.41; seed money in 6k,truncated_unknown,,4,False
100000002686226100,peripheral,0.4,1,0.35595210207183603,depth-4 sink: 1 payer → 430k in; outgoing transfers not in data; P(forwards) = 0.47; seed money in 2k,truncated_unknown,,4,False
100000001065234100,peripheral,0.4,2,0.30950876294557006,depth-4 sink: 1 payer → 360k in; outgoing transfers not in data; P(forwards) = 0.37; seed money in 435,truncated_unknown,,4,False
100000000424935100,peripheral,0.4,21,0.24454256715897518,depth-4 sink: 1 payer → 15k in; outgoing transfers not in data; P(forwards) = 0.38; seed money in 48,truncated_unknown,,4,False
100000005723580100,peripheral,0.4,3,0.26592557080361956,depth-4 sink: 1 payer → 35k in; outgoing transfers not in data; P(forwards) = 0.33; seed money in 74,truncated_unknown,,4,False
100000000704700100,peripheral,0.4,22,0.1703830417799376,depth-4 sink: 1 payer → 10k in; outgoing transfers not in data; P(forwards) = 0.45; seed money in 65,truncated_unknown,,4,False
100000005293969100,peripheral,0.4,1,0.20913122354364042,depth-4 sink: 1 payer → 5k in; outgoing transfers not in data; P(forwards) = 0.43; seed money in 5,truncated_unknown,,4,False
100000002512742100,peripheral,0.4,10,0.11971758091492017,depth-4 sink: 1 payer → 6k in; outgoing transfers not in data; P(forwards) = 0.30; seed money in 0,truncated_unknown,,4,False
100000001816678100,peripheral,0.4,4,0.22765408020396935,depth-4 sink: 1 payer → 60k in; outgoing transfers not in data; P(forwards) = 0.40; seed money in 19,truncated_unknown,,4,False
100000004586598100,peripheral,0.4,8,0.2487646888977266,"depth-4 sink: 1 payer → 761k in; P(forwards) = 0.70, request hop 5; seed money in 61",truncated_likely_forwarding,,4,False
100000005782886100,peripheral,0.4,3,0.32707823727779384,depth-4 sink: 1 payer → 14k in; outgoing transfers not in data; P(forwards) = 0.33; seed money in 390,truncated_unknown,,4,False
100000002622822100,peripheral,0.4,3,0.28444842746394855,depth-4 sink: 1 payer → 750k in; outgoing transfers not in data; P(forwards) = 0.34; seed money in 113,truncated_unknown,,4,False
100000003718715100,peripheral,0.4,8,0.2916668936624591,"depth-4 sink: 1 payer → 915k in; P(forwards) = 0.67, request hop 5; seed money in 266",truncated_likely_forwarding,,4,False
100000006491963100,peripheral,0.4,10,0.12244153042379209,depth-4 sink: 1 payer → 16k in; outgoing transfers not in data; P(forwards) = 0.45; seed money in 1; flags near_threshold,truncated_unknown,,4,False
100000004526651100,terminal,0.7412099921692772,3,0.2887613475196624,"depth-4 sink: 1 payer → 33k in; P(forwards) = 0.26, likely end recipient; seed money in 29",terminal_inferred,,4,False
100000008331280100,peripheral,0.4,24,0.2661979657545068,depth-4 sink: 1 payer → 41k in; outgoing transfers not in data; P(forwards) = 0.50; seed money in 125,truncated_unknown,,4,False
100000004177936100,peripheral,0.4,1,0.2833588476603998,depth-4 sink: 1 payer → 10k in; outgoing transfers not in data; P(forwards) = 0.42; seed money in 219,truncated_unknown,,4,False
100000002922000100,peripheral,0.4,34,0.31236890992988553,depth-4 sink: 1 payer → 448k in; outgoing transfers not in data; P(forwards) = 0.31; seed money in 471,truncated_unknown,,4,False
100000002404112100,peripheral,0.4,24,0.29629760782754133,depth-4 sink: 1 payer → 60k in; outgoing transfers not in data; P(forwards) = 0.36; seed money in 299,truncated_unknown,,4,False
100000000634341100,peripheral,0.4,11,0.35785886672804634,depth-4 sink: 1 payer → 24k in; outgoing transfers not in data; P(forwards) = 0.50; seed money in 2k,truncated_unknown,,4,False
100000001822650100,terminal,0.7252453335799234,3,0.2771391629484756,"depth-4 sink: 1 payer → 112k in; P(forwards) = 0.27, likely end recipient; seed money in 18",terminal_inferred,,4,False
100000004791226100,peripheral,0.4,1,0.2856742047429409,depth-4 sink: 1 payer → 20k in; outgoing transfers not in data; P(forwards) = 0.42; seed money in 235,truncated_unknown,,4,False
100000007841978100,terminal,0.7093787192280719,7,0.3657810198830155,"depth-4 sink: 1 payer → 449k in; P(forwards) = 0.29, likely end recipient; seed money in 808",terminal_inferred,,4,False
100000006866831100,peripheral,0.4,14,0.3093725654701265,depth-4 sink: 1 payer → 16k in; outgoing transfers not in data; P(forwards) = 0.34; seed money in 434,truncated_unknown,,4,False
100000002999140100,peripheral,0.4,12,0.22166139128445117,depth-4 sink: 1 payer → 10k in; outgoing transfers not in data; P(forwards) = 0.48; seed money in 14,truncated_unknown,,4,False
100000002884708100,peripheral,0.4,3,0.2736888269039045,depth-4 sink: 1 payer → 1.17M in; outgoing transfers not in data; P(forwards) = 0.52; seed money in 100,truncated_unknown,,4,False
100000001130553100,peripheral,0.4,1,0.3431495393801381,depth-4 sink: 1 payer → 18k in; outgoing transfers not in data; P(forwards) = 0.43; seed money in 1k,truncated_unknown,,4,False
100000006351075100,peripheral,0.4,1,0.19850782045904,depth-4 sink: 1 payer → 40k in; outgoing transfers not in data; P(forwards) = 0.45; seed money in 0,truncated_unknown,,4,False
100000005616568100,terminal,0.7062592781514403,7,0.33761084204543185,"depth-4 sink: 1 payer → 530k in; P(forwards) = 0.29, likely end recipient; seed money in 347",terminal_inferred,,4,False
100000006381453100,peripheral,0.4,3,0.2967062002538722,depth-4 sink: 1 payer → 45k in; outgoing transfers not in data; P(forwards) = 0.36; seed money in 220,truncated_unknown,,4,False
100000004616845100,peripheral,0.4,15,0.2038195220013402,depth-4 sink: 1 payer → 20k in; outgoing transfers not in data; P(forwards) = 0.55; seed money in 1,truncated_unknown,,4,False
100000004908173100,peripheral,0.4,3,0.25598315509623715,depth-4 sink: 1 payer → 21k in; outgoing transfers not in data; P(forwards) = 0.35; seed money in 44,truncated_unknown,,4,False
100000004433250100,peripheral,0.4,1,0.20518149675577615,depth-4 sink: 1 payer → 8k in; outgoing transfers not in data; P(forwards) = 0.44; seed money in 2,truncated_unknown,,4,False
100000003664994100,peripheral,0.4,7,0.328031619605899,depth-4 sink: 1 payer → 338k in; outgoing transfers not in data; P(forwards) = 0.46; seed money in 744,truncated_unknown,,4,False
100000004673335100,peripheral,0.4,26,0.34546489646267914,depth-4 sink: 1 payer → 80k in; outgoing transfers not in data; P(forwards) = 0.32; seed money in 1k,truncated_unknown,,4,False
100000002487222100,peripheral,0.4,7,0.24849229394683942,depth-4 sink: 1 payer → 90k in; outgoing transfers not in data; P(forwards) = 0.46; seed money in 59,truncated_unknown,,4,False
100000000018102100,peripheral,0.4,14,0.2776385536917688,depth-4 sink: 1 payer → 7k in; outgoing transfers not in data; P(forwards) = 0.37; seed money in 184,truncated_unknown,,4,False
100000008638859100,peripheral,0.4,11,0.39163584063805795,depth-4 sink: 1 payer → 34k in; outgoing transfers not in data; P(forwards) = 0.32; seed money in 4k,truncated_unknown,,4,False
100000001131403100,peripheral,0.4,15,0.25394019296458326,"depth-4 sink: 1 payer → 1.57M in; P(forwards) = 0.60, request hop 5; seed money in 79",truncated_likely_forwarding,,4,False
100000001733216100,peripheral,0.4,1,0.21648588721759457,depth-4 sink: 1 payer → 60k in; outgoing transfers not in data; P(forwards) = 0.54; seed money in 10,truncated_unknown,,4,False
100000004400480100,peripheral,0.4,10,0.18080214865137262,depth-4 sink: 1 payer → 22k in; outgoing transfers not in data; P(forwards) = 0.35; seed money in 95,truncated_unknown,,4,False
100000007539296100,peripheral,0.4,4,0.2625206339175297,depth-4 sink: 1 payer → 46k in; outgoing transfers not in data; P(forwards) = 0.51; seed money in 110,truncated_unknown,,4,False
100000008757301100,peripheral,0.4,11,0.277910948642656,depth-4 sink: 1 payer → 58k in; outgoing transfers not in data; P(forwards) = 0.60; seed money in 185,truncated_unknown,,4,False
100000002752565100,peripheral,0.4,1,0.3184977963248473,depth-4 sink: 1 payer → 57k in; outgoing transfers not in data; P(forwards) = 0.35; seed money in 585,truncated_unknown,,4,False
100000002734815100,peripheral,0.4,3,0.21417053013505344,depth-4 sink: 1 payer → 110k in; outgoing transfers not in data; P(forwards) = 0.34; seed money in 1,truncated_unknown,,4,False
100000008333492100,peripheral,0.4,3,0.24549594948708034,depth-4 sink: 1 payer → 216k in; outgoing transfers not in data; P(forwards) = 0.35; seed money in 16,truncated_unknown,,4,False
100000006527156100,peripheral,0.4,4,0.2757317890355585,depth-4 sink: 1 payer → 48k in; outgoing transfers not in data; P(forwards) = 0.39; seed money in 169,truncated_unknown,,4,False
100000003448713100,terminal,0.7399631652005605,8,0.2696256022198373,"depth-4 sink: 1 payer → 267k in; P(forwards) = 0.26, likely end recipient; seed money in 21",terminal_inferred,,4,False
100000004780083100,peripheral,0.4,4,0.21062939577351997,depth-4 sink: 1 payer → 10k in; outgoing transfers not in data; P(forwards) = 0.43; seed money in 6,truncated_unknown,,4,False
100000004798515100,peripheral,0.4,12,0.2941184482204438,depth-4 sink: 1 payer → 200k in; outgoing transfers not in data; P(forwards) = 0.44; seed money in 286,truncated_unknown,,4,False
100000004232712100,peripheral,0.4,7,0.23923086561667495,depth-4 sink: 1 payer → 12k in; outgoing transfers not in data; P(forwards) = 0.40; seed money in 35,truncated_unknown,,4,False
100000005209352100,peripheral,0.4,1,0.3374292454115071,depth-4 sink: 1 payer → 5k in; outgoing transfers not in data; P(forwards) = 0.39; seed money in 1k,truncated_unknown,,4,False
100000000561160100,peripheral,0.4,4,0.3167272291440806,depth-4 sink: 1 payer → 240k in; outgoing transfers not in data; P(forwards) = 0.37; seed money in 535,truncated_unknown,,4,False
100000003568904100,peripheral,0.4,4,0.2651083859509581,depth-4 sink: 1 payer → 49k in; outgoing transfers not in data; P(forwards) = 0.44; seed money in 120,truncated_unknown,,4,False
100000000470237100,peripheral,0.4,21,0.3872775214238629,depth-4 sink: 1 payer → 32k in; outgoing transfers not in data; P(forwards) = 0.35; seed money in 8k,truncated_unknown,,4,False
100000008560263100,peripheral,0.4,7,0.25067145355393694,depth-4 sink: 1 payer → 100k in; outgoing transfers not in data; P(forwards) = 0.33; seed money in 65,truncated_unknown,,4,False
100000000542087100,peripheral,0.4,7,0.20082317754158113,depth-4 sink: 1 payer → 9k in; outgoing transfers not in data; P(forwards) = 0.39; seed money in 0,truncated_unknown,,4,False
100000004403548100,peripheral,0.4,1,0.2603414743104322,depth-4 sink: 1 payer → 5k in; outgoing transfers not in data; P(forwards) = 0.40; seed money in 100,truncated_unknown,,4,False
100000003010908100,peripheral,0.4,5,0.2551659702435756,depth-4 sink: 1 payer → 17k in; outgoing transfers not in data; P(forwards) = 0.34; seed money in 82,truncated_unknown,,4,False
100000006756956100,peripheral,0.4,4,0.2960252128766541,"depth-4 sink: 1 payer → 121k in; P(forwards) = 0.74, request hop 5; seed money in 298; flags near_threshold",truncated_likely_forwarding,,4,False
100000007357489100,terminal,0.7122236777419231,3,0.2988172611232478,"depth-4 sink: 2 payers → 164k in; P(forwards) = 0.29, likely end recipient; seed money in 62",terminal_inferred,,4,False
100000002599729100,peripheral,0.4,1,0.24535975201163676,depth-4 sink: 1 payer → 65k in; outgoing transfers not in data; P(forwards) = 0.51; seed money in 50,truncated_unknown,,4,False
100000005849862100,peripheral,0.4,4,0.33456909842719157,depth-4 sink: 1 payer → 13k in; outgoing transfers not in data; P(forwards) = 0.50; seed money in 991,truncated_unknown,,4,False
100000008762843100,peripheral,0.4,3,0.21158277810162512,depth-4 sink: 1 payer → 7k in; outgoing transfers not in data; P(forwards) = 0.37; seed money in 0,truncated_unknown,,4,False
100000002723674100,peripheral,0.4,16,0.3135946872088779,depth-4 sink: 1 payer → 30k in; outgoing transfers not in data; P(forwards) = 0.40; seed money in 483,truncated_unknown,,4,False
100000008758106100,peripheral,0.4,3,0.22697309282675138,depth-4 sink: 1 payer → 10k in; outgoing transfers not in data; P(forwards) = 0.32; seed money in 9,truncated_unknown,,4,False
100000001286703100,peripheral,0.4,7,0.2064072740347685,depth-4 sink: 1 payer → 20k in; outgoing transfers not in data; P(forwards) = 0.37; seed money in 3,truncated_unknown,,4,False
